timestamp,rainfall_1h_mm,rainfall_3h_mm,rainfall_6h_mm,rainfall_24h_mm,soil_saturation_index,slope_degrees,elevation_m,aspect,historical_incident_density,land_cover_class,distance_to_nearest_stream_m,antecedent_moisture_condition,risk_score,risk_level,is_synthetic
2021-06-15 00:30:00,0.08,0.23,0.36,1.2,0.6033,37.32,358.2,165.9,0.725,forest,641.4,normal,0.1349,low,True
2021-06-15 02:00:00,5.58,13.9,19.08,45.95,0.7222,44.69,1616.8,52.4,0.283,agriculture,60.9,normal,0.3784,medium,True
2021-06-15 05:30:00,4.01,9.28,21.06,34.69,0.9716,22.14,1104.1,201.4,0.296,agriculture,346.5,wet,0.3128,medium,True
2021-06-15 07:30:00,40.16,68.49,113.37,133.7,0.8448,29.33,1528.6,113.6,0.057,agriculture,28.8,normal,0.6291,high,True
2021-06-15 07:45:00,2.3,5.13,7.88,11.35,0.4933,49.43,1413.0,222.6,0.366,forest,456.3,normal,0.1575,low,True
2021-06-15 10:45:00,114.12,163.55,187.8,212.99,0.814,33.38,1475.9,192.4,0.671,forest,476.2,normal,0.725,high,True
2021-06-15 12:30:00,0.19,0.86,1.42,4.52,0.1491,65.0,2051.0,338.4,1.829,agriculture,157.8,dry,0.1739,low,True
2021-06-15 14:00:00,0.12,0.29,0.93,2.76,0.146,50.69,1000.4,156.6,0.626,agriculture,550.6,dry,0.1011,low,True
2021-06-15 15:00:00,4.59,8.3,14.73,31.33,0.6054,65.0,502.2,239.2,0.631,forest,380.2,normal,0.1816,low,True
2021-06-15 15:15:00,0.02,0.03,0.06,0.12,0.7806,28.41,2097.8,213.4,0.926,agriculture,255.4,wet,0.2194,low,True
2021-06-15 18:00:00,2.38,7.02,12.73,21.63,0.5638,53.21,1988.1,246.4,0.428,forest,222.6,normal,0.2046,low,True
2021-06-15 18:30:00,0.39,0.97,2.83,4.15,0.1948,41.74,1922.9,96.1,0.02,forest,50.4,dry,0.2049,low,True
2021-06-15 22:45:00,0.06,0.27,0.52,1.32,0.5114,33.43,1068.7,92.6,1.324,barren,275.1,normal,0.15,low,True
2021-06-16 02:30:00,4.99,10.23,21.0,39.27,0.3578,37.13,1966.5,201.5,0.309,forest,69.4,dry,0.1839,low,True
2021-06-16 05:15:00,22.87,48.0,68.86,115.19,0.8476,25.05,831.9,305.7,2.507,agriculture,383.5,normal,0.4798,medium,True
2021-06-16 06:15:00,0.27,0.7,1.51,3.84,0.3001,16.29,1419.2,259.2,0.313,forest,326.1,dry,0.105,low,True
2021-06-16 08:00:00,4.83,13.14,19.83,38.2,0.9631,24.45,2510.3,176.0,0.662,forest,130.1,wet,0.3457,medium,True
2021-06-16 08:15:00,2.74,6.62,13.73,23.06,0.3004,35.06,1958.6,91.8,0.37,forest,109.3,dry,0.1737,low,True
2021-06-16 15:00:00,0.13,0.48,1.23,1.83,0.2274,34.4,1556.2,273.4,0.159,urban,236.2,dry,0.1167,low,True
2021-06-16 16:45:00,1.13,4.08,5.96,11.9,0.6069,51.22,1513.6,333.4,1.602,agriculture,261.5,normal,0.2383,low,True
2021-06-16 20:30:00,0.13,0.43,0.8,1.44,0.1838,40.89,939.0,76.7,0.592,urban,569.7,dry,0.0591,low,True
2021-06-16 21:30:00,8.7,21.34,30.88,48.21,0.7009,45.23,2572.1,287.7,0.359,agriculture,136.8,normal,0.2484,low,True
2021-06-16 21:30:00,0.03,0.05,0.08,0.17,0.8354,24.59,2206.5,62.1,0.093,agriculture,190.8,wet,0.2262,low,True
2021-06-16 21:45:00,18.29,53.44,115.43,137.34,0.5877,24.65,2078.8,324.3,4.213,forest,157.2,dry,0.3347,medium,True
2021-06-16 22:00:00,4.47,9.77,15.92,30.33,0.6181,22.72,1544.3,231.1,1.353,forest,185.4,normal,0.1945,low,True
2021-06-16 22:30:00,0.65,2.96,4.94,7.45,0.8508,18.45,1381.4,65.2,0.33,forest,303.0,wet,0.1945,low,True
2021-06-16 23:45:00,0.12,0.48,0.89,1.7,0.5694,29.36,1144.4,13.1,0.113,forest,295.3,normal,0.135,low,True
2021-06-16 23:45:00,19.63,31.03,65.12,100.01,0.99,28.01,2458.7,250.1,0.018,agriculture,166.9,wet,0.5164,medium,True
2021-06-17 00:45:00,0.06,0.12,0.27,0.5,0.2611,39.09,512.2,218.2,0.099,forest,332.8,dry,0.1504,low,True
2021-06-17 04:30:00,0.04,0.11,0.27,0.45,0.2222,56.86,1940.0,220.1,0.459,forest,345.0,dry,0.1101,low,True
2021-06-17 07:45:00,3.58,9.73,14.29,19.26,0.2772,16.5,654.4,173.6,1.015,forest,272.0,dry,0.1141,low,True
2021-06-17 08:45:00,0.2,0.44,1.42,3.15,0.5026,27.55,1478.4,221.2,0.271,forest,220.7,normal,0.1646,low,True
2021-06-17 09:15:00,0.05,0.2,0.57,1.55,0.5014,27.59,1585.0,314.4,0.341,agriculture,38.4,normal,0.2089,low,True
2021-06-17 09:30:00,105.88,139.54,163.63,208.85,0.554,30.49,832.1,342.7,0.385,barren,282.8,dry,0.7475,critical,True
2021-06-17 12:30:00,0.36,1.63,2.62,6.91,0.5737,32.74,1087.2,124.0,0.011,forest,446.5,normal,0.0955,low,True
2021-06-17 14:30:00,0.27,1.22,3.07,8.93,0.2312,25.29,2037.3,175.6,0.117,forest,94.9,dry,0.1325,low,True
2021-06-17 15:15:00,0.11,0.29,0.88,1.59,0.7941,37.07,2487.2,98.3,0.417,forest,536.5,wet,0.1667,low,True
2021-06-17 17:00:00,0.29,0.89,1.29,3.08,0.2542,21.69,1787.5,148.2,0.197,urban,319.0,dry,0.0963,low,True
2021-06-17 17:30:00,3.08,8.54,17.4,29.65,0.2853,21.31,1187.6,286.5,0.445,forest,104.9,dry,0.161,low,True
2021-06-17 17:45:00,16.58,43.85,66.78,100.98,0.8718,44.26,1019.3,153.0,0.069,agriculture,72.3,normal,0.5234,high,True
2021-06-17 19:15:00,3.32,6.63,14.71,24.93,0.3275,49.49,1155.7,141.0,0.974,agriculture,108.5,dry,0.1999,low,True
2021-06-17 21:00:00,0.04,0.17,0.56,1.32,0.5021,23.1,1586.7,306.0,0.919,forest,508.2,normal,0.1394,low,True
2021-06-17 21:30:00,7.04,11.19,25.87,43.74,0.6761,23.9,1754.8,0.5,0.665,forest,110.9,normal,0.2991,medium,True
2021-06-17 22:15:00,3.96,6.92,15.55,24.49,0.9035,20.13,2336.7,306.8,0.455,forest,412.3,wet,0.1964,low,True
2021-06-17 23:15:00,0.19,0.36,0.64,2.11,0.5343,27.37,1556.1,65.3,0.296,barren,286.2,normal,0.1615,low,True
2021-06-18 02:45:00,0.01,0.02,0.03,0.05,0.5005,22.0,1202.4,98.8,0.689,agriculture,287.0,normal,0.1386,low,True
2021-06-18 05:15:00,0.12,0.32,0.96,2.47,0.8564,39.95,923.6,130.2,0.913,agriculture,680.1,wet,0.2146,low,True
2021-06-18 05:15:00,5.29,10.1,12.96,17.37,0.9268,19.94,1474.6,317.0,0.992,agriculture,737.0,wet,0.2146,low,True
2021-06-18 05:30:00,24.98,41.16,65.48,102.05,0.791,37.79,610.9,327.1,0.256,agriculture,279.4,normal,0.4538,medium,True
2021-06-18 06:00:00,20.62,45.24,71.06,126.24,0.7401,39.2,1237.4,238.0,0.129,agriculture,33.6,normal,0.6397,high,True
2021-06-18 07:30:00,73.5,103.49,115.52,167.81,0.8571,42.36,844.0,158.2,0.251,forest,71.5,normal,0.7799,critical,True
2021-06-18 07:45:00,19.72,32.12,52.27,72.83,0.8333,42.36,1444.4,185.8,0.005,forest,1049.3,normal,0.2198,low,True
2021-06-18 10:15:00,10.07,21.95,32.98,44.99,0.99,51.08,1873.6,208.9,0.33,forest,60.6,wet,0.4357,medium,True
2021-06-18 12:15:00,1.17,2.91,5.08,9.47,0.5465,36.44,1828.2,343.4,0.192,agriculture,641.4,normal,0.1663,low,True
2021-06-18 13:15:00,0.15,0.55,0.9,2.8,0.1743,43.22,2010.4,348.9,0.937,forest,282.1,dry,0.1354,low,True
2021-06-18 13:30:00,0.03,0.08,0.23,0.36,0.2117,16.31,1045.2,305.0,0.674,agriculture,52.4,dry,0.1281,low,True
2021-06-18 19:15:00,0.3,0.6,0.98,1.52,0.222,36.24,2450.6,210.1,0.016,forest,891.8,dry,0.0662,low,True
2021-06-18 19:45:00,0.06,0.15,0.34,0.84,0.178,38.39,1999.7,140.7,0.093,urban,931.4,dry,0.1019,low,True
2021-06-18 21:00:00,0.11,0.37,0.92,2.45,0.2262,43.22,1977.7,82.9,0.469,forest,344.4,dry,0.1462,low,True
2021-06-18 23:15:00,4.44,13.7,20.51,33.34,0.6105,38.27,2275.6,192.4,0.578,forest,182.4,normal,0.1822,low,True
2021-06-19 00:15:00,4.66,8.16,15.25,26.36,0.316,32.99,1705.9,124.4,0.879,urban,337.3,dry,0.2369,low,True
2021-06-19 02:00:00,1.63,3.57,6.11,13.27,0.5493,22.18,1530.6,26.2,2.071,forest,355.9,normal,0.1772,low,True
2021-06-19 02:30:00,4.5,9.34,19.79,37.04,0.4548,30.22,2409.0,171.4,0.726,urban,350.6,dry,0.1616,low,True
2021-06-19 04:15:00,0.03,0.07,0.13,0.24,0.2138,26.01,1098.6,205.6,0.472,forest,472.7,dry,0.0157,low,True
2021-06-19 05:15:00,0.69,1.27,2.38,6.25,0.5862,51.91,1473.1,220.1,0.321,forest,34.3,normal,0.2569,low,True
2021-06-19 05:30:00,3.08,5.51,8.03,16.15,0.882,21.61,2294.3,26.6,0.804,agriculture,47.9,wet,0.2924,medium,True
2021-06-19 06:45:00,0.06,0.23,0.37,0.9,0.4732,53.25,1474.8,173.9,1.638,urban,126.3,normal,0.2337,low,True
2021-06-19 11:30:00,12.67,32.5,58.47,97.57,0.8428,55.03,1247.5,236.1,0.33,forest,160.6,normal,0.3793,medium,True
2021-06-19 15:15:00,0.11,0.24,0.35,0.56,0.4579,39.0,1033.4,346.0,0.527,urban,365.7,normal,0.1979,low,True
2021-06-19 16:45:00,3.88,6.63,10.18,24.12,0.3113,25.4,1742.9,9.0,0.139,agriculture,76.0,dry,0.1735,low,True
2021-06-19 17:45:00,7.25,12.28,22.43,36.31,0.7476,26.15,1342.7,243.5,1.169,barren,282.6,normal,0.2657,low,True
2021-06-19 19:45:00,90.81,112.31,130.7,148.29,0.5823,32.2,1893.4,22.4,0.75,forest,81.7,dry,0.5953,high,True
2021-06-19 19:45:00,0.04,0.12,0.33,0.9,0.5362,24.25,2585.1,57.2,0.263,forest,163.7,normal,0.1611,low,True
2021-06-19 22:30:00,8.17,16.36,39.32,52.53,0.8024,31.56,2243.7,62.4,1.243,urban,969.4,normal,0.37,medium,True
2021-06-19 22:45:00,1.73,8.41,12.49,18.01,0.5855,26.8,300.0,118.4,2.121,urban,801.2,normal,0.1717,low,True
2021-06-19 23:00:00,0.37,0.77,1.21,3.22,0.215,23.89,2030.3,299.3,0.204,agriculture,1080.9,dry,0.0178,low,True
2021-06-20 01:45:00,0.51,1.99,3.41,6.82,0.8286,41.05,2072.5,308.2,0.124,forest,323.3,wet,0.2495,low,True
2021-06-20 02:15:00,76.43,118.6,138.97,158.31,0.5886,17.41,1421.1,135.0,1.07,forest,253.5,dry,0.4328,medium,True
2021-06-20 02:30:00,2.95,8.22,19.22,40.76,0.3939,56.02,2346.5,155.3,0.524,agriculture,671.5,dry,0.1477,low,True
2021-06-20 02:45:00,0.02,0.04,0.1,0.15,0.4492,33.91,1776.9,78.1,1.294,forest,39.1,normal,0.2423,low,True
2021-06-20 03:15:00,0.45,0.87,1.44,2.79,0.4875,57.51,433.9,155.7,0.256,forest,1353.1,normal,0.1248,low,True
2021-06-20 06:15:00,0.08,0.33,0.77,1.45,0.3252,43.34,1685.0,98.9,0.522,forest,227.2,dry,0.1188,low,True
2021-06-20 08:15:00,0.05,0.15,0.35,0.99,0.5538,16.82,1437.1,63.0,0.517,barren,404.2,normal,0.1708,low,True
2021-06-20 11:00:00,0.29,0.55,1.49,3.51,0.7892,22.87,1222.8,57.0,0.125,forest,466.3,wet,0.1589,low,True
2021-06-20 12:45:00,0.23,0.65,1.15,2.42,0.1167,26.56,1817.7,279.2,2.892,agriculture,356.9,dry,0.0308,low,True
2021-06-20 17:45:00,0.6,1.2,3.51,9.56,0.5737,24.84,1990.4,42.1,0.654,agriculture,787.4,normal,0.1476,low,True
2021-06-20 21:00:00,9.22,21.34,38.53,51.79,0.4953,64.64,2001.5,221.8,0.655,agriculture,129.0,dry,0.2762,low,True
2021-06-20 23:30:00,17.54,34.84,80.92,128.16,0.9166,32.64,2019.7,60.3,0.211,forest,276.0,normal,0.3995,medium,True
2021-06-21 00:30:00,0.91,3.93,5.96,9.57,0.2515,35.17,906.6,301.6,0.631,forest,206.9,dry,0.1162,low,True
2021-06-21 02:30:00,4.41,9.58,18.41,38.72,0.9808,15.43,963.1,98.8,1.074,agriculture,436.2,wet,0.3016,medium,True
2021-06-21 03:00:00,5.18,8.69,11.49,24.31,0.6672,54.43,1761.7,16.2,1.008,barren,186.0,normal,0.2462,low,True
2021-06-21 03:15:00,13.91,23.36,30.36,45.44,0.99,24.37,2246.9,162.7,1.513,agriculture,791.8,wet,0.3538,medium,True
2021-06-21 04:30:00,0.22,0.68,1.38,2.55,0.2556,16.8,1812.1,359.9,0.097,urban,246.0,dry,0.1423,low,True
2021-06-21 08:30:00,3.4,11.27,25.29,47.14,0.9738,31.94,336.5,292.7,0.121,barren,278.8,wet,0.4271,medium,True
2021-06-21 08:45:00,0.07,0.15,0.38,0.67,0.8677,31.32,1928.3,205.3,0.743,barren,248.0,wet,0.2393,low,True
2021-06-21 10:45:00,0.96,2.5,4.4,9.02,0.5565,26.94,665.5,68.2,0.989,forest,351.1,normal,0.1289,low,True
2021-06-21 13:30:00,33.83,52.36,82.21,113.43,0.99,35.9,2011.3,42.3,0.673,forest,260.0,wet,0.5895,high,True
2021-06-21 15:15:00,7.15,14.05,19.36,45.17,0.4017,33.39,1265.4,301.9,0.092,agriculture,979.9,dry,0.0875,low,True
2021-06-21 15:45:00,0.29,0.78,1.92,3.49,0.5807,30.74,1781.5,283.6,0.542,forest,59.2,normal,0.2408,low,True
2021-06-21 21:00:00,3.61,7.18,16.65,24.03,0.555,41.64,2862.2,166.4,0.828,agriculture,14.7,normal,0.2936,medium,True
2021-06-22 02:30:00,65.37,82.24,115.48,152.8,0.7592,56.65,1388.1,151.7,0.088,forest,268.2,normal,0.7097,high,True
2021-06-22 04:45:00,3.5,9.18,21.17,30.2,0.881,23.74,1147.2,269.5,0.034,agriculture,516.3,wet,0.2132,low,True
2021-06-22 04:45:00,7.69,18.23,37.03,53.19,0.522,23.77,1339.5,193.0,0.176,agriculture,375.6,dry,0.1768,low,True
2021-06-22 06:30:00,4.52,14.69,26.49,52.85,0.4428,39.1,698.5,145.5,0.057,agriculture,1161.4,dry,0.1414,low,True
2021-06-22 07:00:00,0.03,0.07,0.12,0.37,0.0774,27.48,997.6,90.6,0.096,urban,80.4,dry,0.1232,low,True
2021-06-22 08:15:00,28.35,47.02,69.89,115.87,0.99,37.63,2239.2,44.1,0.136,forest,424.4,wet,0.558,high,True
2021-06-22 09:15:00,0.25,0.59,1.28,3.3,0.8739,22.71,416.1,214.1,0.454,forest,602.2,wet,0.1941,low,True
2021-06-22 09:15:00,14.16,23.68,32.2,43.8,0.6591,62.47,1223.5,297.4,0.102,forest,860.9,normal,0.2313,low,True
2021-06-22 10:15:00,0.03,0.16,0.35,0.62,0.5122,28.64,1743.8,268.6,0.557,urban,273.2,normal,0.1456,low,True
2021-06-22 10:45:00,1.24,2.17,3.14,5.69,0.483,51.47,1354.3,250.7,0.206,agriculture,167.9,normal,0.1622,low,True
2021-06-22 14:30:00,0.04,0.12,0.29,0.67,0.6011,38.76,2409.8,334.4,0.223,agriculture,1098.2,normal,0.1331,low,True
2021-06-22 17:00:00,7.36,13.71,22.13,47.87,0.41,33.23,1499.9,142.0,2.054,forest,558.7,dry,0.1908,low,True
2021-06-22 17:45:00,0.9,2.08,4.18,9.43,0.4776,29.58,1396.6,49.4,0.981,agriculture,232.8,normal,0.1605,low,True
2021-06-22 20:15:00,2.53,5.06,8.01,13.26,0.5733,26.14,1689.5,36.7,0.331,forest,378.6,normal,0.1511,low,True
2021-06-22 20:45:00,0.01,0.04,0.07,0.11,0.4804,33.13,1763.0,343.8,0.356,barren,124.3,normal,0.1988,low,True
2021-06-22 22:30:00,0.5,0.88,1.68,2.62,0.1749,38.92,1600.0,212.0,0.073,barren,343.9,dry,0.1269,low,True
2021-06-22 23:30:00,8.06,15.2,20.5,40.23,0.99,27.13,1557.0,291.9,1.117,barren,281.8,wet,0.2867,medium,True
2021-06-23 01:45:00,0.16,0.33,1.07,2.78,0.8112,32.28,427.6,192.8,0.002,barren,24.0,wet,0.283,medium,True
2021-06-23 02:00:00,12.36,25.04,58.41,70.61,0.818,27.07,921.9,143.5,0.094,agriculture,712.8,normal,0.3093,medium,True
2021-06-23 02:45:00,0.63,1.2,3.0,8.8,0.5066,32.72,1946.2,72.1,0.458,barren,245.8,normal,0.2122,low,True
2021-06-23 04:00:00,5.41,13.84,21.15,30.53,0.6043,22.81,2204.7,308.3,0.125,forest,238.7,normal,0.201,low,True
2021-06-23 06:45:00,5.64,13.84,19.42,28.32,0.6389,19.22,2366.4,22.9,0.601,agriculture,126.6,normal,0.2145,low,True
2021-06-23 08:00:00,0.27,1.32,3.07,6.88,0.5228,42.21,733.8,324.1,0.002,forest,86.5,normal,0.2437,low,True
2021-06-23 08:30:00,3.75,10.9,14.35,25.96,0.9051,19.3,1097.6,73.8,0.062,forest,130.5,wet,0.2604,low,True
2021-06-23 09:15:00,0.33,0.98,1.91,3.29,0.5051,29.74,2497.8,3.4,0.868,forest,377.4,normal,0.1418,low,True
2021-06-23 09:45:00,0.07,0.17,0.28,0.65,0.4482,17.93,1371.4,37.4,0.516,agriculture,46.0,normal,0.1799,low,True
2021-06-23 10:30:00,3.24,8.2,12.05,21.72,0.6188,30.86,1970.6,318.1,0.012,forest,151.7,normal,0.2339,low,True
2021-06-23 14:30:00,0.06,0.11,0.29,0.45,0.4565,20.57,3600.0,26.5,0.138,barren,1357.8,normal,0.0653,low,True
2021-06-23 20:15:00,1.27,2.67,5.07,16.02,0.99,32.88,2229.9,127.9,0.164,forest,120.9,wet,0.2902,medium,True
2021-06-23 22:30:00,0.26,0.63,1.74,3.38,0.5066,16.73,1470.2,90.1,1.135,forest,1200.3,normal,0.119,low,True
2021-06-24 04:30:00,0.22,0.44,0.95,1.76,0.7948,42.64,1515.5,13.3,0.524,barren,48.8,wet,0.2305,low,True
2021-06-24 04:30:00,0.01,0.01,0.02,0.04,0.5365,45.29,1916.0,191.3,0.468,forest,562.9,normal,0.2232,low,True
2021-06-24 06:45:00,35.95,62.05,86.07,141.12,0.99,25.86,447.6,359.4,0.054,barren,212.8,wet,0.7062,high,True
2021-06-24 11:15:00,1.13,3.89,6.98,10.33,0.7708,65.0,1864.7,307.1,0.642,agriculture,85.8,wet,0.2577,low,True
2021-06-24 14:00:00,0.47,1.99,3.01,6.79,0.2735,40.55,1434.0,60.8,0.102,urban,552.0,dry,0.1039,low,True
2021-06-24 14:30:00,1.69,5.71,10.65,19.96,0.8547,23.87,1553.5,318.4,0.443,agriculture,12.5,wet,0.3009,medium,True
2021-06-24 15:30:00,5.7,15.79,21.8,32.16,0.6372,25.52,1663.5,162.6,0.539,forest,159.2,normal,0.2366,low,True
2021-06-24 15:45:00,0.05,0.25,0.7,1.94,0.7761,19.22,2539.4,98.4,1.107,forest,335.0,wet,0.1349,low,True
2021-06-24 20:45:00,6.41,16.36,26.15,46.29,0.7218,49.24,1753.9,230.5,0.985,forest,101.9,normal,0.2776,low,True
2021-06-24 21:00:00,92.18,127.62,164.09,211.4,0.6052,35.54,1740.8,78.0,0.127,urban,151.5,dry,0.7543,critical,True
2021-06-24 22:15:00,0.77,1.29,2.06,6.64,0.4873,44.56,2029.0,316.7,1.488,forest,43.6,normal,0.2971,medium,True
2021-06-24 23:15:00,0.05,0.11,0.31,1.03,0.4762,16.84,1643.7,224.7,0.002,forest,681.6,normal,0.1163,low,True
2021-06-25 00:15:00,8.96,13.86,31.87,49.86,0.99,22.33,1997.0,49.0,0.24,forest,202.0,wet,0.339,medium,True
2021-06-25 01:30:00,7.13,13.95,21.95,32.06,0.682,65.0,1532.0,205.4,0.041,barren,64.9,normal,0.2915,medium,True
2021-06-25 02:45:00,12.34,34.24,72.84,123.1,0.8646,27.75,2298.0,183.7,0.766,forest,87.7,normal,0.3754,medium,True
2021-06-25 03:00:00,0.09,0.31,0.95,1.97,0.5067,31.13,2367.0,169.7,0.416,urban,122.6,normal,0.228,low,True
2021-06-25 08:45:00,8.26,13.55,24.36,45.3,0.6851,39.77,2003.5,131.4,0.115,forest,101.2,normal,0.2349,low,True
2021-06-25 09:00:00,0.13,0.57,1.07,1.77,0.2137,22.14,300.0,170.7,0.053,forest,254.9,dry,0.1161,low,True
2021-06-25 09:30:00,0.01,0.02,0.04,0.08,0.2994,41.1,1705.2,211.0,0.154,forest,834.7,dry,0.1343,low,True
2021-06-25 09:45:00,45.56,85.85,105.13,164.72,0.8137,38.27,445.5,264.1,1.521,barren,81.1,normal,0.7238,high,True
2021-06-25 12:00:00,0.2,0.48,0.77,1.64,0.2662,31.99,1828.9,330.4,0.679,barren,221.4,dry,0.1214,low,True
2021-06-25 12:00:00,3.96,7.9,19.67,32.09,0.3722,27.62,2562.0,16.0,0.166,forest,391.7,dry,0.1408,low,True
2021-06-25 12:15:00,0.18,0.33,0.6,0.86,0.226,27.73,2285.5,205.0,1.345,forest,81.1,dry,0.1768,low,True
2021-06-25 12:30:00,0.18,0.58,1.25,1.94,0.7964,17.51,1438.8,270.7,0.088,barren,68.5,wet,0.239,low,True
2021-06-25 13:15:00,0.46,0.78,1.77,2.55,0.124,65.0,1503.9,41.6,0.7,forest,69.1,dry,0.2205,low,True
2021-06-25 13:30:00,32.65,53.55,77.43,93.21,0.5882,22.05,496.8,328.1,0.332,forest,757.9,dry,0.2909,medium,True
2021-06-25 13:30:00,4.1,7.83,13.15,18.42,0.2168,24.46,1608.0,88.2,0.187,forest,444.8,dry,0.1134,low,True
2021-06-25 14:30:00,0.26,0.58,1.29,4.15,0.529,19.98,1477.2,300.0,0.183,forest,153.5,normal,0.1567,low,True
2021-06-25 15:45:00,0.39,0.89,2.82,4.47,0.472,23.21,846.3,238.3,0.417,forest,825.0,normal,0.1098,low,True
2021-06-25 17:00:00,0.58,1.7,3.53,6.09,0.2919,34.39,1011.3,201.4,1.608,forest,1084.3,dry,0.0603,low,True
2021-06-25 18:00:00,18.17,50.04,62.77,97.65,0.8185,21.93,881.1,312.9,0.814,forest,187.8,normal,0.4192,medium,True
2021-06-25 19:30:00,0.97,4.29,8.45,15.0,0.5855,43.55,2888.7,348.9,0.651,barren,260.0,normal,0.1844,low,True
2021-06-25 20:15:00,0.2,0.54,1.15,2.27,0.4248,65.0,1671.6,359.0,1.25,forest,165.2,normal,0.2284,low,True
2021-06-25 21:00:00,21.5,34.15,73.05,137.79,0.7829,26.34,2052.4,246.0,0.507,barren,100.4,normal,0.6121,high,True
2021-06-26 01:00:00,0.24,1.14,2.34,3.78,0.4744,21.18,2149.6,122.1,0.128,forest,540.0,normal,0.1104,low,True
2021-06-26 01:30:00,8.54,14.23,18.76,45.25,0.4371,16.74,2567.2,314.9,2.268,agriculture,376.5,dry,0.1542,low,True
2021-06-26 02:00:00,0.04,0.1,0.15,0.33,0.5411,18.89,2548.3,235.6,0.459,forest,170.0,normal,0.1845,low,True
2021-06-26 02:00:00,0.18,0.33,0.47,1.05,0.788,22.1,2166.5,116.4,0.227,barren,15.1,wet,0.2321,low,True
2021-06-26 02:30:00,0.85,1.54,2.82,6.61,0.4625,41.55,687.1,335.7,0.904,forest,514.9,normal,0.1539,low,True
2021-06-26 04:00:00,0.42,1.92,3.52,6.45,0.5047,28.66,2171.7,269.2,0.374,urban,237.1,normal,0.2337,low,True
2021-06-26 04:15:00,6.87,12.25,19.01,46.05,0.99,43.17,1360.2,163.0,0.008,forest,36.6,wet,0.3905,medium,True
2021-06-26 05:15:00,2.61,5.71,11.57,18.54,0.6358,26.75,842.1,163.6,0.231,forest,56.5,normal,0.1886,low,True
2021-06-26 06:15:00,0.02,0.03,0.05,0.11,0.2338,41.55,1376.7,358.5,0.367,urban,356.5,dry,0.1198,low,True
2021-06-26 07:15:00,0.28,0.56,1.48,2.33,0.5053,28.74,1691.9,134.5,0.28,agriculture,286.6,normal,0.1489,low,True
2021-06-26 07:45:00,0.91,3.38,9.41,17.4,0.6394,35.91,300.0,33.9,0.481,forest,106.3,normal,0.1908,low,True
2021-06-26 08:30:00,0.18,0.73,2.4,5.02,0.8864,24.15,1840.4,193.9,0.122,urban,62.7,wet,0.2139,low,True
2021-06-26 09:45:00,0.43,0.77,1.49,2.21,0.5439,43.73,2282.1,318.5,0.51,forest,766.2,normal,0.2027,low,True
2021-06-26 14:00:00,0.23,0.52,1.05,1.62,0.1132,40.5,1652.0,210.4,2.584,forest,60.7,dry,0.1826,low,True
2021-06-26 15:00:00,0.33,1.28,2.22,4.15,0.4013,25.68,950.7,285.5,0.841,urban,41.3,normal,0.1786,low,True
2021-06-26 15:45:00,4.1,8.0,10.91,21.02,0.8691,33.12,1966.0,19.8,0.692,forest,348.6,wet,0.2589,low,True
2021-06-26 16:45:00,17.72,41.28,62.86,76.45,0.4842,23.8,1583.8,242.4,0.134,barren,111.9,dry,0.2672,low,True
2021-06-26 17:30:00,4.37,14.41,35.79,53.19,0.99,24.06,2644.9,28.5,0.523,forest,384.1,wet,0.2925,medium,True
2021-06-26 19:00:00,1.21,2.54,4.57,7.61,0.5472,18.14,300.0,200.3,1.028,barren,245.1,normal,0.1884,low,True
2021-06-27 01:00:00,8.21,14.6,18.86,28.92,0.9091,34.54,300.0,179.2,0.165,agriculture,93.1,wet,0.3306,medium,True
2021-06-27 04:00:00,3.59,7.71,12.79,24.49,0.6496,18.19,1540.6,340.4,0.054,urban,35.3,normal,0.2611,low,True
2021-06-27 05:00:00,0.45,1.72,2.63,4.09,0.4392,28.14,1323.5,47.7,0.65,agriculture,35.6,normal,0.2395,low,True
2021-06-27 07:15:00,0.19,0.55,0.89,1.49,0.5647,22.32,1761.6,3.4,0.672,forest,318.5,normal,0.1735,low,True
2021-06-27 08:45:00,0.02,0.08,0.22,0.56,0.8677,55.75,1850.2,49.4,0.979,agriculture,506.9,wet,0.1504,low,True
2021-06-27 10:00:00,2.62,6.32,10.33,20.16,0.5737,21.5,2511.7,61.5,0.596,forest,419.5,normal,0.1282,low,True
2021-06-27 11:30:00,0.3,1.07,1.68,2.75,0.5065,39.12,1455.4,90.3,1.131,barren,324.5,normal,0.1783,low,True
2021-06-27 12:15:00,0.19,0.57,1.71,3.42,0.1883,36.93,1869.9,293.4,0.186,barren,92.9,dry,0.1381,low,True
2021-06-27 17:00:00,0.2,0.54,0.94,2.16,0.2264,32.87,810.7,135.7,0.022,agriculture,702.6,dry,0.0627,low,True
2021-06-27 20:15:00,0.24,0.78,2.28,3.87,0.7963,33.77,3079.1,302.7,0.792,barren,356.9,wet,0.2478,low,True
2021-06-27 20:15:00,51.7,73.74,110.8,127.1,0.5569,20.42,2263.6,97.9,0.293,forest,424.7,dry,0.3755,medium,True
2021-06-27 20:45:00,5.64,11.07,19.2,30.76,0.9654,57.57,2129.5,309.8,0.141,agriculture,98.7,wet,0.425,medium,True
2021-06-27 22:15:00,0.35,0.63,0.93,2.27,0.4463,43.55,1115.7,2.9,0.032,forest,116.1,normal,0.1837,low,True
2021-06-27 22:30:00,0.18,0.37,0.54,1.01,0.8889,29.2,2417.4,336.4,0.845,agriculture,843.4,wet,0.0552,low,True
2021-06-27 23:00:00,3.02,6.44,13.14,27.57,0.3853,32.87,2208.0,268.6,1.05,forest,236.2,dry,0.1457,low,True
2021-06-27 23:30:00,4.88,10.26,14.18,23.65,0.3113,54.62,1983.7,148.6,0.296,barren,292.5,dry,0.1769,low,True
2021-06-28 04:15:00,0.34,0.58,0.92,1.7,0.16,62.18,1538.7,207.8,1.298,forest,51.1,dry,0.2349,low,True
2021-06-28 04:15:00,1.97,6.35,14.16,33.11,0.9773,46.61,969.1,335.9,0.322,agriculture,185.6,wet,0.3216,medium,True
2021-06-28 06:30:00,0.16,0.55,1.65,2.63,0.574,38.91,1566.1,209.7,1.816,forest,773.2,normal,0.1245,low,True
2021-06-28 08:45:00,0.42,1.01,2.54,7.58,0.146,24.7,1127.6,82.3,2.452,barren,816.4,dry,0.1015,low,True
2021-06-28 12:00:00,3.59,6.24,9.38,19.52,0.8613,36.14,1830.0,206.2,1.021,forest,468.5,wet,0.1895,low,True
2021-06-28 15:15:00,0.07,0.32,0.68,1.58,0.8105,19.99,939.5,313.7,0.178,agriculture,286.1,wet,0.148,low,True
2021-06-28 17:45:00,4.26,9.1,14.42,20.23,0.9759,24.11,1169.4,355.5,0.274,forest,944.9,wet,0.2283,low,True
2021-06-28 18:00:00,5.75,13.39,26.36,52.32,0.4633,39.69,349.9,210.3,0.456,barren,729.1,dry,0.1612,low,True
2021-06-28 22:15:00,0.04,0.09,0.18,0.31,0.4897,56.45,1919.2,56.0,0.239,forest,665.6,normal,0.1233,low,True
2021-06-28 23:15:00,0.56,1.89,3.37,7.35,0.5523,27.89,1859.7,277.8,1.025,barren,757.4,normal,0.1181,low,True
2021-06-28 23:15:00,3.98,11.35,19.5,26.99,0.6869,33.47,1296.3,358.9,1.575,forest,221.3,normal,0.2449,low,True
2021-06-28 23:30:00,6.65,14.85,20.4,37.27,0.3938,18.9,300.0,170.5,2.552,barren,270.9,dry,0.1779,low,True
2021-06-28 23:30:00,0.02,0.04,0.08,0.12,0.1653,20.48,587.4,138.1,0.246,forest,203.1,dry,0.1262,low,True
2021-06-29 00:30:00,0.39,0.67,1.38,2.69,0.8554,22.89,1660.3,198.9,0.189,forest,481.6,wet,0.1952,low,True
2021-06-29 01:15:00,1.48,3.53,5.3,14.66,0.3173,34.65,2200.3,59.3,0.105,agriculture,323.7,dry,0.082,low,True
2021-06-29 03:30:00,0.41,1.52,2.86,5.48,0.6081,45.97,1005.5,349.7,0.029,forest,35.3,normal,0.2541,low,True
2021-06-29 07:00:00,89.4,114.69,135.36,190.69,0.8633,29.73,2325.8,301.8,0.117,forest,61.4,normal,0.8381,critical,True
2021-06-29 08:30:00,0.85,1.62,4.36,8.71,0.5264,24.19,2607.7,40.7,0.201,urban,84.8,normal,0.1392,low,True
2021-06-29 08:30:00,2.88,8.29,14.59,28.87,0.6169,27.12,1872.8,340.2,0.298,urban,398.6,normal,0.2175,low,True
2021-06-29 10:00:00,7.86,12.48,18.03,26.15,0.5975,62.84,2225.9,339.4,0.07,barren,50.7,normal,0.3382,medium,True
2021-06-29 10:45:00,0.16,0.61,0.94,1.72,0.4486,24.84,924.4,113.9,1.03,forest,282.4,normal,0.1346,low,True
2021-06-29 10:45:00,1.53,4.34,10.01,17.68,0.9,44.94,531.4,222.9,0.579,forest,653.2,wet,0.1936,low,True
2021-06-29 15:15:00,2.4,4.11,9.36,15.75,0.6918,32.37,2716.6,39.9,0.496,agriculture,1041.5,normal,0.1785,low,True
2021-06-29 15:30:00,8.57,18.23,28.65,43.11,0.99,22.9,1005.9,30.3,0.473,forest,205.7,wet,0.3002,medium,True
2021-06-29 17:45:00,0.14,0.59,1.96,4.33,0.4577,27.67,2291.1,180.6,0.205,urban,276.8,normal,0.1532,low,True
2021-06-29 18:00:00,4.04,11.96,22.09,29.6,0.67,35.23,1851.7,17.9,1.664,forest,633.3,normal,0.2152,low,True
2021-06-29 20:15:00,0.32,1.29,2.37,4.64,0.5185,42.46,2656.2,315.0,0.158,urban,970.7,normal,0.18,low,True
2021-06-29 20:30:00,5.7,14.98,23.04,51.1,0.4408,26.96,2065.4,334.1,0.663,agriculture,182.9,dry,0.2167,low,True
2021-06-29 20:30:00,0.16,0.3,0.47,0.92,0.5188,16.45,896.4,24.2,0.175,barren,162.4,normal,0.13,low,True
2021-06-29 21:30:00,0.21,0.49,1.03,2.85,0.3004,20.3,1392.3,17.0,2.741,forest,219.8,dry,0.1446,low,True
2021-06-29 22:00:00,6.07,13.69,20.26,49.45,0.99,38.26,2020.7,79.7,1.456,urban,112.5,wet,0.4192,medium,True
2021-06-30 00:30:00,0.06,0.2,0.31,1.0,0.8445,26.96,1270.7,334.8,0.184,forest,697.3,wet,0.1592,low,True
2021-06-30 01:15:00,2.62,6.73,9.66,17.79,0.226,32.82,2227.7,276.8,2.628,agriculture,144.1,dry,0.2091,low,True
2021-06-30 05:45:00,29.09,45.13,62.9,109.19,0.5724,26.92,1657.7,243.5,0.59,barren,218.9,dry,0.384,medium,True
2021-06-30 07:00:00,0.55,1.86,4.78,6.92,0.5326,28.71,2239.7,279.5,0.782,forest,145.0,normal,0.1306,low,True
2021-06-30 07:15:00,6.92,20.53,34.11,53.03,0.99,21.96,2277.4,71.8,0.2,forest,54.3,wet,0.3981,medium,True
2021-06-30 07:45:00,9.64,20.28,34.94,60.87,0.7489,26.61,1786.3,92.4,0.146,agriculture,336.6,normal,0.2808,medium,True
2021-06-30 12:15:00,0.02,0.04,0.12,0.34,0.4332,17.95,1519.3,114.3,1.171,forest,320.0,normal,0.1535,low,True
2021-06-30 12:15:00,1.4,3.03,5.2,8.47,0.5773,34.19,1278.7,217.8,0.193,agriculture,132.3,normal,0.202,low,True
2021-06-30 13:45:00,0.39,1.33,2.18,3.32,0.266,55.47,912.6,219.0,1.497,forest,21.2,dry,0.2376,low,True
2021-06-30 20:00:00,0.12,0.33,0.49,1.39,0.5282,28.95,2631.9,75.1,0.274,forest,976.2,normal,0.1421,low,True
2021-06-30 22:00:00,0.15,0.69,1.79,3.9,0.3134,44.39,1647.9,157.2,0.006,agriculture,163.8,dry,0.0887,low,True
2021-06-30 23:45:00,0.58,1.33,1.99,3.31,0.4755,49.66,1451.5,248.4,0.538,agriculture,280.8,normal,0.1447,low,True
2021-07-01 00:00:00,4.19,6.94,12.24,24.68,0.3077,30.25,1460.1,111.5,0.262,forest,64.3,dry,0.2321,low,True
2021-07-01 00:45:00,0.08,0.34,0.73,1.1,0.4135,50.64,1568.4,27.2,2.237,urban,111.2,normal,0.2393,low,True
2021-07-01 01:15:00,0.4,1.67,2.69,3.94,0.7939,22.22,1306.1,71.1,0.293,barren,210.0,wet,0.2389,low,True
2021-07-01 03:30:00,0.13,0.37,1.04,2.28,0.4803,23.37,1257.1,59.3,0.227,agriculture,299.1,normal,0.1316,low,True
2021-07-01 04:00:00,0.05,0.2,0.52,0.99,0.5207,54.84,781.4,227.5,0.501,forest,683.5,normal,0.1702,low,True
2021-07-01 04:45:00,15.92,42.69,80.39,113.51,0.5796,30.23,1627.7,24.7,0.785,forest,130.1,dry,0.2716,low,True
2021-07-01 05:30:00,0.02,0.06,0.15,0.26,0.486,23.97,2383.7,318.5,2.038,barren,728.9,normal,0.0862,low,True
2021-07-01 06:00:00,0.09,0.15,0.25,0.5,0.2592,19.49,1166.5,30.4,0.043,agriculture,224.7,dry,0.1388,low,True
2021-07-01 07:30:00,0.32,0.79,1.51,4.36,0.5243,35.81,1931.2,215.2,0.326,forest,208.4,normal,0.1543,low,True
2021-07-01 07:30:00,0.25,0.59,1.31,2.64,0.3571,33.45,1945.0,334.6,0.654,agriculture,186.7,dry,0.1501,low,True
2021-07-01 08:00:00,0.7,1.18,3.78,7.44,0.2272,43.1,1841.0,22.5,0.003,forest,770.6,dry,0.0887,low,True
2021-07-01 09:00:00,0.97,2.01,6.43,17.29,0.3314,44.36,2724.7,137.9,0.403,forest,111.2,dry,0.1864,low,True
2021-07-01 10:30:00,11.53,19.95,46.65,61.6,0.7246,27.55,1961.1,118.1,0.986,agriculture,691.6,normal,0.2796,low,True
2021-07-01 11:00:00,0.58,1.81,2.73,6.09,0.615,33.29,1640.3,123.9,0.031,agriculture,42.7,normal,0.2291,low,True
2021-07-01 11:45:00,1.04,2.43,4.52,12.94,0.5505,45.42,1801.2,216.1,0.25,forest,1097.9,normal,0.0979,low,True
2021-07-01 12:45:00,0.14,0.4,0.63,1.53,0.2959,54.39,2107.7,94.4,0.307,agriculture,254.7,dry,0.1207,low,True
2021-07-01 12:45:00,0.46,0.95,2.02,4.05,0.5023,19.0,2644.0,9.8,0.756,urban,2396.0,normal,0.069,low,True
2021-07-01 18:30:00,0.12,0.2,0.6,1.0,0.4862,25.45,1456.4,346.4,0.21,agriculture,337.7,normal,0.1699,low,True
2021-07-01 19:45:00,0.08,0.15,0.37,0.97,0.5293,25.72,1707.7,269.6,0.17,agriculture,53.8,normal,0.1661,low,True
2021-07-01 22:15:00,5.39,9.69,12.68,20.78,0.9131,46.65,3436.6,48.6,0.074,forest,32.0,wet,0.2968,medium,True
2021-07-01 22:30:00,0.14,0.42,0.63,0.94,0.4247,39.52,1570.6,163.9,3.295,forest,85.2,normal,0.2408,low,True
2021-07-01 23:30:00,0.03,0.06,0.19,0.34,0.0982,31.05,1545.5,22.6,0.383,forest,201.3,dry,0.1016,low,True
2021-07-02 01:00:00,5.94,9.97,17.32,26.26,0.673,35.06,1096.3,10.0,0.03,agriculture,491.3,normal,0.187,low,True
2021-07-02 02:15:00,0.15,0.52,1.29,2.82,0.8359,15.08,1650.3,17.1,0.048,barren,10.3,wet,0.2485,low,True
2021-07-02 02:30:00,3.07,7.97,14.34,23.08,0.6468,27.35,1555.5,272.1,0.082,forest,114.1,normal,0.245,low,True
2021-07-02 05:00:00,3.64,8.87,11.98,29.56,0.99,33.01,1836.0,160.2,0.143,forest,320.0,wet,0.2159,low,True
2021-07-02 05:30:00,5.32,14.81,26.11,36.85,0.9477,24.61,1762.4,304.0,0.809,forest,133.8,wet,0.3079,medium,True
2021-07-02 07:00:00,0.81,1.4,3.69,6.03,0.5034,22.06,415.9,109.9,0.491,forest,164.5,normal,0.1777,low,True
2021-07-02 14:00:00,15.25,24.38,47.48,86.07,0.7821,30.07,815.8,279.1,0.899,urban,135.2,normal,0.4781,medium,True
2021-07-02 14:00:00,83.75,130.76,141.44,200.99,0.835,40.88,1503.2,28.1,0.012,agriculture,1081.5,normal,0.7565,critical,True
2021-07-02 14:45:00,3.29,9.43,12.95,22.43,0.6563,33.89,1344.9,228.6,0.185,forest,33.8,normal,0.2352,low,True
2021-07-02 14:45:00,8.51,14.35,23.27,42.74,0.6934,49.6,979.3,129.8,0.312,barren,843.2,normal,0.1813,low,True
2021-07-02 14:45:00,16.8,40.3,76.16,102.11,0.8504,31.15,495.9,99.6,0.336,barren,146.7,normal,0.523,high,True
2021-07-02 20:00:00,1.51,4.54,8.94,18.95,0.6195,15.18,2574.8,293.4,0.033,agriculture,109.1,normal,0.215,low,True
2021-07-03 00:45:00,6.54,10.51,20.98,51.25,0.4088,27.81,2564.3,18.7,0.43,forest,761.8,dry,0.0662,low,True
2021-07-03 01:00:00,1.47,4.09,5.88,8.67,0.8168,15.2,2054.3,341.8,0.203,forest,128.4,wet,0.2128,low,True
2021-07-03 01:15:00,0.69,1.67,2.97,5.52,0.569,35.98,1248.6,282.8,0.128,forest,1543.2,normal,0.1464,low,True
2021-07-03 03:00:00,0.11,0.33,0.81,1.51,0.7336,26.73,2481.6,128.0,0.667,barren,288.0,wet,0.1805,low,True
2021-07-03 04:45:00,85.45,122.73,150.04,193.78,0.8493,29.89,1168.6,356.9,0.053,agriculture,236.4,normal,0.8473,critical,True
2021-07-03 08:45:00,0.26,0.6,1.22,3.61,0.2521,47.74,1861.1,72.9,1.21,agriculture,1322.6,dry,0.0393,low,True
2021-07-03 09:45:00,0.01,0.02,0.04,0.07,0.2194,34.78,1125.9,144.9,1.381,forest,100.0,dry,0.1599,low,True
2021-07-03 14:45:00,24.66,51.25,75.06,135.11,0.99,25.26,1614.5,318.6,0.236,forest,848.8,wet,0.5198,medium,True
2021-07-03 15:00:00,0.7,1.46,2.21,4.61,0.2046,35.85,1892.0,358.9,2.601,forest,323.4,dry,0.1034,low,True
2021-07-03 17:00:00,0.06,0.27,0.75,2.41,0.7721,40.51,701.7,86.1,0.308,urban,502.2,wet,0.2597,low,True
2021-07-03 17:45:00,0.02,0.05,0.08,0.28,0.2292,25.07,1346.6,267.5,1.967,forest,315.3,dry,0.1341,low,True
2021-07-03 18:00:00,2.72,6.6,15.08,21.71,0.9279,37.94,1750.6,110.1,2.6,forest,347.4,wet,0.3139,medium,True
2021-07-03 19:00:00,0.04,0.21,0.38,1.08,0.8346,28.94,847.4,275.9,1.052,urban,68.9,wet,0.2781,low,True
2021-07-03 19:45:00,4.09,9.2,12.31,16.69,0.8177,25.31,1034.3,45.1,0.08,agriculture,67.6,wet,0.3411,medium,True
2021-07-03 20:15:00,0.75,2.29,4.56,8.18,0.1853,32.31,1750.7,121.0,0.527,barren,187.1,dry,0.1593,low,True
2021-07-03 21:30:00,0.39,0.67,1.04,2.15,0.4828,23.0,1279.2,27.0,0.79,forest,158.8,normal,0.1104,low,True
2021-07-03 22:15:00,19.86,60.01,103.2,132.17,0.5332,37.71,862.2,177.1,0.048,agriculture,445.8,dry,0.3696,medium,True
2021-07-04 00:15:00,5.52,9.72,19.91,31.08,0.3727,23.62,1617.8,252.5,1.345,forest,459.0,dry,0.1779,low,True
2021-07-04 00:45:00,0.98,2.9,4.4,6.61,0.4877,44.24,1861.0,136.3,1.146,barren,300.4,normal,0.1643,low,True
2021-07-04 03:15:00,1.25,2.15,4.2,7.28,0.532,33.63,2946.6,221.3,1.63,forest,190.0,normal,0.2514,low,True
2021-07-04 03:15:00,0.09,0.32,0.64,1.12,0.2448,44.64,1650.5,204.9,0.433,forest,405.3,dry,0.0917,low,True
2021-07-04 10:15:00,0.17,0.43,1.21,1.75,0.8037,27.62,1606.6,106.1,0.235,barren,416.9,wet,0.1272,low,True
2021-07-04 10:45:00,61.15,109.16,130.48,151.8,0.5987,26.79,1429.3,175.2,0.424,agriculture,589.6,dry,0.5741,high,True
2021-07-04 21:15:00,0.08,0.18,0.3,0.67,0.4968,39.33,2289.5,24.8,0.784,agriculture,594.5,normal,0.1381,low,True
2021-07-04 23:15:00,0.35,0.9,1.72,2.76,0.2458,27.74,1795.5,165.6,0.323,forest,35.2,dry,0.1506,low,True
2021-07-04 23:15:00,0.34,0.63,1.01,3.08,0.9264,29.38,2101.4,164.9,0.26,forest,174.0,wet,0.3088,medium,True
2021-07-05 02:15:00,0.97,2.51,8.07,15.45,0.3443,29.42,1733.5,10.3,0.048,agriculture,200.6,dry,0.1053,low,True
2021-07-05 03:15:00,0.06,0.21,0.44,0.86,0.715,13.31,2148.6,185.0,0.356,agriculture,666.9,wet,0.1971,low,True
2021-07-05 07:15:00,0.67,1.4,3.62,7.19,0.5808,16.97,1826.8,265.6,0.299,urban,253.9,normal,0.1306,low,True
2021-07-05 07:15:00,5.05,9.37,12.24,28.81,0.99,53.42,755.2,162.8,0.653,barren,244.9,wet,0.3056,medium,True
2021-07-05 09:15:00,11.19,35.53,61.98,114.04,0.6022,35.94,1427.1,232.6,0.347,agriculture,292.4,dry,0.2685,low,True
2021-07-05 12:15:00,0.84,1.55,3.21,6.15,0.47,41.61,1445.5,191.7,0.002,barren,57.6,normal,0.2139,low,True
2021-07-05 12:15:00,0.31,1.16,1.73,3.09,0.5387,33.71,1866.0,282.7,0.397,forest,301.6,normal,0.1246,low,True
2021-07-05 15:45:00,3.94,6.63,10.08,16.83,0.8506,34.29,1691.6,185.2,0.892,forest,290.7,wet,0.3005,medium,True
2021-07-05 16:15:00,0.32,0.63,1.61,4.77,0.5108,31.59,2398.2,119.4,1.744,forest,501.5,normal,0.2339,low,True
2021-07-05 16:30:00,1.67,3.47,7.17,15.65,0.9061,19.69,1838.8,297.9,0.129,forest,361.9,wet,0.2093,low,True
2021-07-05 17:00:00,1.24,2.43,6.8,14.93,0.2203,37.65,1882.9,24.3,0.329,barren,1095.6,dry,0.0814,low,True
2021-07-05 18:00:00,1.81,4.25,6.62,9.82,0.5689,33.91,991.5,104.2,1.128,agriculture,39.2,normal,0.2565,low,True
2021-07-05 18:30:00,0.23,0.76,1.1,2.24,0.4656,20.3,1690.1,212.9,0.026,agriculture,526.9,normal,0.1104,low,True
2021-07-05 18:45:00,0.29,0.53,1.51,3.31,0.1,38.7,1471.2,308.2,0.258,forest,497.3,dry,0.0527,low,True
2021-07-05 19:45:00,6.25,9.76,14.06,25.26,0.6829,51.32,361.1,26.0,0.537,agriculture,119.8,normal,0.2142,low,True
2021-07-05 21:30:00,0.41,0.79,2.55,4.06,0.7983,34.42,812.1,34.6,0.252,forest,429.7,wet,0.2253,low,True
2021-07-05 21:45:00,4.83,10.03,22.31,51.94,0.99,52.02,2033.8,101.7,0.403,agriculture,386.9,wet,0.3707,medium,True
2021-07-06 03:00:00,7.12,18.68,32.24,49.98,0.8835,19.56,1992.0,124.0,1.679,forest,134.2,normal,0.3018,medium,True
2021-07-06 03:00:00,0.12,0.28,0.6,0.98,0.8399,37.58,1246.4,303.7,0.015,barren,460.3,wet,0.2029,low,True
2021-07-06 07:00:00,6.59,17.11,23.95,36.06,0.7278,44.58,1264.9,345.2,0.049,forest,944.0,normal,0.1664,low,True
2021-07-06 07:30:00,0.01,0.05,0.08,0.24,0.5034,29.98,919.9,6.2,0.132,forest,137.5,normal,0.1492,low,True
2021-07-06 10:00:00,7.53,15.42,26.4,54.44,0.4238,20.11,2193.9,5.5,0.292,agriculture,1380.7,dry,0.1298,low,True
2021-07-06 10:15:00,21.52,43.56,55.63,70.18,0.8773,44.62,1114.4,311.3,0.382,barren,98.9,normal,0.5032,medium,True
2021-07-06 11:15:00,0.16,0.41,1.11,1.62,0.267,39.5,1257.8,48.8,0.022,agriculture,60.6,dry,0.2625,low,True
2021-07-06 13:15:00,50.19,96.83,124.55,180.71,0.5791,23.5,2209.4,122.2,1.285,barren,38.1,dry,0.7109,high,True
2021-07-06 15:00:00,11.75,32.0,79.95,96.56,0.9345,24.32,2197.3,99.1,0.853,urban,94.1,normal,0.5698,high,True
2021-07-06 16:00:00,10.23,19.22,26.93,36.06,0.9816,32.39,1492.2,101.5,0.187,urban,156.8,wet,0.4484,medium,True
2021-07-06 16:15:00,11.09,28.92,46.74,83.66,0.8893,65.0,1607.6,118.3,0.178,barren,472.4,normal,0.368,medium,True
2021-07-06 20:15:00,0.14,0.26,0.83,1.46,0.8578,24.51,1882.6,121.0,0.016,barren,36.2,wet,0.164,low,True
2021-07-06 23:00:00,3.87,8.55,11.95,27.18,0.9444,37.45,1354.2,223.3,0.306,forest,257.7,wet,0.2527,low,True
2021-07-07 00:15:00,0.27,0.6,1.18,2.54,0.1573,24.51,1540.1,226.4,0.176,barren,266.0,dry,0.0649,low,True
2021-07-07 06:45:00,1.51,2.55,6.62,14.42,0.6739,32.87,1482.3,188.2,0.578,forest,100.5,normal,0.1811,low,True
2021-07-07 08:45:00,0.23,0.74,2.45,3.88,0.5135,22.52,2012.2,309.1,0.476,urban,26.3,normal,0.2117,low,True
2021-07-07 09:15:00,0.09,0.38,0.8,2.43,0.816,28.81,2450.2,304.4,1.89,forest,99.3,wet,0.2725,low,True
2021-07-07 10:30:00,0.68,1.16,2.05,5.53,0.8141,50.01,2287.7,78.2,0.952,forest,101.7,wet,0.2603,low,True
2021-07-07 11:45:00,0.24,0.46,0.82,1.2,0.7888,36.31,2209.7,195.7,0.051,agriculture,417.7,wet,0.2452,low,True
2021-07-07 14:15:00,8.05,16.72,32.79,44.19,0.7554,13.63,942.8,282.2,0.731,forest,103.2,normal,0.314,medium,True
2021-07-07 14:30:00,8.88,15.17,20.23,43.29,0.9539,42.42,2375.4,312.1,0.068,forest,155.6,wet,0.2954,medium,True
2021-07-07 15:45:00,0.24,0.59,1.31,3.14,0.1369,40.28,1194.2,91.9,0.234,agriculture,27.0,dry,0.2008,low,True
2021-07-07 18:45:00,0.18,0.87,1.57,3.04,0.225,24.65,530.8,177.9,0.486,barren,352.3,dry,0.0303,low,True
2021-07-07 22:45:00,0.34,0.75,1.48,2.54,0.5354,29.59,1090.5,189.0,0.411,agriculture,235.0,normal,0.1349,low,True
2021-07-08 01:15:00,18.06,39.55,97.03,117.06,0.99,22.11,1545.0,251.9,0.709,forest,158.1,wet,0.5368,high,True
2021-07-08 02:45:00,0.23,1.04,3.29,4.89,0.78,36.05,377.6,118.9,0.997,barren,434.8,wet,0.1588,low,True
2021-07-08 02:45:00,88.83,115.94,132.03,189.77,0.8215,30.78,2027.2,105.6,1.061,forest,411.1,normal,0.7888,critical,True
2021-07-08 02:45:00,0.14,0.34,0.55,1.28,0.8899,19.61,2099.3,254.0,0.036,forest,149.1,wet,0.1633,low,True
2021-07-08 05:30:00,0.05,0.09,0.29,0.74,0.8322,36.05,1370.6,143.8,0.616,agriculture,442.5,wet,0.1571,low,True
2021-07-08 08:45:00,0.77,1.63,2.46,6.93,0.4762,22.67,900.4,1.4,1.952,barren,159.8,normal,0.1698,low,True
2021-07-08 11:30:00,0.18,0.32,0.83,1.99,0.4937,35.49,2153.9,337.6,0.844,agriculture,97.9,normal,0.2017,low,True
2021-07-08 12:45:00,0.09,0.24,0.34,0.77,0.4629,27.93,1046.0,53.9,0.44,agriculture,455.3,normal,0.1053,low,True
2021-07-08 14:30:00,3.16,10.56,15.58,26.15,0.5125,24.37,627.7,53.5,3.917,forest,465.7,normal,0.1672,low,True
2021-07-08 17:45:00,95.34,141.51,167.39,198.58,0.8543,18.64,1561.3,294.6,0.027,agriculture,712.9,normal,0.7645,critical,True
2021-07-08 18:00:00,0.28,0.6,1.26,3.35,0.5687,13.92,1616.0,120.8,0.055,forest,253.3,normal,0.1861,low,True
2021-07-08 21:15:00,3.23,10.44,26.03,43.0,0.99,27.89,1788.1,118.1,0.877,urban,102.6,wet,0.4343,medium,True
2021-07-08 21:30:00,1.12,3.0,5.11,13.52,0.1993,46.83,2060.7,224.1,0.479,barren,644.7,dry,0.1346,low,True
2021-07-09 01:45:00,0.01,0.03,0.08,0.14,0.565,27.24,2133.8,21.3,0.08,agriculture,77.2,normal,0.1993,low,True
2021-07-09 02:45:00,0.52,1.01,2.23,4.89,0.473,38.43,841.5,85.3,0.282,agriculture,986.7,normal,0.052,low,True
2021-07-09 03:15:00,0.5,1.47,2.85,5.61,0.2308,30.18,377.0,19.2,0.04,barren,138.2,dry,0.1496,low,True
2021-07-09 04:30:00,0.05,0.1,0.17,0.38,0.7327,49.24,1875.8,104.9,0.448,agriculture,16.6,wet,0.2611,low,True
2021-07-09 06:00:00,99.98,142.91,153.08,172.66,0.6587,27.16,1629.8,313.2,0.066,forest,82.4,dry,0.6379,high,True
2021-07-09 06:45:00,20.75,45.95,70.2,128.96,0.8602,54.03,1325.2,327.4,0.004,forest,197.5,normal,0.4383,medium,True
2021-07-09 06:45:00,1.03,2.92,4.36,6.44,0.7818,33.98,1513.1,111.4,0.234,agriculture,29.9,wet,0.2657,low,True
2021-07-09 08:00:00,98.03,130.45,169.85,228.02,0.5611,30.88,1098.2,67.5,0.16,urban,194.4,dry,0.8128,critical,True
2021-07-09 10:15:00,4.45,11.86,24.23,33.85,0.9513,20.52,2636.3,48.7,0.27,forest,89.4,wet,0.2365,low,True
2021-07-09 12:30:00,0.79,1.36,2.22,6.84,0.6288,39.75,393.2,142.0,0.259,forest,16.7,normal,0.2888,medium,True
2021-07-09 16:00:00,78.68,101.15,130.1,149.95,0.5302,33.53,1854.0,297.5,0.597,forest,134.3,dry,0.5747,high,True
2021-07-09 19:15:00,0.45,1.07,2.18,4.81,0.7622,26.15,828.9,307.0,0.684,barren,99.8,wet,0.277,low,True
2021-07-09 21:15:00,0.03,0.08,0.16,0.32,0.1571,44.08,1203.4,16.5,0.082,forest,200.5,dry,0.1813,low,True
2021-07-09 23:45:00,0.04,0.07,0.14,0.21,0.3982,31.2,1336.5,75.3,0.402,forest,508.1,normal,0.1028,low,True
2021-07-10 01:00:00,14.39,33.24,70.05,104.31,0.5506,33.65,1011.0,73.1,1.32,agriculture,259.5,dry,0.3243,medium,True
2021-07-10 01:15:00,13.3,21.12,32.65,53.53,0.4455,19.6,1464.0,298.2,0.096,agriculture,521.5,dry,0.2029,low,True
2021-07-10 01:30:00,0.39,0.77,2.02,3.79,0.8277,29.64,300.0,164.3,2.044,forest,153.7,wet,0.2591,low,True
2021-07-10 04:15:00,0.02,0.05,0.13,0.26,0.8191,24.07,680.1,132.6,0.012,forest,14.6,wet,0.2483,low,True
2021-07-10 04:30:00,0.38,0.79,1.15,2.41,0.1615,21.36,487.1,344.4,0.063,agriculture,903.6,dry,0.0813,low,True
2021-07-10 05:30:00,27.38,70.29,94.18,121.4,0.8165,28.91,867.3,333.1,0.117,agriculture,142.3,normal,0.5414,high,True
2021-07-10 07:45:00,0.4,0.88,2.72,8.32,0.9452,44.36,1122.7,158.4,0.381,urban,271.9,wet,0.1757,low,True
2021-07-10 09:15:00,26.35,51.96,95.51,122.51,0.99,30.23,1596.4,46.2,0.213,agriculture,231.7,wet,0.6583,high,True
2021-07-10 13:30:00,6.28,20.31,28.2,46.75,0.8153,48.98,1214.0,61.6,0.325,forest,316.2,normal,0.2809,medium,True
2021-07-10 14:45:00,23.6,37.95,66.84,129.0,0.99,18.03,1078.2,40.4,1.696,agriculture,766.9,wet,0.547,high,True
2021-07-10 15:45:00,0.05,0.12,0.26,0.38,0.6571,18.91,1285.6,245.0,0.251,forest,716.7,normal,0.0753,low,True
2021-07-10 16:45:00,14.24,22.53,34.08,48.3,0.7906,38.78,1181.1,199.7,1.131,forest,1397.7,normal,0.2736,low,True
2021-07-10 17:00:00,0.67,2.33,3.54,9.41,0.8509,48.26,1377.2,200.4,0.045,urban,273.0,wet,0.259,low,True
2021-07-10 18:00:00,4.87,11.4,25.59,47.68,0.4655,17.37,1399.6,35.4,1.003,barren,905.0,dry,0.1319,low,True
2021-07-10 19:00:00,0.47,1.02,2.49,4.31,0.2481,28.26,1132.1,285.6,1.391,forest,240.5,dry,0.1712,low,True
2021-07-10 21:30:00,0.01,0.03,0.06,0.13,0.5467,48.55,655.0,192.8,0.201,forest,25.9,normal,0.2072,low,True
2021-07-11 01:00:00,0.52,1.99,3.32,7.15,0.2117,19.96,1571.2,32.7,0.475,forest,65.3,dry,0.2026,low,True
2021-07-11 01:00:00,1.07,2.18,3.57,6.23,0.1645,23.91,2101.4,269.0,0.124,forest,152.3,dry,0.0947,low,True
2021-07-11 01:00:00,0.07,0.15,0.3,0.43,0.4213,36.02,963.6,353.3,0.057,agriculture,462.4,normal,0.1658,low,True
2021-07-11 04:00:00,3.41,5.86,9.62,16.77,0.5257,32.42,1534.3,158.8,0.883,forest,39.7,normal,0.2713,low,True
2021-07-11 05:30:00,7.59,24.45,41.44,79.6,0.9124,21.37,1333.8,41.6,0.596,urban,167.1,normal,0.4099,medium,True
2021-07-11 07:30:00,0.05,0.15,0.51,1.28,0.4939,16.23,1948.1,36.5,0.837,forest,1423.2,normal,0.0471,low,True
2021-07-11 10:45:00,0.96,1.97,3.25,9.68,0.3197,14.51,1079.6,9.3,0.348,agriculture,549.1,dry,0.0971,low,True
2021-07-11 13:15:00,0.51,1.81,5.34,9.5,0.4844,32.3,1470.5,277.3,0.172,barren,307.0,normal,0.1281,low,True
2021-07-11 13:15:00,1.11,2.62,5.55,13.68,0.598,17.84,1525.8,249.8,0.334,agriculture,32.3,normal,0.2863,medium,True
2021-07-11 16:00:00,0.33,0.88,2.73,4.83,0.1808,43.47,1752.7,210.3,0.04,forest,15.2,dry,0.2237,low,True
2021-07-11 16:00:00,8.43,15.76,22.78,40.6,0.99,25.09,939.2,275.6,0.2,forest,48.9,wet,0.3607,medium,True
2021-07-11 18:30:00,3.57,6.65,10.01,17.04,0.5659,34.31,1782.4,359.7,0.212,forest,148.7,normal,0.1379,low,True
2021-07-11 19:00:00,19.72,50.03,70.04,89.99,0.99,37.42,1280.4,144.7,0.752,urban,336.3,wet,0.5554,high,True
2021-07-11 20:15:00,1.01,2.29,4.92,11.45,0.2197,43.95,1908.5,254.1,0.033,urban,87.0,dry,0.1548,low,True
2021-07-11 21:15:00,0.39,0.92,1.8,4.34,0.7845,42.75,1361.3,135.8,0.169,urban,28.4,wet,0.2275,low,True
2021-07-12 01:15:00,7.41,16.03,31.55,49.4,0.847,26.13,2351.7,126.7,0.194,barren,43.3,normal,0.3163,medium,True
2021-07-12 03:15:00,0.18,0.33,0.96,1.41,0.8926,32.91,634.4,306.3,0.481,forest,204.8,wet,0.193,low,True
2021-07-12 04:00:00,1.75,3.53,5.97,11.64,0.4894,65.0,1926.0,206.9,0.168,urban,529.2,normal,0.1376,low,True
2021-07-12 04:00:00,4.73,7.95,10.49,16.98,0.8367,59.1,1787.8,43.4,0.085,urban,612.3,wet,0.2718,low,True
2021-07-12 07:45:00,17.97,44.23,61.15,92.77,0.8059,40.75,1876.6,145.3,0.179,forest,130.4,normal,0.3788,medium,True
2021-07-12 09:30:00,4.6,11.39,17.32,35.18,0.8864,40.79,2231.9,286.8,0.329,forest,391.1,wet,0.2547,low,True
2021-07-12 10:00:00,8.92,15.77,24.66,37.77,0.8819,24.07,521.3,338.4,0.447,agriculture,184.6,wet,0.2958,medium,True
2021-07-12 10:30:00,18.74,29.63,67.22,94.76,0.9408,31.17,2899.9,221.2,0.022,forest,1267.9,normal,0.3198,medium,True
2021-07-12 11:30:00,0.03,0.07,0.2,0.43,0.5605,38.37,1911.4,141.9,0.222,forest,191.7,normal,0.2,low,True
2021-07-12 11:45:00,0.18,0.33,0.55,1.66,0.1224,28.69,2757.6,90.7,0.867,urban,186.4,dry,0.0894,low,True
2021-07-12 14:15:00,0.16,0.65,1.95,5.56,0.7284,23.41,2719.1,151.9,0.546,urban,253.7,wet,0.1943,low,True
2021-07-12 14:30:00,0.28,0.85,1.29,1.89,0.5837,51.06,1857.0,203.6,0.365,forest,19.0,normal,0.1927,low,True
2021-07-12 18:30:00,5.79,10.69,21.75,47.98,0.7845,63.75,1754.7,1.6,0.362,forest,199.4,normal,0.3247,medium,True
2021-07-12 20:45:00,1.36,2.71,4.37,11.13,0.2878,35.57,2049.7,96.7,0.276,barren,627.5,dry,0.0968,low,True
2021-07-12 23:15:00,0.08,0.24,0.38,1.22,0.5574,35.88,300.0,241.7,0.251,agriculture,341.4,normal,0.2153,low,True
2021-07-13 00:30:00,0.01,0.03,0.07,0.18,0.514,33.49,1547.2,242.4,0.307,forest,1230.6,normal,0.1183,low,True
2021-07-13 00:45:00,0.04,0.12,0.29,0.71,0.4882,46.1,2181.3,235.1,1.22,barren,147.9,normal,0.2367,low,True
2021-07-13 03:00:00,0.03,0.06,0.17,0.31,0.383,19.25,2516.8,342.0,0.38,urban,71.7,normal,0.1579,low,True
2021-07-13 03:15:00,3.73,5.76,9.75,17.9,0.2702,25.59,1411.3,204.7,0.664,urban,496.0,dry,0.098,low,True
2021-07-13 04:15:00,0.35,1.19,1.95,4.04,0.5091,37.95,1816.4,97.1,0.99,forest,25.6,normal,0.2515,low,True
2021-07-13 05:00:00,1.57,3.33,8.19,20.2,0.6075,29.9,1943.5,292.2,0.339,forest,70.8,normal,0.2737,low,True
2021-07-13 10:45:00,3.32,9.76,15.73,38.11,0.4009,37.45,1550.7,140.2,1.096,urban,257.5,dry,0.1968,low,True
2021-07-13 12:15:00,14.26,30.77,57.46,84.97,0.9439,22.16,1039.8,86.1,2.951,forest,500.2,normal,0.3677,medium,True
2021-07-13 12:15:00,14.92,40.7,57.96,77.14,0.9416,37.82,1202.5,200.4,0.421,barren,331.6,normal,0.4307,medium,True
2021-07-13 13:45:00,6.34,12.51,20.54,40.92,0.9604,36.68,973.2,104.1,0.309,forest,1857.0,wet,0.284,medium,True
2021-07-13 14:00:00,5.1,10.47,14.8,19.99,0.2593,32.41,692.6,142.6,0.983,forest,382.4,dry,0.1653,low,True
2021-07-13 14:45:00,8.59,13.29,24.87,44.33,0.4115,24.63,1498.2,249.5,0.628,forest,461.8,dry,0.175,low,True
2021-07-13 14:45:00,9.83,16.06,22.11,53.04,0.8913,39.25,2930.1,358.5,0.57,forest,1795.7,normal,0.1694,low,True
2021-07-13 16:00:00,0.31,0.98,3.02,8.86,0.5215,25.1,1747.9,232.1,1.304,urban,324.2,normal,0.1976,low,True
2021-07-13 18:45:00,0.6,1.29,3.09,4.61,0.1605,27.93,1427.8,99.5,0.629,forest,448.9,dry,0.0355,low,True
2021-07-13 20:30:00,0.14,0.54,0.79,1.18,0.8403,37.7,1823.7,32.6,0.616,urban,134.0,wet,0.1849,low,True
2021-07-14 00:00:00,2.7,7.01,12.87,22.55,0.599,37.85,1104.5,130.3,0.139,urban,279.3,normal,0.2821,medium,True
2021-07-14 00:45:00,7.38,22.83,33.14,49.22,0.755,23.04,603.5,7.0,0.699,forest,860.5,normal,0.192,low,True
2021-07-14 05:15:00,0.26,0.77,1.31,2.5,0.4863,17.22,1186.5,167.3,1.465,barren,681.8,normal,0.1648,low,True
2021-07-14 06:30:00,0.02,0.03,0.09,0.15,0.797,29.89,921.8,237.6,0.515,forest,138.0,wet,0.194,low,True
2021-07-14 11:15:00,0.34,0.62,1.29,3.5,0.2572,34.47,490.7,184.2,1.402,barren,164.7,dry,0.188,low,True
2021-07-14 11:30:00,26.83,69.56,92.23,120.16,0.5485,26.59,1269.9,311.5,0.249,agriculture,665.6,dry,0.2645,low,True
2021-07-14 12:30:00,2.87,7.75,18.35,37.33,0.3934,39.23,1892.9,177.9,0.026,forest,127.3,dry,0.1435,low,True
2021-07-14 13:15:00,4.38,10.02,16.03,37.79,0.6842,33.39,1836.8,166.5,0.353,forest,775.0,normal,0.2241,low,True
2021-07-14 13:30:00,0.88,2.02,3.88,9.61,0.7987,24.24,1762.8,111.5,0.002,agriculture,530.2,wet,0.1535,low,True
2021-07-14 14:30:00,74.9,98.29,120.51,145.03,0.8505,36.5,2601.6,301.5,0.101,urban,67.9,normal,0.8641,critical,True
2021-07-14 16:00:00,0.02,0.04,0.13,0.35,0.1845,65.0,1268.6,325.3,0.127,forest,455.2,dry,0.1587,low,True
2021-07-14 17:15:00,7.32,14.13,25.35,51.56,0.5322,40.02,1859.7,352.1,0.458,agriculture,639.2,dry,0.1695,low,True
2021-07-14 17:30:00,12.03,29.47,53.09,88.28,0.9693,21.71,1367.0,353.2,1.797,forest,64.6,normal,0.3619,medium,True
2021-07-14 19:00:00,0.18,0.34,0.91,1.7,0.1868,23.56,2453.1,353.0,0.012,barren,224.0,dry,0.0697,low,True
2021-07-14 20:00:00,4.79,12.94,24.58,37.34,0.9704,30.26,1114.9,256.3,0.162,forest,704.8,wet,0.2121,low,True
2021-07-14 23:15:00,6.63,15.78,31.4,47.75,0.4983,16.29,2046.0,202.6,2.093,agriculture,87.5,dry,0.2745,low,True
2021-07-14 23:45:00,0.05,0.18,0.49,0.81,0.1711,32.31,1749.9,62.0,1.28,forest,218.7,dry,0.1731,low,True
2021-07-15 00:00:00,0.81,1.44,2.92,4.35,0.2462,29.84,2331.6,276.1,1.081,agriculture,342.1,dry,0.1041,low,True
2021-07-15 01:30:00,102.28,145.09,160.12,188.99,0.99,21.3,1605.6,264.6,0.058,barren,45.8,wet,0.8591,critical,True
2021-07-15 03:45:00,4.2,9.61,18.67,28.77,0.6146,42.43,1458.0,303.3,0.62,barren,93.4,normal,0.2459,low,True
2021-07-15 07:00:00,4.17,9.12,13.32,19.72,0.964,28.39,1385.6,166.5,0.136,barren,230.1,wet,0.2654,low,True
2021-07-15 08:30:00,1.66,3.05,5.56,9.49,0.5223,15.72,1508.1,321.3,0.632,agriculture,173.8,normal,0.176,low,True
2021-07-15 09:30:00,0.16,0.26,0.52,1.35,0.1804,25.44,480.8,258.7,0.335,urban,147.4,dry,0.164,low,True
2021-07-15 13:15:00,23.59,37.87,50.5,93.7,0.7367,24.74,1287.2,61.6,0.606,agriculture,19.4,normal,0.5002,medium,True
2021-07-15 13:45:00,0.72,1.25,4.11,8.6,0.5618,29.83,1250.8,74.5,0.336,urban,930.6,normal,0.1094,low,True
2021-07-15 18:00:00,0.02,0.04,0.1,0.14,0.4749,44.22,915.8,293.1,1.43,agriculture,727.9,normal,0.0997,low,True
2021-07-15 22:45:00,13.86,45.81,75.67,134.9,0.8038,33.52,1263.4,153.2,0.015,agriculture,184.5,normal,0.4651,medium,True
2021-07-15 23:30:00,0.9,1.99,5.52,11.84,0.1701,19.97,1061.2,89.6,0.128,forest,80.0,dry,0.1744,low,True
2021-07-16 01:30:00,48.87,98.17,128.3,156.73,0.5678,25.73,1292.0,152.1,1.074,agriculture,35.0,dry,0.6306,high,True
2021-07-16 01:30:00,1.7,4.45,6.55,9.95,0.5712,30.15,1974.7,58.1,0.801,forest,56.0,normal,0.236,low,True
2021-07-16 01:45:00,6.61,12.89,21.38,34.39,0.6067,32.51,1976.2,321.0,0.124,barren,332.5,normal,0.1979,low,True
2021-07-16 02:15:00,0.06,0.16,0.23,0.67,0.8133,37.23,2547.2,25.8,0.078,agriculture,473.4,wet,0.2256,low,True
2021-07-16 02:30:00,16.45,28.92,60.18,113.29,0.7501,35.36,1784.9,127.2,0.224,urban,69.5,normal,0.6038,high,True
2021-07-16 02:30:00,0.0,0.01,0.01,0.03,0.8914,35.42,687.7,200.5,0.395,forest,51.9,wet,0.2648,low,True
2021-07-16 06:00:00,1.45,2.59,3.75,5.44,0.5138,33.67,1402.5,314.5,0.029,forest,421.1,normal,0.1408,low,True
2021-07-16 08:15:00,0.12,0.22,0.39,1.1,0.2288,33.96,1216.6,281.4,1.121,barren,264.7,dry,0.0491,low,True
2021-07-16 09:15:00,0.15,0.57,1.13,1.7,0.8238,35.09,1010.5,8.1,0.442,forest,172.7,wet,0.2339,low,True
2021-07-16 10:00:00,0.01,0.01,0.02,0.07,0.5696,22.99,2243.8,297.1,1.512,agriculture,461.8,normal,0.1373,low,True
2021-07-16 12:00:00,0.47,1.21,1.86,3.05,0.5106,23.4,1872.7,229.7,0.236,barren,222.9,normal,0.211,low,True
2021-07-16 16:00:00,0.03,0.06,0.18,0.29,0.447,45.97,1642.2,48.0,0.03,agriculture,229.0,normal,0.1306,low,True
2021-07-16 19:45:00,0.2,0.41,1.16,2.29,0.5315,33.53,709.6,222.3,1.23,forest,15.6,normal,0.2688,low,True
2021-07-16 20:45:00,0.1,0.45,1.1,3.64,0.5856,35.9,1550.8,294.4,0.097,urban,142.9,normal,0.1719,low,True
2021-07-16 22:00:00,0.04,0.11,0.18,0.54,0.8622,27.11,2995.8,216.8,0.245,forest,11.8,wet,0.3231,medium,True
2021-07-16 22:30:00,9.66,18.35,29.26,50.71,0.7081,48.91,1097.9,359.7,0.375,urban,911.3,normal,0.3646,medium,True
2021-07-16 23:00:00,7.88,12.69,22.01,36.21,0.6488,29.68,1469.2,182.5,0.406,forest,131.8,normal,0.2147,low,True
2021-07-17 00:00:00,2.58,8.31,14.27,27.6,0.947,43.2,2433.3,242.3,0.014,agriculture,79.7,wet,0.31,medium,True
2021-07-17 01:00:00,17.38,33.86,73.09,94.77,0.5885,33.65,1336.8,25.3,0.449,forest,43.4,dry,0.2956,medium,True
2021-07-17 03:15:00,0.73,3.27,5.94,8.83,0.4558,22.17,1324.1,292.8,0.048,barren,26.7,normal,0.2631,low,True
2021-07-17 04:15:00,0.01,0.02,0.03,0.07,0.2105,37.8,1462.8,224.7,0.237,forest,770.1,dry,0.0733,low,True
2021-07-17 05:00:00,0.21,0.4,1.28,3.46,0.5432,30.28,1808.0,202.0,2.225,barren,74.6,normal,0.2552,low,True
2021-07-17 06:15:00,4.82,15.95,26.36,38.18,0.9633,23.57,1038.6,255.2,0.197,agriculture,346.3,wet,0.2622,low,True
2021-07-17 07:15:00,0.13,0.62,1.59,2.46,0.5266,40.6,2154.0,201.8,1.006,forest,378.7,normal,0.1757,low,True
2021-07-17 07:45:00,0.01,0.05,0.14,0.28,0.2787,22.14,1363.4,275.9,0.428,barren,143.7,dry,0.1251,low,True
2021-07-17 08:00:00,14.69,37.62,60.44,111.55,0.8763,36.13,1723.8,210.1,0.136,agriculture,636.9,normal,0.4227,medium,True
2021-07-17 08:30:00,6.37,15.49,27.48,47.57,0.99,47.82,1350.0,187.2,0.768,forest,94.3,wet,0.3162,medium,True
2021-07-17 16:00:00,0.26,0.64,1.66,3.29,0.5479,33.84,798.7,48.6,0.486,forest,35.9,normal,0.2079,low,True
2021-07-17 16:15:00,0.11,0.29,0.72,1.21,0.7593,41.04,300.0,169.9,0.457,forest,34.9,wet,0.3083,medium,True
2021-07-17 16:45:00,0.25,1.2,3.12,6.67,0.8921,42.95,1737.2,193.8,0.018,forest,135.0,wet,0.2054,low,True
2021-07-17 20:45:00,1.09,1.88,3.49,5.55,0.2534,51.41,510.5,224.8,0.244,forest,227.8,dry,0.1025,low,True
2021-07-17 21:00:00,0.12,0.61,1.65,2.61,0.3572,24.81,2058.7,164.1,0.796,forest,357.4,dry,0.0908,low,True
2021-07-17 23:30:00,8.33,15.65,24.03,36.36,0.7257,44.99,1676.3,52.8,0.954,agriculture,466.6,normal,0.2569,low,True
2021-07-17 23:45:00,0.28,0.71,1.78,5.17,0.5841,35.93,2814.5,54.1,1.012,agriculture,78.9,normal,0.2888,medium,True
2021-07-17 23:45:00,4.59,7.95,18.66,27.34,0.9283,31.63,1249.8,259.6,0.023,forest,413.1,wet,0.1847,low,True
2021-07-18 02:45:00,1.87,5.33,7.24,17.61,0.5695,22.7,2640.8,238.1,0.107,urban,80.5,normal,0.2709,low,True
2021-07-18 02:45:00,0.43,2.03,3.96,9.06,0.5271,30.71,1425.5,93.4,2.543,urban,2066.5,normal,0.1202,low,True
2021-07-18 07:30:00,0.84,1.64,2.63,5.0,0.1996,41.81,2157.4,160.5,0.101,forest,1128.5,dry,0.0478,low,True
2021-07-18 09:45:00,73.33,110.91,129.21,157.14,0.99,34.21,1927.4,110.5,0.144,forest,47.8,wet,0.906,critical,True
2021-07-18 13:15:00,6.78,12.96,17.8,41.42,0.3565,32.32,499.6,65.2,0.974,urban,382.6,dry,0.1754,low,True
2021-07-18 15:45:00,61.19,84.11,112.2,157.0,0.8588,31.99,3516.1,117.4,0.3,agriculture,827.5,normal,0.7447,critical,True
2021-07-18 18:00:00,23.12,37.39,47.81,70.72,0.5063,30.13,2571.1,94.6,0.074,forest,39.5,dry,0.2959,medium,True
2021-07-18 20:00:00,0.4,0.67,2.14,3.21,0.2283,35.21,1838.5,29.7,0.08,agriculture,56.3,dry,0.1724,low,True
2021-07-18 21:45:00,18.5,59.13,113.35,135.27,0.5409,33.18,2397.3,181.6,0.052,barren,159.2,dry,0.5062,medium,True
2021-07-18 23:45:00,0.23,0.43,0.75,1.7,0.1889,27.64,1764.3,162.3,0.12,forest,45.2,dry,0.101,low,True
2021-07-19 00:45:00,0.21,0.65,1.07,2.37,0.5452,27.13,2131.6,257.3,0.412,barren,768.8,normal,0.1059,low,True
2021-07-19 00:45:00,0.19,0.45,0.72,1.62,0.2646,27.55,1694.0,223.3,0.009,barren,739.3,dry,0.0876,low,True
2021-07-19 01:30:00,0.62,1.1,1.92,3.65,0.873,24.51,975.2,123.6,0.075,agriculture,1049.6,wet,0.2072,low,True
2021-07-19 05:00:00,10.41,18.07,24.24,34.81,0.6804,23.47,1539.0,178.7,1.426,barren,90.3,normal,0.2545,low,True
2021-07-19 05:15:00,0.38,1.2,1.85,4.34,0.4781,28.09,1286.0,193.0,1.255,forest,26.2,normal,0.2303,low,True
2021-07-19 06:00:00,37.92,58.79,77.86,107.29,0.8076,33.92,1979.4,330.3,1.074,agriculture,215.8,normal,0.5292,high,True
2021-07-19 06:45:00,59.72,77.83,109.53,123.04,0.811,44.62,967.7,353.4,0.735,forest,753.7,normal,0.55,high,True
2021-07-19 07:45:00,0.15,0.3,0.77,1.69,0.2183,22.63,1688.7,293.6,0.65,forest,366.1,dry,0.1374,low,True
2021-07-19 15:00:00,0.66,2.47,5.39,12.18,0.8795,28.14,754.3,202.4,0.193,forest,2245.5,wet,0.225,low,True
2021-07-19 15:00:00,5.78,10.61,13.89,18.8,0.6114,32.86,2062.5,334.1,0.245,forest,836.4,normal,0.1398,low,True
2021-07-19 15:15:00,0.08,0.24,0.59,1.76,0.2153,35.5,868.6,64.1,0.161,forest,184.6,dry,0.0947,low,True
2021-07-19 15:30:00,0.46,0.78,1.63,2.5,0.5196,44.39,1962.2,250.7,2.357,forest,24.1,normal,0.1875,low,True
2021-07-19 16:00:00,0.07,0.28,0.43,0.95,0.4696,37.19,1670.8,165.8,0.604,forest,11.8,normal,0.2446,low,True
2021-07-19 16:15:00,0.04,0.12,0.29,0.48,0.1064,35.34,2225.7,52.1,2.025,barren,371.7,dry,0.0621,low,True
2021-07-19 19:15:00,3.68,8.86,15.88,21.71,0.9025,15.71,1509.2,27.1,0.19,forest,876.0,wet,0.2427,low,True
2021-07-19 22:00:00,0.33,0.87,1.75,2.52,0.2785,21.58,2088.4,173.1,0.582,agriculture,215.6,dry,0.1309,low,True
2021-07-20 00:45:00,0.06,0.17,0.53,1.36,0.5258,46.76,1689.3,86.0,0.854,forest,735.8,normal,0.1191,low,True
2021-07-20 03:15:00,0.27,0.52,1.35,2.8,0.7511,31.67,1857.0,90.2,0.06,forest,302.7,wet,0.1842,low,True
2021-07-20 04:00:00,9.8,19.07,35.46,66.4,0.5438,57.91,525.0,115.3,0.66,forest,46.1,dry,0.2952,medium,True
2021-07-20 05:00:00,7.65,13.34,24.06,40.0,0.3324,65.0,1213.8,258.6,0.111,forest,570.4,dry,0.1775,low,True
2021-07-20 05:45:00,111.26,146.89,163.48,201.57,0.5642,25.04,1502.2,59.1,0.239,agriculture,247.5,dry,0.7028,high,True
2021-07-20 07:00:00,15.03,23.74,31.39,48.19,0.4488,26.76,2422.2,258.3,0.756,forest,28.3,dry,0.2533,low,True
2021-07-20 09:00:00,0.33,0.76,1.35,3.11,0.1568,47.64,1807.5,281.8,0.348,urban,599.8,dry,0.0418,low,True
2021-07-20 09:00:00,0.29,1.1,2.95,4.74,0.8106,25.77,568.7,214.0,1.524,urban,506.1,wet,0.2164,low,True
2021-07-20 12:45:00,2.75,8.82,13.43,19.65,0.8565,28.58,1862.7,89.1,0.166,forest,223.9,wet,0.1859,low,True
2021-07-20 13:00:00,4.25,10.66,20.31,35.4,0.7272,32.63,1073.6,18.6,0.1,barren,16.9,normal,0.2343,low,True
2021-07-20 14:45:00,0.0,0.0,0.01,0.01,0.5905,28.5,1125.8,146.9,0.247,forest,159.1,normal,0.1537,low,True
2021-07-20 16:30:00,83.2,108.55,138.29,154.74,0.99,53.22,1565.1,305.1,1.146,agriculture,209.8,wet,0.8798,critical,True
2021-07-20 16:30:00,0.03,0.08,0.12,0.18,0.4958,37.32,1766.0,36.7,1.128,barren,73.2,normal,0.2012,low,True
2021-07-20 17:00:00,1.19,3.47,5.94,10.41,0.5022,26.69,1133.4,268.1,0.277,forest,71.4,normal,0.2337,low,True
2021-07-20 18:15:00,0.06,0.11,0.16,0.49,0.467,45.19,551.9,168.4,0.996,forest,73.9,normal,0.1994,low,True
2021-07-20 19:45:00,0.01,0.05,0.07,0.15,0.2509,37.13,1493.7,323.6,0.049,forest,172.0,dry,0.1138,low,True
2021-07-20 21:15:00,12.98,20.84,34.81,47.65,0.99,44.79,1465.7,128.2,0.005,forest,605.4,wet,0.3476,medium,True
2021-07-20 21:30:00,11.86,19.08,32.65,49.72,0.7687,27.77,2460.1,253.7,1.201,agriculture,508.6,normal,0.2682,low,True
2021-07-20 23:30:00,99.04,136.48,160.97,175.71,0.873,54.66,1625.6,266.4,1.243,forest,13.6,normal,0.8952,critical,True
2021-07-21 00:30:00,4.01,8.19,16.64,31.65,0.6462,25.76,2307.3,71.5,0.093,forest,13.4,normal,0.2373,low,True
2021-07-21 03:45:00,6.86,10.73,19.2,26.58,0.5426,20.69,2869.7,56.9,0.212,agriculture,38.3,normal,0.239,low,True
2021-07-21 04:30:00,8.02,14.09,22.1,29.69,0.3779,45.77,935.6,33.4,1.141,barren,230.0,dry,0.1492,low,True
2021-07-21 05:45:00,0.08,0.15,0.35,0.51,0.3837,13.63,2482.4,252.6,0.052,forest,779.0,normal,0.0601,low,True
2021-07-21 06:45:00,6.87,21.97,34.07,63.07,0.99,27.8,2159.5,197.3,1.193,barren,80.4,wet,0.4608,medium,True
2021-07-21 08:00:00,0.26,0.69,1.14,3.0,0.1046,21.8,300.0,31.2,0.513,agriculture,236.7,dry,0.0244,low,True
2021-07-21 09:45:00,0.04,0.21,0.7,1.07,0.7393,51.9,1487.2,111.0,0.642,barren,24.6,wet,0.2645,low,True
2021-07-21 12:45:00,12.22,23.71,31.48,56.79,0.7531,38.78,2023.3,51.2,0.542,barren,17.2,normal,0.4223,medium,True
2021-07-21 15:00:00,4.64,8.42,15.41,34.03,0.3818,42.27,1802.7,33.4,0.524,agriculture,12.6,dry,0.1837,low,True
2021-07-21 16:00:00,73.83,114.37,124.59,167.38,0.8549,40.97,2594.5,107.6,0.123,forest,477.0,normal,0.7289,high,True
2021-07-21 16:15:00,2.26,5.25,9.72,14.66,0.858,22.25,1954.2,34.7,0.162,agriculture,18.4,wet,0.2387,low,True
2021-07-21 19:15:00,1.79,3.31,6.6,11.33,0.5177,28.17,742.1,93.7,0.521,urban,122.0,normal,0.2044,low,True
2021-07-21 21:45:00,9.87,17.03,22.1,37.54,0.6052,31.73,2075.6,199.0,0.308,agriculture,372.5,normal,0.279,low,True
2021-07-21 23:00:00,0.48,1.01,1.5,3.96,0.5036,65.0,914.1,201.9,0.468,forest,347.4,normal,0.1841,low,True
2021-07-21 23:00:00,13.98,35.7,48.71,79.82,0.8627,21.85,1268.4,60.5,0.175,forest,29.9,normal,0.347,medium,True
2021-07-22 00:30:00,0.67,1.84,4.37,8.63,0.2801,18.69,2259.0,68.8,0.374,urban,113.8,dry,0.1405,low,True
2021-07-22 00:45:00,5.33,9.39,15.73,21.35,0.3538,53.22,2191.3,307.8,0.093,forest,366.9,dry,0.2006,low,True
2021-07-22 04:15:00,5.39,9.63,23.1,42.23,0.4923,38.02,1623.0,60.1,0.023,forest,184.3,dry,0.1858,low,True
2021-07-22 04:45:00,17.98,50.13,81.66,97.93,0.5523,40.01,1165.3,16.5,1.811,forest,229.5,dry,0.2416,low,True
2021-07-22 05:00:00,1.06,2.04,4.39,8.0,0.3131,21.71,1479.9,88.1,0.77,urban,91.2,dry,0.1391,low,True
2021-07-22 05:45:00,15.6,24.38,36.91,49.89,0.722,38.74,1532.7,207.5,0.414,forest,23.5,normal,0.3227,medium,True
2021-07-22 06:15:00,72.63,117.03,154.22,166.48,0.7517,23.64,1260.0,2.6,0.48,forest,158.2,normal,0.6991,high,True
2021-07-22 09:00:00,4.65,12.05,16.91,31.35,0.4017,17.73,2281.3,354.6,0.429,agriculture,412.1,dry,0.1697,low,True
2021-07-22 12:30:00,0.17,0.48,0.71,1.27,0.2123,40.0,1350.7,82.9,1.374,forest,519.1,dry,0.0919,low,True
2021-07-22 13:45:00,5.19,11.35,16.07,23.02,0.3091,26.46,1443.0,85.7,0.891,urban,324.2,dry,0.2242,low,True
2021-07-22 19:30:00,2.78,4.62,11.15,16.51,0.5858,26.5,1459.4,265.9,0.236,agriculture,184.8,normal,0.1643,low,True
2021-07-22 20:15:00,0.01,0.02,0.07,0.16,0.143,32.87,2018.3,89.3,0.148,agriculture,316.2,dry,0.0456,low,True
2021-07-22 23:00:00,0.05,0.17,0.37,0.56,0.4436,24.1,1752.6,142.6,0.041,barren,437.3,normal,0.0803,low,True
2021-07-23 01:30:00,2.73,8.77,13.86,30.74,0.6467,37.4,1731.0,195.8,0.096,urban,502.7,normal,0.2118,low,True
2021-07-23 03:00:00,6.99,18.11,24.44,49.7,0.7776,37.46,1034.4,7.9,0.404,forest,44.7,normal,0.27,low,True
2021-07-23 04:00:00,0.2,0.52,1.64,5.03,0.5138,45.75,1740.9,301.4,0.136,forest,578.6,normal,0.1923,low,True
2021-07-23 07:30:00,0.34,0.6,1.54,2.75,0.098,35.37,2047.6,184.3,0.225,barren,33.0,dry,0.0997,low,True
2021-07-23 08:00:00,0.17,0.41,0.72,1.08,0.1181,27.21,1393.4,112.7,0.086,forest,725.3,dry,0.015,low,True
2021-07-23 08:30:00,0.73,1.37,3.14,5.86,0.1974,33.41,1687.5,143.9,1.537,urban,184.3,dry,0.0751,low,True
2021-07-23 12:30:00,6.57,15.93,39.38,52.63,0.4747,20.17,2152.5,20.1,0.021,urban,287.1,dry,0.2113,low,True
2021-07-23 12:45:00,0.25,0.43,0.62,0.96,0.1984,26.95,1119.2,258.5,0.26,forest,129.9,dry,0.1432,low,True
2021-07-23 13:30:00,5.21,17.21,23.19,37.2,0.9641,41.96,1127.6,194.2,0.179,urban,204.7,wet,0.3355,medium,True
2021-07-23 13:45:00,0.35,0.7,1.89,2.83,0.1501,21.31,1527.7,329.0,0.005,forest,663.0,dry,0.0432,low,True
2021-07-23 14:30:00,14.97,40.09,60.4,119.94,0.99,29.75,2068.0,167.1,1.584,agriculture,132.7,wet,0.5998,high,True
2021-07-23 14:45:00,4.21,13.24,27.82,37.85,0.4794,56.24,300.0,298.2,0.226,forest,300.7,dry,0.1828,low,True
2021-07-23 17:45:00,6.69,15.19,19.05,28.76,0.99,28.3,1482.7,67.8,0.419,urban,374.5,wet,0.3431,medium,True
2021-07-23 18:15:00,0.36,0.88,1.42,3.23,0.4893,37.81,1177.2,20.3,0.524,agriculture,65.4,normal,0.2061,low,True
2021-07-23 21:00:00,33.13,53.79,103.51,126.24,0.7918,33.53,1814.5,341.4,0.566,agriculture,536.5,normal,0.5863,high,True
2021-07-23 22:00:00,6.98,12.15,28.8,40.08,0.6699,36.48,1541.0,92.5,0.37,urban,2452.2,normal,0.2055,low,True
2021-07-24 01:00:00,0.11,0.38,0.99,1.67,0.4318,19.11,2285.7,300.1,0.541,agriculture,69.0,normal,0.217,low,True
2021-07-24 01:45:00,0.26,0.53,0.81,2.44,0.7896,30.06,1989.8,92.6,0.836,forest,521.2,wet,0.1225,low,True
2021-07-24 04:30:00,0.01,0.04,0.12,0.35,0.5002,33.95,1463.4,56.1,1.823,barren,65.7,normal,0.248,low,True
2021-07-24 05:00:00,4.7,10.19,18.9,35.41,0.3411,26.94,989.0,263.7,0.642,barren,1060.3,dry,0.0681,low,True
2021-07-24 05:45:00,0.06,0.1,0.31,0.6,0.4353,20.28,1809.7,280.2,0.372,urban,195.3,normal,0.0615,low,True
2021-07-24 10:45:00,1.94,6.11,7.71,15.38,0.2722,31.39,1420.4,303.7,0.353,urban,1377.8,dry,0.0902,low,True
2021-07-24 11:15:00,46.74,78.44,99.04,158.3,0.99,65.0,1477.4,311.4,0.742,forest,34.6,wet,0.8477,critical,True
2021-07-24 11:30:00,0.66,2.09,5.11,11.33,0.5714,23.52,902.5,173.9,0.592,forest,557.9,normal,0.0283,low,True
2021-07-24 14:00:00,4.34,11.06,23.25,39.16,0.3799,29.83,1691.6,144.1,0.327,forest,234.4,dry,0.1323,low,True
2021-07-24 16:30:00,0.5,1.93,5.04,8.05,0.2849,47.78,1295.6,270.3,0.246,agriculture,129.6,dry,0.1623,low,True
2021-07-24 17:30:00,0.03,0.12,0.19,0.28,0.203,43.38,1355.8,205.0,2.99,forest,492.3,dry,0.164,low,True
2021-07-24 17:45:00,0.26,0.68,1.99,4.68,0.7533,40.97,300.0,347.5,0.874,barren,363.1,wet,0.2412,low,True
2021-07-24 22:30:00,0.11,0.35,0.87,2.21,0.8602,29.51,1620.0,135.3,0.139,forest,826.2,wet,0.1582,low,True
2021-07-24 23:15:00,59.62,75.32,102.42,139.82,0.545,25.2,1029.1,15.4,0.207,forest,110.1,dry,0.508,medium,True
2021-07-25 02:30:00,4.25,7.27,16.01,21.4,0.5378,55.26,1909.6,212.1,1.345,forest,993.2,normal,0.2005,low,True
2021-07-25 03:00:00,0.17,0.42,0.99,2.31,0.8192,39.07,1642.7,127.2,0.649,forest,369.4,wet,0.2324,low,True
2021-07-25 03:30:00,0.26,0.87,1.27,3.17,0.1275,26.16,718.2,123.4,0.223,agriculture,219.5,dry,0.1206,low,True
2021-07-25 05:00:00,4.02,6.44,13.96,33.79,0.338,29.13,1537.8,203.2,0.272,forest,29.1,dry,0.2484,low,True
2021-07-25 05:15:00,2.02,4.0,8.68,20.77,0.6351,37.36,1729.0,331.8,0.286,forest,517.1,normal,0.1995,low,True
2021-07-25 16:45:00,3.29,7.25,15.03,30.16,0.2836,34.65,2852.0,96.1,0.124,forest,694.2,dry,0.101,low,True
2021-07-25 18:30:00,0.01,0.01,0.02,0.03,0.1649,20.52,1959.6,136.7,0.429,barren,590.5,dry,0.0323,low,True
2021-07-25 21:15:00,44.11,87.65,125.33,162.0,0.99,30.29,825.2,320.8,0.87,barren,475.7,wet,0.7278,high,True
2021-07-25 21:30:00,0.04,0.07,0.2,0.53,0.4959,15.99,2765.9,322.3,0.498,forest,1230.5,normal,0.1341,low,True
2021-07-25 21:45:00,5.72,13.48,19.01,27.73,0.7275,22.14,1435.1,84.5,0.64,barren,671.9,normal,0.1627,low,True
2021-07-25 22:15:00,0.0,0.0,0.02,0.04,0.5839,49.96,1432.5,254.3,0.543,forest,930.3,normal,0.1912,low,True
2021-07-25 22:45:00,0.06,0.11,0.28,0.79,0.5143,40.44,2765.1,149.6,0.036,forest,468.9,normal,0.1208,low,True
2021-07-25 23:30:00,0.51,0.88,2.92,4.35,0.6195,38.6,1222.9,337.0,0.125,agriculture,610.6,normal,0.0642,low,True
2021-07-26 01:15:00,0.08,0.33,0.75,1.36,0.1356,30.43,1505.7,263.6,0.259,forest,129.5,dry,0.1069,low,True
2021-07-26 01:45:00,4.68,12.88,16.19,22.33,0.2597,48.48,621.2,178.0,1.32,barren,396.9,dry,0.1104,low,True
2021-07-26 02:15:00,10.28,25.13,40.15,54.67,0.7751,29.04,1576.6,294.3,0.257,forest,90.5,normal,0.2547,low,True
2021-07-26 04:15:00,0.42,1.52,2.87,9.14,0.3055,41.28,1509.4,359.2,0.238,urban,35.1,dry,0.2798,low,True
2021-07-26 06:30:00,0.01,0.01,0.03,0.09,0.1876,26.33,1361.3,160.9,0.05,forest,313.0,dry,0.072,low,True
2021-07-26 07:45:00,0.28,0.87,1.69,3.09,0.4932,15.85,1695.0,134.5,2.147,agriculture,544.6,normal,0.138,low,True
2021-07-26 08:15:00,5.2,17.26,22.57,34.02,0.2792,24.46,1108.6,218.5,0.905,urban,40.2,dry,0.2429,low,True
2021-07-26 08:30:00,0.71,1.23,1.86,3.71,0.7857,30.4,2478.7,245.9,0.871,forest,80.0,wet,0.2476,low,True
2021-07-26 09:45:00,0.1,0.29,0.58,1.44,0.4803,43.67,1611.0,253.6,0.29,agriculture,44.2,normal,0.1661,low,True
2021-07-26 12:00:00,63.74,97.42,122.13,155.39,0.5686,25.97,1138.1,170.5,0.049,forest,362.0,dry,0.4544,medium,True
2021-07-26 17:45:00,0.25,0.55,1.0,3.1,0.1799,30.56,764.5,119.6,0.184,agriculture,39.0,dry,0.135,low,True
2021-07-26 21:00:00,0.13,0.22,0.36,0.58,0.5017,43.57,1628.4,295.9,1.15,forest,44.3,normal,0.2071,low,True
2021-07-26 22:15:00,0.08,0.24,0.64,1.52,0.5022,27.76,2151.1,345.0,0.119,forest,117.4,normal,0.1869,low,True
2021-07-27 04:45:00,0.42,1.87,3.61,8.22,0.7506,31.64,1813.7,311.0,1.348,agriculture,120.3,wet,0.2427,low,True
2021-07-27 11:00:00,0.13,0.25,0.66,1.01,0.4852,30.95,2791.3,245.6,0.46,forest,295.4,normal,0.1325,low,True
2021-07-27 11:00:00,0.03,0.12,0.29,0.95,0.537,34.95,2804.3,129.7,0.752,agriculture,21.5,normal,0.2337,low,True
2021-07-27 12:00:00,0.01,0.03,0.07,0.22,0.7308,26.65,832.5,224.1,0.363,forest,344.4,wet,0.1341,low,True
2021-07-27 14:15:00,0.01,0.02,0.04,0.1,0.5016,32.0,705.6,36.4,1.616,forest,195.7,normal,0.1428,low,True
2021-07-28 00:30:00,2.13,4.89,6.87,17.05,0.6501,36.03,1138.2,192.2,0.164,agriculture,78.9,normal,0.2394,low,True
2021-07-28 01:15:00,64.53,87.87,102.69,154.11,0.9004,36.38,2023.2,281.2,0.51,agriculture,380.8,normal,0.782,critical,True
2021-07-28 01:15:00,39.91,72.35,93.17,116.94,0.99,15.57,1834.0,90.4,0.043,forest,150.0,wet,0.6358,high,True
2021-07-28 05:15:00,4.36,10.12,23.49,50.16,0.7633,49.54,2206.5,180.6,0.393,forest,625.1,normal,0.263,low,True
2021-07-28 05:45:00,0.03,0.07,0.11,0.22,0.5228,36.23,978.6,26.4,2.161,forest,1602.5,normal,0.188,low,True
2021-07-28 10:30:00,21.14,56.65,82.99,127.13,0.809,21.51,535.7,301.9,0.055,forest,538.4,normal,0.3717,medium,True
2021-07-28 13:15:00,0.0,0.0,0.0,0.01,0.4698,24.49,1245.2,126.1,0.424,forest,485.5,normal,0.1177,low,True
2021-07-28 16:45:00,13.6,21.09,52.73,96.01,0.5587,24.65,1952.0,209.6,0.553,forest,163.6,dry,0.2834,medium,True
2021-07-28 18:15:00,6.29,10.6,17.47,35.95,0.6931,25.15,1697.0,136.3,1.611,agriculture,277.7,normal,0.2918,medium,True
2021-07-28 18:15:00,2.23,5.14,7.41,21.62,0.3339,43.42,2347.4,215.1,0.212,agriculture,28.9,dry,0.2208,low,True
2021-07-28 23:00:00,80.44,108.01,119.23,167.26,0.5572,44.9,1172.8,267.9,0.419,forest,464.8,dry,0.5954,high,True
2021-07-28 23:45:00,57.07,84.32,110.33,123.18,0.99,38.83,2197.3,117.7,2.615,forest,403.4,wet,0.7818,critical,True
2021-07-29 03:15:00,0.04,0.1,0.26,0.44,0.5737,21.51,1235.7,186.9,0.879,forest,119.8,normal,0.1993,low,True
2021-07-29 03:45:00,0.05,0.19,0.42,1.34,0.2225,27.5,2067.0,286.2,0.998,agriculture,277.4,dry,0.0783,low,True
2021-07-29 06:45:00,0.79,3.17,4.71,7.24,0.2564,23.8,2057.1,247.6,0.91,urban,408.1,dry,0.1391,low,True
2021-07-29 11:45:00,0.02,0.08,0.21,0.49,0.5022,24.56,2545.5,20.5,0.434,agriculture,170.5,normal,0.1457,low,True
2021-07-29 16:00:00,19.78,44.53,82.78,121.44,0.7553,26.32,796.6,204.8,0.342,barren,462.6,normal,0.5298,high,True
2021-07-29 16:15:00,0.8,1.88,5.71,13.79,0.2091,24.44,2430.0,135.5,0.176,barren,567.6,dry,0.0,low,True
2021-07-29 18:15:00,6.88,15.76,33.26,53.86,0.505,24.98,1867.6,255.2,0.376,forest,98.6,dry,0.1821,low,True
2021-07-29 18:30:00,0.01,0.02,0.04,0.08,0.267,34.13,1636.2,6.0,0.012,forest,135.5,dry,0.182,low,True
2021-07-29 19:45:00,5.13,16.1,29.15,44.72,0.4627,28.08,1520.0,119.0,0.061,agriculture,189.7,dry,0.1241,low,True
2021-07-29 20:15:00,3.9,7.57,17.5,40.53,0.3574,49.07,1556.3,31.1,0.203,forest,104.1,dry,0.2315,low,True
2021-07-29 22:30:00,0.08,0.15,0.33,0.85,0.458,16.95,1623.7,331.4,0.244,agriculture,533.0,normal,0.0582,low,True
2021-07-30 01:00:00,0.61,1.09,1.8,4.85,0.2636,32.51,634.7,315.5,0.738,barren,306.9,dry,0.0729,low,True
2021-07-30 01:00:00,0.41,1.12,1.67,4.1,0.278,27.66,1746.4,348.5,0.113,barren,177.4,dry,0.1195,low,True
2021-07-30 03:00:00,0.07,0.18,0.46,1.21,0.8295,44.57,1690.9,231.6,0.953,forest,15.7,wet,0.2354,low,True
2021-07-30 05:15:00,0.16,0.42,0.89,1.96,0.8593,32.26,1205.2,290.5,0.968,agriculture,148.0,wet,0.2152,low,True
2021-07-30 06:30:00,0.09,0.38,1.21,1.83,0.2855,27.07,1619.7,220.3,0.531,agriculture,643.8,dry,0.1065,low,True
2021-07-30 08:30:00,8.55,25.44,47.33,78.04,0.5881,30.66,2262.0,177.1,0.406,barren,486.2,dry,0.2935,medium,True
2021-07-30 10:45:00,3.69,6.85,13.9,21.53,0.622,17.03,1231.1,300.2,0.378,barren,34.4,normal,0.2302,low,True
2021-07-30 10:45:00,14.4,33.15,60.14,98.32,0.876,24.56,916.5,279.4,0.327,urban,575.8,normal,0.5354,high,True
2021-07-30 11:00:00,0.56,1.81,3.09,6.83,0.8419,52.37,1166.4,264.0,0.056,forest,79.1,wet,0.2473,low,True
2021-07-30 11:15:00,0.59,1.81,4.1,8.72,0.5333,42.12,348.1,321.8,0.639,forest,1531.4,normal,0.107,low,True
2021-07-30 12:00:00,7.54,11.74,22.56,31.91,0.6321,33.31,2674.4,334.3,0.517,forest,720.2,normal,0.1325,low,True
2021-07-30 12:45:00,0.11,0.19,0.34,0.72,0.8031,25.32,1101.2,160.3,0.01,forest,865.7,wet,0.1056,low,True
2021-07-30 14:00:00,0.26,0.72,1.68,3.27,0.522,33.28,2357.7,101.8,0.136,urban,523.6,normal,0.1366,low,True
2021-07-30 14:45:00,0.09,0.24,0.74,1.44,0.3231,33.94,855.7,184.2,0.344,urban,444.2,dry,0.0694,low,True
2021-07-30 16:00:00,0.56,1.03,1.72,2.5,0.5347,43.48,1228.8,33.5,1.389,forest,108.1,normal,0.225,low,True
2021-07-30 16:15:00,0.48,1.28,2.38,4.89,0.2274,14.49,1638.5,337.7,2.78,forest,319.0,dry,0.0962,low,True
2021-07-30 19:15:00,1.57,3.71,6.86,11.78,0.2715,19.05,1986.4,354.2,0.835,forest,427.2,dry,0.1402,low,True
2021-07-31 03:00:00,3.02,6.96,17.26,36.3,0.9865,33.98,1558.2,235.0,0.83,barren,128.9,wet,0.3481,medium,True
2021-07-31 04:45:00,0.28,0.54,0.95,1.86,0.2225,35.11,676.3,268.6,0.322,forest,187.8,dry,0.1434,low,True
2021-07-31 08:00:00,0.45,0.95,2.63,4.01,0.1996,39.45,1566.7,116.5,0.508,forest,1038.4,dry,0.029,low,True
2021-07-31 11:15:00,11.22,30.62,59.66,112.06,0.99,29.29,2355.6,311.9,0.159,forest,193.5,wet,0.4919,medium,True
2021-07-31 13:00:00,23.91,68.85,90.77,139.32,0.893,32.67,1795.4,324.1,0.804,forest,142.6,normal,0.4784,medium,True
2021-07-31 13:45:00,0.73,1.23,2.34,3.36,0.2925,41.65,2929.4,27.7,0.037,urban,49.7,dry,0.1934,low,True
2021-07-31 14:15:00,0.14,0.41,1.29,1.93,0.221,51.02,1702.8,47.3,0.324,forest,156.1,dry,0.1518,low,True
2021-07-31 16:30:00,0.03,0.08,0.18,0.36,0.2193,21.99,2207.9,93.9,1.068,forest,341.5,dry,0.0996,low,True
2021-07-31 20:45:00,89.91,107.37,146.22,182.34,0.6005,23.83,1915.1,253.3,2.343,forest,65.9,dry,0.6612,high,True
2021-07-31 21:30:00,3.67,10.77,14.14,27.74,0.9066,26.15,1220.0,66.0,0.716,agriculture,335.4,wet,0.2473,low,True
2021-07-31 22:00:00,0.51,1.36,2.32,4.78,0.2993,28.2,1563.0,79.2,0.132,agriculture,483.1,dry,0.1429,low,True
2021-07-31 22:30:00,0.29,0.76,1.59,5.02,0.4683,38.65,2267.6,137.5,0.508,forest,521.7,normal,0.1209,low,True
2021-07-31 23:15:00,0.12,0.29,0.45,1.11,0.1764,23.81,1391.8,220.2,0.493,forest,1475.5,dry,0.0377,low,True
2021-08-01 04:00:00,2.78,4.69,7.5,17.2,0.9434,20.07,1839.7,351.5,2.025,barren,209.6,wet,0.3257,medium,True
2021-08-01 04:30:00,1.42,6.97,10.74,16.41,0.6047,26.48,1227.2,282.2,1.1,forest,21.5,normal,0.2118,low,True
2021-08-01 06:00:00,0.93,1.68,3.83,6.35,0.7785,37.34,2157.5,201.0,0.03,agriculture,685.1,wet,0.1756,low,True
2021-08-01 07:15:00,8.35,18.62,28.32,54.76,0.8547,34.48,1649.6,17.8,0.149,forest,40.5,normal,0.3718,medium,True
2021-08-01 10:00:00,4.2,10.48,13.56,25.39,0.99,65.0,2118.8,186.1,1.107,forest,702.3,wet,0.241,low,True
2021-08-01 15:30:00,11.2,19.94,29.41,51.74,0.9862,45.46,2347.2,73.5,2.156,agriculture,1430.0,wet,0.3152,medium,True
2021-08-01 16:15:00,0.15,0.62,1.19,1.91,0.5486,30.78,2003.0,108.0,0.209,barren,840.6,normal,0.1669,low,True
2021-08-01 19:00:00,3.53,7.48,15.4,26.9,0.281,34.15,1491.6,90.3,0.704,agriculture,1173.6,dry,0.1498,low,True
2021-08-01 21:15:00,0.45,1.07,1.7,3.34,0.2777,17.04,1502.6,125.1,0.221,forest,18.3,dry,0.1668,low,True
2021-08-01 22:30:00,0.19,0.87,1.36,2.51,0.29,26.53,336.6,22.4,0.025,agriculture,14.0,dry,0.1308,low,True
2021-08-02 02:00:00,10.02,20.61,38.56,62.13,0.5334,34.22,1857.0,207.7,1.061,agriculture,92.6,dry,0.3251,medium,True
2021-08-02 03:15:00,0.15,0.27,0.39,0.99,0.4988,43.23,2229.7,16.5,0.806,agriculture,571.1,normal,0.156,low,True
2021-08-02 06:00:00,3.38,9.83,23.12,31.77,0.6227,29.47,857.1,237.8,0.033,agriculture,42.8,normal,0.2703,low,True
2021-08-02 06:00:00,0.18,0.65,1.51,4.11,0.5333,34.9,1506.0,263.1,0.094,forest,490.4,normal,0.1293,low,True
2021-08-02 09:15:00,6.05,14.73,35.84,51.37,0.4131,44.66,1493.9,175.0,4.601,agriculture,14.4,dry,0.3401,medium,True
2021-08-02 09:30:00,2.43,7.43,9.94,15.03,0.3324,26.78,1878.3,281.3,0.631,agriculture,469.7,dry,0.1452,low,True
2021-08-02 13:30:00,0.18,0.42,0.98,1.44,0.1509,25.64,1688.0,348.3,0.967,forest,110.7,dry,0.1826,low,True
2021-08-02 14:00:00,0.59,1.19,2.26,7.25,0.5014,42.0,1052.8,122.4,0.295,agriculture,213.2,normal,0.1844,low,True
2021-08-02 16:45:00,0.01,0.04,0.08,0.13,0.5202,15.96,2566.7,222.8,0.438,forest,1322.8,normal,0.0803,low,True
2021-08-02 18:45:00,4.37,13.12,21.29,41.43,0.4135,32.7,599.0,116.5,0.58,forest,290.8,dry,0.1574,low,True
2021-08-02 20:15:00,0.46,0.84,1.35,2.24,0.5431,29.4,1236.3,159.6,0.984,urban,37.1,normal,0.2205,low,True
2021-08-03 04:15:00,103.58,153.52,184.74,225.78,0.8592,47.11,800.9,7.5,0.248,forest,732.6,normal,0.7589,critical,True
2021-08-03 05:30:00,0.22,0.71,1.19,2.53,0.9079,29.11,1813.4,26.8,0.669,forest,146.9,wet,0.2163,low,True
2021-08-03 07:45:00,4.43,10.53,13.54,23.79,0.3461,23.58,1878.6,287.1,0.897,agriculture,318.1,dry,0.0662,low,True
2021-08-03 09:45:00,6.85,11.71,16.49,28.42,0.6991,24.13,1529.9,50.4,0.981,urban,445.4,normal,0.1594,low,True
2021-08-03 10:30:00,2.41,6.09,13.27,18.98,0.2846,37.49,872.5,251.7,0.415,urban,536.0,dry,0.1516,low,True
2021-08-03 17:15:00,12.3,21.13,39.54,67.26,0.8021,30.84,1040.4,255.2,0.385,agriculture,208.3,normal,0.3417,medium,True
2021-08-03 19:15:00,0.84,1.44,2.67,6.99,0.5246,26.07,2135.3,358.6,0.066,forest,529.1,normal,0.1435,low,True
2021-08-03 20:45:00,0.41,1.86,3.5,9.57,0.5415,37.05,1552.1,250.4,0.413,urban,53.5,normal,0.1887,low,True
2021-08-03 22:45:00,0.63,1.11,2.38,3.82,0.2124,35.04,1327.2,46.3,0.726,agriculture,271.0,dry,0.1209,low,True
2021-08-03 23:30:00,0.03,0.07,0.17,0.38,0.1666,34.55,1182.1,225.6,1.52,forest,17.7,dry,0.1883,low,True
2021-08-04 01:30:00,0.19,0.68,1.21,1.85,0.45,41.2,1528.1,188.7,0.08,barren,192.5,normal,0.187,low,True
2021-08-04 05:45:00,0.11,0.2,0.45,0.98,0.4734,38.61,1941.6,330.3,2.082,forest,168.8,normal,0.1806,low,True
2021-08-04 06:00:00,0.84,2.15,5.17,7.39,0.5721,49.0,1453.1,248.5,0.16,forest,1348.0,normal,0.1574,low,True
2021-08-04 06:15:00,8.12,13.25,18.25,35.47,0.99,43.66,1859.7,186.7,0.116,barren,187.5,wet,0.3797,medium,True
2021-08-04 07:15:00,0.18,0.44,0.7,1.32,0.5029,36.16,662.4,224.7,0.073,agriculture,841.7,normal,0.1303,low,True
2021-08-04 09:45:00,0.21,0.42,0.7,1.4,0.5449,43.8,2280.6,159.6,2.771,forest,210.0,normal,0.2615,low,True
2021-08-04 10:00:00,2.7,6.6,11.57,18.79,0.505,32.73,1577.2,183.0,0.494,forest,276.8,normal,0.1396,low,True
2021-08-04 11:30:00,3.21,9.23,13.61,29.34,0.99,36.96,1011.6,260.0,0.189,agriculture,161.2,wet,0.2752,low,True
2021-08-04 12:45:00,0.16,0.35,0.84,2.35,0.5803,29.43,1864.5,28.2,0.229,forest,367.6,normal,0.1222,low,True
2021-08-04 13:45:00,0.39,1.71,2.65,7.44,0.2149,31.83,1708.5,221.5,1.801,forest,480.3,dry,0.0928,low,True
2021-08-04 13:45:00,3.49,6.94,16.67,23.28,0.5945,27.2,925.9,31.8,1.381,agriculture,558.0,normal,0.2279,low,True
2021-08-04 14:30:00,0.52,0.99,1.67,5.33,0.8012,29.35,1527.1,307.8,0.258,urban,424.4,wet,0.1055,low,True
2021-08-04 14:45:00,7.06,12.02,17.33,29.38,0.2734,35.31,1289.3,339.3,0.039,agriculture,150.1,dry,0.1871,low,True
2021-08-04 16:00:00,8.32,23.06,34.93,48.91,0.7513,20.06,839.4,280.9,1.076,barren,150.5,normal,0.325,medium,True
2021-08-04 16:00:00,5.05,9.11,14.01,33.53,0.8667,21.43,1347.0,258.5,1.475,barren,159.6,wet,0.3413,medium,True
2021-08-04 16:30:00,71.63,104.36,130.86,153.49,0.8547,21.04,972.8,339.7,1.09,agriculture,23.5,normal,0.8299,critical,True
2021-08-04 18:00:00,64.92,108.16,119.06,156.9,0.8489,29.13,866.1,78.7,1.465,forest,1013.0,normal,0.6929,high,True
2021-08-04 20:30:00,0.08,0.15,0.4,0.9,0.2403,42.99,1898.3,82.4,0.515,barren,86.2,dry,0.2398,low,True
2021-08-04 21:45:00,2.25,7.4,15.04,21.12,0.5773,38.59,1783.4,173.2,1.098,forest,70.7,normal,0.2223,low,True
2021-08-04 21:45:00,5.29,8.23,20.52,35.73,0.4179,25.95,1445.9,2.7,1.728,forest,291.3,dry,0.0886,low,True
2021-08-04 23:00:00,9.38,16.72,26.06,53.7,0.99,32.81,300.0,347.4,1.324,forest,27.0,wet,0.3639,medium,True
2021-08-05 02:30:00,7.43,11.46,27.78,46.27,0.7717,30.61,1557.1,11.6,0.531,barren,646.7,normal,0.2152,low,True
2021-08-05 03:15:00,0.05,0.17,0.5,0.8,0.5181,56.15,2056.3,214.6,0.824,forest,741.2,normal,0.1382,low,True
2021-08-05 05:30:00,0.04,0.17,0.38,0.68,0.5448,33.25,2326.6,127.4,0.767,forest,187.5,normal,0.1525,low,True
2021-08-05 09:15:00,0.31,1.44,2.93,5.6,0.2423,17.87,2210.5,37.1,0.975,agriculture,1254.3,dry,0.0259,low,True
2021-08-05 13:00:00,0.14,0.62,1.25,2.63,0.1989,24.78,886.2,8.9,0.156,urban,147.2,dry,0.1239,low,True
2021-08-05 13:30:00,13.31,32.08,59.01,81.02,0.5787,18.33,1133.3,94.5,0.001,agriculture,115.5,dry,0.2862,medium,True
2021-08-05 16:15:00,3.91,9.96,19.54,31.75,0.6731,25.12,1500.0,38.4,0.428,forest,1611.1,normal,0.1209,low,True
2021-08-05 17:30:00,0.08,0.15,0.47,1.43,0.5214,39.74,1554.0,338.5,0.87,forest,110.8,normal,0.2349,low,True
2021-08-05 19:45:00,57.39,91.23,116.12,157.83,0.7995,34.7,1618.2,88.1,0.08,agriculture,215.6,normal,0.8337,critical,True
2021-08-05 19:45:00,2.66,6.24,13.25,29.67,0.6883,28.83,2271.8,33.9,0.457,forest,341.2,normal,0.1367,low,True
2021-08-05 20:45:00,0.26,1.08,2.56,3.81,0.8319,41.06,1717.3,277.1,0.226,agriculture,146.3,wet,0.222,low,True
2021-08-05 22:00:00,0.03,0.05,0.1,0.28,0.1586,33.67,2328.2,149.1,1.093,forest,179.7,dry,0.0881,low,True
2021-08-06 01:00:00,0.29,0.59,0.86,1.8,0.5187,50.58,1135.6,303.7,0.063,urban,456.5,normal,0.1906,low,True
2021-08-06 02:00:00,0.13,0.29,0.64,1.27,0.2095,28.6,1366.3,301.8,1.13,agriculture,459.3,dry,0.0948,low,True
2021-08-06 02:45:00,0.01,0.02,0.05,0.14,0.5775,19.64,1345.3,357.3,0.566,forest,579.7,normal,0.1397,low,True
2021-08-06 03:45:00,17.25,33.25,51.62,93.47,0.5149,32.61,1566.2,289.4,1.511,barren,325.2,dry,0.3611,medium,True
2021-08-06 04:15:00,11.26,19.18,27.8,43.39,0.7285,39.14,786.1,77.1,1.646,forest,103.1,normal,0.3132,medium,True
2021-08-06 06:15:00,4.21,7.44,9.58,15.14,0.2904,32.94,2752.8,211.1,0.993,forest,151.8,dry,0.1952,low,True
2021-08-06 07:30:00,0.22,0.8,2.14,5.33,0.1546,47.57,1657.9,189.5,0.453,barren,818.4,dry,0.1387,low,True
2021-08-06 09:15:00,43.09,69.09,93.51,111.02,0.99,29.62,913.9,182.9,0.092,forest,473.1,wet,0.5243,high,True
2021-08-06 11:30:00,0.14,0.31,1.02,1.72,0.2106,20.92,947.6,106.9,0.153,forest,42.3,dry,0.173,low,True
2021-08-06 13:30:00,19.11,32.43,71.86,126.9,0.7289,24.14,1648.2,75.7,0.325,forest,500.3,normal,0.3345,medium,True
2021-08-06 22:00:00,3.68,7.01,10.44,21.45,0.6437,17.63,1955.4,258.1,0.783,forest,150.5,normal,0.2508,low,True
2021-08-06 22:45:00,2.42,6.62,9.99,23.23,0.6151,35.75,2164.0,36.6,0.472,forest,18.2,normal,0.2579,low,True
2021-08-06 23:15:00,3.66,5.87,10.32,17.68,0.6114,34.44,1628.4,17.9,0.346,barren,241.4,normal,0.2384,low,True
2021-08-06 23:30:00,10.65,19.87,29.11,43.81,0.7572,41.01,1966.0,137.2,0.39,agriculture,762.1,normal,0.2615,low,True
2021-08-07 01:30:00,36.47,56.16,97.69,117.57,0.524,17.14,1804.2,267.8,0.812,forest,215.7,dry,0.3392,medium,True
2021-08-07 06:00:00,9.22,14.24,22.11,51.2,0.3669,32.76,1537.0,312.7,0.021,forest,1582.2,dry,0.1254,low,True
2021-08-07 06:30:00,0.93,2.94,4.21,11.75,0.7212,23.03,1395.6,194.4,0.351,urban,78.6,wet,0.2435,low,True
2021-08-07 08:00:00,98.49,114.46,133.07,173.23,0.8985,18.01,1616.2,302.4,0.51,urban,161.3,normal,0.9017,critical,True
2021-08-07 09:00:00,0.99,2.27,3.26,5.72,0.8831,38.31,1530.4,9.1,0.533,agriculture,15.9,wet,0.2502,low,True
2021-08-07 09:15:00,3.04,4.72,7.46,17.98,0.5804,48.47,1596.3,163.9,0.578,barren,28.1,normal,0.3004,medium,True
2021-08-07 20:15:00,0.0,0.0,0.0,0.01,0.5549,17.94,1869.6,48.0,0.033,barren,163.1,normal,0.1301,low,True
2021-08-07 21:30:00,3.41,5.28,12.21,18.24,0.9356,40.33,2571.9,209.8,0.49,forest,273.1,wet,0.2594,low,True
2021-08-07 21:45:00,0.41,0.93,2.34,4.73,0.5643,26.03,997.3,331.6,0.48,forest,104.7,normal,0.1651,low,True
2021-08-07 22:30:00,0.18,0.47,0.89,2.81,0.5462,31.94,1656.9,2.6,1.158,forest,73.7,normal,0.2185,low,True
2021-08-08 00:15:00,7.72,15.97,33.68,53.64,0.7282,40.19,1811.1,240.6,0.856,barren,201.1,normal,0.2746,low,True
2021-08-08 00:15:00,0.35,1.15,1.85,5.85,0.6383,23.15,1377.2,285.2,0.019,barren,75.5,normal,0.2272,low,True
2021-08-08 01:15:00,0.02,0.1,0.22,0.38,0.4659,33.64,2248.0,268.0,0.487,agriculture,358.8,normal,0.106,low,True
2021-08-08 03:15:00,0.73,1.82,3.21,10.21,0.2858,30.41,1308.4,7.1,0.705,forest,1097.6,dry,0.0985,low,True
2021-08-08 05:45:00,0.23,0.59,0.98,1.99,0.4821,29.17,2004.7,62.6,0.521,agriculture,584.9,normal,0.1085,low,True
2021-08-08 06:45:00,0.11,0.33,0.62,1.29,0.2615,21.61,2355.7,34.0,0.677,barren,94.8,dry,0.2261,low,True
2021-08-08 07:45:00,19.53,52.49,79.8,139.66,0.5345,43.21,1838.6,30.8,0.074,barren,1066.5,dry,0.4693,medium,True
2021-08-08 08:00:00,0.09,0.35,0.8,2.0,0.5862,38.31,1494.3,262.9,0.111,forest,496.8,normal,0.1282,low,True
2021-08-08 08:30:00,0.38,0.86,1.5,2.39,0.2511,51.16,1888.5,152.9,0.524,agriculture,68.9,dry,0.1567,low,True
2021-08-08 12:30:00,0.17,0.53,0.78,2.53,0.9393,29.18,1361.7,260.9,0.968,forest,313.2,wet,0.2443,low,True
2021-08-08 15:00:00,19.27,46.66,80.72,115.88,0.99,44.4,1174.8,129.9,0.016,barren,1198.5,wet,0.6647,high,True
2021-08-08 15:15:00,9.57,20.41,36.67,53.81,0.99,33.8,1819.7,42.1,0.344,agriculture,45.6,wet,0.4731,medium,True
2021-08-08 16:30:00,0.19,0.44,0.77,1.2,0.5376,18.63,2049.9,258.6,2.901,forest,120.6,normal,0.2334,low,True
2021-08-08 17:00:00,0.05,0.24,0.61,1.09,0.445,28.77,1657.7,225.4,0.871,barren,174.0,normal,0.2003,low,True
2021-08-08 18:45:00,0.24,0.82,2.14,4.74,0.5929,50.09,1935.3,40.7,0.359,forest,53.0,normal,0.2493,low,True
2021-08-08 20:15:00,1.15,2.16,3.84,9.43,0.4774,39.16,2983.8,332.8,0.062,barren,134.5,normal,0.2247,low,True
2021-08-08 21:00:00,0.01,0.04,0.07,0.11,0.1666,43.66,2332.0,111.2,0.267,forest,422.5,dry,0.1124,low,True
2021-08-09 00:15:00,0.02,0.07,0.14,0.36,0.5316,21.29,1261.2,235.7,0.101,agriculture,237.0,normal,0.1239,low,True
2021-08-09 03:00:00,0.41,0.77,1.16,2.09,0.3967,25.81,1711.1,11.5,1.521,urban,201.3,normal,0.1124,low,True
2021-08-09 10:45:00,0.57,2.47,5.55,13.64,0.2442,28.68,1781.2,159.5,0.694,forest,207.9,dry,0.175,low,True
2021-08-09 11:15:00,8.44,28.03,69.03,101.4,0.6053,37.43,1095.7,347.2,1.162,agriculture,509.0,dry,0.2585,low,True
2021-08-09 11:30:00,4.59,13.08,19.81,34.29,0.6259,46.5,1969.4,319.1,1.367,agriculture,1669.8,normal,0.1941,low,True
2021-08-09 12:15:00,11.96,24.89,36.73,61.87,0.5548,27.75,1146.5,79.7,0.56,forest,320.9,dry,0.2052,low,True
2021-08-09 14:30:00,42.73,84.85,123.96,157.61,0.586,24.55,2003.7,316.5,0.004,agriculture,497.4,dry,0.5456,high,True
2021-08-09 16:15:00,0.02,0.07,0.17,0.45,0.1415,28.15,2759.9,105.5,0.487,barren,173.1,dry,0.0836,low,True
2021-08-09 16:30:00,89.76,105.56,127.83,156.54,0.7806,17.59,1524.3,306.8,0.973,urban,699.7,normal,0.7305,high,True
2021-08-09 18:00:00,3.9,6.29,15.65,25.91,0.624,27.79,1862.4,262.5,0.227,barren,200.9,normal,0.2292,low,True
2021-08-09 18:15:00,6.7,20.34,28.01,46.75,0.7343,24.11,1775.1,126.7,1.577,agriculture,967.3,normal,0.2555,low,True
2021-08-09 18:30:00,3.64,10.01,12.61,20.95,0.3274,36.61,1039.7,327.9,3.45,barren,486.2,dry,0.1276,low,True
2021-08-09 19:00:00,0.06,0.22,0.44,0.95,0.4508,38.62,1158.2,174.7,0.478,barren,440.2,normal,0.1514,low,True
2021-08-09 20:30:00,0.16,0.34,0.76,1.67,0.5285,35.42,1815.6,114.4,0.455,agriculture,129.9,normal,0.2012,low,True
2021-08-10 00:30:00,0.05,0.18,0.31,0.46,0.5518,28.09,1678.8,100.7,0.639,forest,566.6,normal,0.1308,low,True
2021-08-10 01:15:00,14.19,43.77,79.27,139.28,0.8396,18.94,1520.0,338.1,0.501,forest,48.9,normal,0.5155,medium,True
2021-08-10 01:45:00,0.7,2.12,4.1,6.2,0.6467,21.89,2159.3,273.1,0.105,barren,280.3,normal,0.0912,low,True
2021-08-10 03:15:00,0.09,0.16,0.31,0.49,0.4651,16.49,1879.6,126.0,0.19,agriculture,475.3,normal,0.0548,low,True
2021-08-10 04:30:00,0.33,0.66,1.85,4.24,0.5297,34.7,2922.3,91.5,0.135,barren,762.7,normal,0.1633,low,True
2021-08-10 06:00:00,17.12,27.38,34.34,46.22,0.4221,27.67,1042.9,76.2,0.045,forest,305.1,dry,0.205,low,True
2021-08-10 06:30:00,3.45,6.39,15.26,27.06,0.5909,48.55,1359.8,88.0,0.091,urban,114.6,normal,0.325,medium,True
2021-08-10 08:00:00,0.44,1.15,2.81,4.91,0.637,42.7,2471.9,40.0,2.152,forest,671.3,normal,0.2563,low,True
2021-08-10 15:45:00,43.41,61.37,85.17,122.96,0.8438,33.89,2612.8,174.5,0.486,agriculture,521.3,normal,0.619,high,True
2021-08-10 16:30:00,0.03,0.08,0.14,0.25,0.4722,25.3,1084.4,14.8,0.081,forest,68.4,normal,0.1777,low,True
2021-08-10 17:30:00,0.15,0.52,1.33,4.04,0.7671,47.28,1366.4,4.1,0.749,forest,730.6,wet,0.2329,low,True
2021-08-10 19:45:00,0.28,0.71,1.27,3.84,0.8729,24.43,1492.6,222.5,0.389,barren,1135.5,wet,0.1906,low,True
2021-08-10 20:00:00,0.33,1.25,2.41,3.71,0.5846,26.36,2445.1,31.9,0.153,urban,280.1,normal,0.1041,low,True
2021-08-10 20:15:00,0.19,0.88,1.64,2.42,0.5676,26.25,1518.6,304.3,1.725,forest,23.7,normal,0.2694,low,True
2021-08-10 21:00:00,0.27,0.64,1.88,3.04,0.2032,47.08,1498.1,38.4,0.153,forest,875.3,dry,0.189,low,True
2021-08-10 21:45:00,0.2,0.39,0.6,1.8,0.5063,29.37,1441.4,195.4,0.062,forest,55.8,normal,0.2131,low,True
2021-08-10 21:45:00,7.16,19.77,48.5,69.25,0.859,26.03,1665.3,243.2,0.138,forest,361.0,normal,0.2393,low,True
2021-08-10 22:30:00,4.06,7.66,12.42,26.48,0.567,40.67,1806.1,82.5,1.458,forest,189.3,normal,0.2077,low,True
2021-08-11 02:15:00,4.04,6.48,13.76,18.97,0.2477,28.78,2727.1,319.8,1.17,barren,1701.4,dry,0.0876,low,True
2021-08-11 03:30:00,0.04,0.07,0.16,0.43,0.3046,24.23,2478.5,173.3,1.348,urban,881.8,dry,0.0802,low,True
2021-08-11 04:00:00,9.81,20.37,30.31,54.21,0.527,30.84,950.9,113.5,1.487,forest,547.2,dry,0.1862,low,True
2021-08-11 07:00:00,0.05,0.11,0.25,0.61,0.1742,26.91,1487.5,324.4,0.048,agriculture,87.8,dry,0.127,low,True
2021-08-11 10:00:00,2.6,8.28,17.59,33.02,0.323,52.47,1612.2,309.0,0.745,forest,430.5,dry,0.1839,low,True
2021-08-11 14:15:00,0.26,0.55,0.84,1.71,0.5464,25.59,1333.8,255.5,0.655,forest,307.1,normal,0.1667,low,True
2021-08-11 16:30:00,2.3,4.04,8.89,22.2,0.4112,17.17,2201.6,104.6,2.969,forest,60.9,dry,0.2615,low,True
2021-08-11 19:45:00,70.51,92.99,131.85,166.18,0.8457,51.94,2409.0,140.5,0.752,agriculture,564.1,normal,0.7769,critical,True
2021-08-11 21:00:00,1.44,2.88,5.34,15.12,0.8759,34.7,1312.1,248.3,0.942,forest,41.6,wet,0.2942,medium,True
2021-08-11 21:00:00,12.75,38.16,75.7,125.89,0.6231,38.52,1607.2,66.7,0.753,forest,240.0,dry,0.2726,low,True
2021-08-11 21:15:00,0.49,1.04,2.18,5.24,0.8074,43.12,2138.2,178.2,0.581,forest,204.6,wet,0.2174,low,True
2021-08-11 22:15:00,7.56,12.35,19.64,46.73,0.745,38.38,2241.0,265.6,0.483,forest,584.3,normal,0.2028,low,True
2021-08-11 22:15:00,0.04,0.19,0.28,0.85,0.5107,37.12,1297.7,236.8,2.089,forest,205.3,normal,0.1512,low,True
2021-08-11 22:45:00,2.11,5.74,12.4,25.58,0.2625,17.55,1886.9,259.2,1.653,urban,424.8,dry,0.0927,low,True
2021-08-12 01:45:00,0.67,2.23,3.73,8.33,0.2707,43.82,1184.2,321.1,0.346,barren,237.7,dry,0.1638,low,True
2021-08-12 02:45:00,28.64,52.49,71.37,132.68,0.7804,27.89,2234.0,348.6,0.201,barren,315.3,normal,0.6308,high,True
2021-08-12 03:30:00,0.96,2.37,4.76,7.2,0.2197,62.57,1163.5,165.0,0.427,forest,106.5,dry,0.1379,low,True
2021-08-12 04:00:00,2.66,6.47,10.57,24.77,0.2004,60.53,1667.2,21.6,0.823,forest,89.2,dry,0.1892,low,True
2021-08-12 04:00:00,0.04,0.1,0.23,0.6,0.1956,31.59,1315.0,300.4,0.307,forest,443.2,dry,0.0531,low,True
2021-08-12 04:00:00,17.34,48.79,78.89,96.24,0.9129,60.63,1010.3,42.5,0.462,forest,55.7,normal,0.4169,medium,True
2021-08-12 05:45:00,2.28,5.02,9.35,15.66,0.2903,32.22,1257.6,79.0,0.213,barren,77.7,dry,0.0983,low,True
2021-08-12 08:00:00,2.51,5.12,7.06,15.22,0.8088,38.54,1392.5,235.1,0.335,forest,1000.3,wet,0.1423,low,True
2021-08-12 09:30:00,0.39,0.77,1.27,2.75,0.2813,33.65,2349.0,268.5,1.892,forest,112.2,dry,0.1513,low,True
2021-08-12 09:45:00,0.08,0.19,0.39,1.29,0.7506,24.98,1317.2,250.1,0.145,agriculture,146.7,wet,0.216,low,True
2021-08-12 13:15:00,6.64,19.28,28.02,49.72,0.4174,33.6,1643.4,157.9,2.692,forest,361.0,dry,0.2073,low,True
2021-08-12 13:30:00,96.12,126.7,157.53,209.29,0.9187,26.76,1196.2,330.5,0.146,urban,213.2,normal,0.8242,critical,True
2021-08-12 16:00:00,0.17,0.53,1.53,4.39,0.5254,30.7,2152.5,299.6,0.231,forest,296.5,normal,0.1772,low,True
2021-08-12 18:00:00,0.18,0.51,1.56,2.41,0.5693,54.69,2233.6,238.9,0.055,agriculture,64.7,normal,0.2603,low,True
2021-08-12 22:00:00,0.18,0.87,1.36,2.46,0.2134,36.01,2070.5,158.8,0.837,forest,400.6,dry,0.1234,low,True
2021-08-12 22:45:00,0.26,1.12,1.66,4.68,0.576,47.19,1387.4,167.0,0.011,urban,69.6,normal,0.233,low,True
2021-08-13 01:45:00,0.08,0.21,0.36,1.09,0.207,32.71,1201.2,63.3,0.93,forest,492.0,dry,0.048,low,True
2021-08-13 02:00:00,0.1,0.28,0.42,0.89,0.4993,36.02,1047.0,280.7,0.516,agriculture,269.5,normal,0.1831,low,True
2021-08-13 04:00:00,0.64,1.93,6.09,10.56,0.3384,40.97,2061.3,311.7,0.829,forest,602.9,dry,0.1409,low,True
2021-08-13 04:45:00,41.97,80.44,103.98,128.54,0.8822,19.28,1324.2,297.8,0.917,barren,76.3,normal,0.7487,critical,True
2021-08-13 10:30:00,4.46,14.63,24.06,41.14,0.3721,24.37,2110.7,197.0,0.08,forest,175.9,dry,0.1912,low,True
2021-08-13 10:45:00,0.02,0.03,0.06,0.12,0.1593,43.49,1087.1,301.7,0.013,forest,666.7,dry,0.0502,low,True
2021-08-13 11:45:00,0.44,0.89,1.57,2.7,0.5985,35.68,1474.8,284.5,0.111,urban,571.1,normal,0.1434,low,True
2021-08-13 12:15:00,10.87,18.68,23.88,51.57,0.99,20.39,1326.7,299.6,0.291,urban,1191.0,wet,0.3653,medium,True
2021-08-13 12:45:00,5.27,8.72,21.53,28.73,0.6634,43.78,1171.2,353.5,0.046,forest,97.8,normal,0.3066,medium,True
2021-08-13 13:30:00,4.97,10.17,14.17,20.51,0.6428,46.79,552.9,291.6,0.366,barren,281.0,normal,0.2098,low,True
2021-08-13 15:00:00,2.35,4.68,11.26,20.1,0.553,15.89,805.7,97.4,0.201,forest,16.3,normal,0.2057,low,True
2021-08-13 16:15:00,0.04,0.08,0.17,0.36,0.4669,41.95,2276.9,295.5,0.271,barren,1185.7,normal,0.1181,low,True
2021-08-13 17:15:00,0.39,0.79,1.92,3.81,0.227,40.58,1098.3,135.2,1.692,agriculture,77.4,dry,0.2251,low,True
2021-08-13 18:00:00,0.35,1.25,2.0,2.94,0.1972,50.27,2001.9,185.8,0.773,agriculture,832.8,dry,0.05,low,True
2021-08-13 19:15:00,0.63,1.07,2.26,4.35,0.8969,42.94,1609.1,286.7,0.644,urban,407.0,wet,0.2491,low,True
2021-08-14 00:45:00,0.1,0.25,0.76,1.65,0.5226,55.3,1393.3,114.0,0.636,barren,976.8,normal,0.0988,low,True
2021-08-14 01:45:00,0.19,0.43,0.84,1.23,0.4131,23.78,1345.6,9.4,0.486,forest,109.9,normal,0.1721,low,True
2021-08-14 08:00:00,4.03,9.36,16.15,25.97,0.6464,27.69,1550.7,258.5,0.432,barren,158.2,normal,0.1775,low,True
2021-08-14 08:45:00,0.02,0.03,0.06,0.1,0.5106,51.58,1999.7,324.8,1.283,forest,72.9,normal,0.2183,low,True
2021-08-14 09:15:00,9.37,14.77,22.4,54.4,0.8306,26.09,863.3,334.0,0.047,barren,202.1,normal,0.3472,medium,True
2021-08-14 09:30:00,4.31,8.12,12.17,27.69,0.5843,65.0,1560.5,287.6,0.204,agriculture,1041.4,normal,0.1581,low,True
2021-08-14 10:45:00,0.65,1.69,3.62,6.55,0.3385,17.83,1830.8,336.7,0.066,forest,306.3,dry,0.1401,low,True
2021-08-14 15:30:00,0.42,1.05,1.55,3.09,0.4902,17.51,2046.5,295.4,0.007,agriculture,198.3,normal,0.1613,low,True
2021-08-14 18:30:00,4.34,7.95,18.95,39.57,0.7459,21.23,2206.2,10.8,0.008,agriculture,147.5,normal,0.2246,low,True
2021-08-14 19:15:00,99.19,144.81,175.32,207.03,0.99,32.38,1489.9,125.9,0.015,agriculture,317.6,wet,0.8687,critical,True
2021-08-14 20:00:00,0.23,1.02,2.12,5.71,0.6033,46.45,759.2,121.0,0.687,forest,459.6,normal,0.1963,low,True
2021-08-14 20:30:00,0.13,0.39,0.58,1.05,0.4627,37.99,1843.6,78.9,0.071,forest,192.8,normal,0.1936,low,True
2021-08-14 21:30:00,0.23,0.81,1.4,3.38,0.2218,36.76,1528.6,287.3,0.136,barren,101.9,dry,0.1812,low,True
2021-08-15 00:00:00,0.07,0.18,0.45,0.92,0.2058,30.06,2322.9,187.2,0.326,forest,317.8,dry,0.0628,low,True
2021-08-15 02:30:00,0.68,1.16,2.76,7.11,0.8176,18.3,1720.0,301.1,0.188,forest,169.3,wet,0.2176,low,True
2021-08-15 03:15:00,0.29,1.22,2.27,6.38,0.4433,19.7,2329.0,216.5,1.018,agriculture,1820.1,normal,0.1104,low,True
2021-08-15 04:45:00,67.8,116.25,145.53,165.91,0.9096,16.98,1284.7,212.6,0.586,forest,213.6,normal,0.7628,critical,True
2021-08-15 07:00:00,5.02,14.67,29.84,41.18,0.7109,24.39,2328.8,138.3,0.243,agriculture,209.5,normal,0.1941,low,True
2021-08-15 11:15:00,8.82,19.56,34.65,51.54,0.5357,21.93,1694.1,284.3,0.229,agriculture,650.2,dry,0.2008,low,True
2021-08-15 14:15:00,0.83,2.53,6.23,9.97,0.447,32.39,1850.6,245.9,0.691,agriculture,111.2,normal,0.1999,low,True
2021-08-15 16:30:00,94.18,124.03,152.32,170.09,0.5355,28.31,569.9,122.0,0.112,forest,33.9,dry,0.5585,high,True
2021-08-15 16:45:00,7.93,17.61,25.67,37.25,0.9692,24.61,2266.2,357.7,0.198,forest,683.0,wet,0.229,low,True
2021-08-15 17:00:00,2.47,5.52,9.61,17.39,0.5598,29.02,1489.7,166.6,0.262,forest,321.2,normal,0.2291,low,True
2021-08-15 19:45:00,0.37,0.69,1.61,2.67,0.2068,30.52,1897.1,114.0,0.364,barren,115.5,dry,0.1076,low,True
2021-08-15 20:45:00,0.9,1.67,3.4,5.15,0.8365,19.19,1403.0,247.6,0.127,forest,156.9,wet,0.209,low,True
2021-08-15 22:15:00,0.59,2.53,3.82,6.03,0.8079,27.88,2291.4,80.2,0.103,urban,204.1,wet,0.2004,low,True
2021-08-15 22:45:00,0.01,0.02,0.05,0.09,0.2093,23.95,1736.1,299.0,2.761,agriculture,409.2,dry,0.1404,low,True
2021-08-15 23:00:00,4.42,8.53,11.28,28.08,0.9125,23.69,1688.3,244.9,1.466,urban,231.0,wet,0.3045,medium,True
2021-08-15 23:30:00,0.34,1.18,2.61,4.72,0.8889,31.85,2736.2,313.2,0.445,forest,186.4,wet,0.2716,low,True
2021-08-16 02:30:00,9.56,24.72,54.9,109.66,0.8629,46.23,300.0,118.5,0.87,forest,540.7,normal,0.3828,medium,True
2021-08-16 03:00:00,4.66,7.24,14.31,33.99,0.99,32.06,1354.1,307.6,0.673,urban,36.1,wet,0.3284,medium,True
2021-08-16 04:45:00,2.09,5.02,10.53,15.19,0.5093,65.0,1506.3,180.3,0.047,forest,380.0,normal,0.1151,low,True
2021-08-16 05:30:00,0.0,0.01,0.02,0.04,0.5311,33.59,1103.2,21.3,0.438,forest,218.6,normal,0.2152,low,True
2021-08-16 10:15:00,0.48,1.23,2.43,6.57,0.8762,45.73,1799.2,69.9,0.122,forest,152.7,wet,0.2584,low,True
2021-08-16 13:30:00,35.48,78.72,113.53,138.96,0.8997,21.05,796.8,78.4,0.526,urban,928.8,normal,0.6779,high,True
2021-08-16 13:45:00,0.4,1.69,4.78,8.16,0.4641,21.7,821.2,276.5,0.038,agriculture,536.7,normal,0.1214,low,True
2021-08-16 14:00:00,8.76,13.74,24.33,51.24,0.7956,32.55,1862.1,73.1,0.107,agriculture,96.6,normal,0.3097,medium,True
2021-08-16 18:45:00,18.27,41.83,76.17,114.39,0.99,25.31,1051.3,202.3,0.913,barren,379.8,wet,0.5384,high,True
2021-08-16 19:00:00,0.46,0.92,2.35,4.65,0.5223,15.83,1907.1,234.9,1.112,forest,614.7,normal,0.0655,low,True
2021-08-16 21:30:00,0.54,0.94,2.08,3.4,0.5218,44.28,1241.0,278.6,1.428,barren,1599.4,normal,0.179,low,True
2021-08-17 00:00:00,0.4,1.31,2.93,4.87,0.5256,36.51,1097.4,282.2,1.362,forest,429.6,normal,0.2024,low,True
2021-08-17 02:00:00,15.48,26.3,43.95,81.65,0.5253,31.99,1007.6,258.3,1.425,barren,420.7,dry,0.3105,medium,True
2021-08-17 04:45:00,0.1,0.38,1.21,2.72,0.1547,29.95,1028.9,76.7,0.06,forest,342.5,dry,0.0357,low,True
2021-08-17 05:30:00,8.66,15.66,21.03,52.38,0.7088,33.1,1343.0,195.6,0.646,forest,24.3,normal,0.366,medium,True
2021-08-17 10:00:00,4.79,9.38,16.62,32.2,0.6492,27.13,1121.3,104.5,0.724,agriculture,317.9,normal,0.273,low,True
2021-08-17 11:00:00,17.94,30.1,61.03,72.59,0.99,23.75,1525.0,279.0,0.187,forest,582.3,wet,0.4087,medium,True
2021-08-17 14:00:00,6.93,12.53,30.96,44.8,0.8315,38.74,483.7,269.3,2.971,agriculture,186.1,normal,0.3574,medium,True
2021-08-17 18:30:00,12.41,29.61,66.93,97.04,0.99,23.52,1091.8,82.7,0.202,forest,319.5,wet,0.4405,medium,True
2021-08-17 19:30:00,3.22,5.52,10.23,19.8,0.2996,34.11,2349.5,230.9,0.513,forest,923.6,dry,0.0308,low,True
2021-08-17 20:00:00,0.22,0.57,1.34,3.23,0.8033,59.91,845.6,21.0,1.235,agriculture,76.1,wet,0.3515,medium,True
2021-08-17 20:45:00,5.29,8.9,14.19,27.68,0.3249,49.17,1202.0,276.7,0.205,agriculture,125.2,dry,0.2636,low,True
2021-08-18 03:00:00,0.09,0.18,0.37,0.55,0.5198,25.71,2343.5,280.9,0.56,forest,50.9,normal,0.2521,low,True
2021-08-18 03:00:00,0.89,1.61,2.34,7.24,0.5043,27.64,1575.5,124.9,0.764,agriculture,252.8,normal,0.1059,low,True
2021-08-18 06:00:00,0.12,0.22,0.62,1.01,0.5153,53.08,566.5,290.3,0.591,forest,650.6,normal,0.1876,low,True
2021-08-18 07:45:00,0.38,1.09,1.7,4.22,0.1381,30.24,1957.4,309.0,0.312,forest,210.0,dry,0.1021,low,True
2021-08-18 10:30:00,0.03,0.17,0.35,0.63,0.2095,47.16,2311.3,68.4,1.738,forest,35.3,dry,0.2091,low,True
2021-08-18 14:45:00,2.93,7.24,11.75,20.12,0.5505,31.6,1585.4,126.3,0.569,urban,117.1,normal,0.1816,low,True
2021-08-18 16:00:00,0.22,0.46,0.69,1.49,0.4347,35.45,1265.0,94.0,0.152,agriculture,781.6,normal,0.0406,low,True
2021-08-18 16:45:00,8.16,13.59,32.1,62.22,0.99,30.95,554.7,134.8,0.984,forest,295.4,wet,0.2826,medium,True
2021-08-18 18:00:00,6.47,10.26,17.97,32.52,0.6442,32.79,1308.5,160.9,0.64,agriculture,869.0,normal,0.1685,low,True
2021-08-18 20:45:00,0.31,0.71,1.74,5.07,0.8138,53.82,852.2,183.6,0.07,barren,639.4,wet,0.1234,low,True
2021-08-18 21:15:00,0.33,0.68,1.13,3.23,0.1587,14.44,1594.9,12.6,0.196,forest,197.2,dry,0.0642,low,True
2021-08-18 21:45:00,3.45,7.36,9.63,20.17,0.3035,39.55,2096.6,19.9,0.103,barren,361.4,dry,0.1276,low,True
2021-08-18 21:45:00,0.82,2.17,3.44,8.24,0.5557,33.04,1006.6,235.9,0.045,forest,392.2,normal,0.1384,low,True
2021-08-18 22:00:00,84.72,112.49,149.98,165.29,0.99,47.37,2011.0,159.4,0.157,barren,490.7,wet,0.8228,critical,True
2021-08-18 22:30:00,0.04,0.18,0.37,0.91,0.5443,34.15,548.0,32.3,0.196,agriculture,151.7,normal,0.1713,low,True
2021-08-19 01:15:00,0.2,0.73,1.67,3.34,0.2273,38.36,1451.4,139.0,0.377,forest,129.4,dry,0.1407,low,True
2021-08-19 01:30:00,0.94,2.84,4.17,8.79,0.2561,30.86,394.6,171.2,2.089,forest,413.9,dry,0.1076,low,True
2021-08-19 03:15:00,4.83,10.29,17.22,37.7,0.7408,65.0,1709.3,228.8,1.722,urban,607.8,normal,0.2991,medium,True
2021-08-19 05:30:00,0.15,0.27,0.57,1.44,0.4861,22.82,2276.2,42.6,0.841,barren,197.2,normal,0.1726,low,True
2021-08-19 05:45:00,0.3,0.64,0.96,2.53,0.4914,41.45,1339.0,358.1,0.624,agriculture,145.5,normal,0.1458,low,True
2021-08-19 08:00:00,9.8,23.53,44.15,69.35,0.781,39.44,1697.0,170.9,1.766,forest,621.1,normal,0.3058,medium,True
2021-08-19 09:15:00,0.3,0.54,1.68,3.09,0.4569,25.21,1297.9,245.1,0.092,forest,416.5,normal,0.0959,low,True
2021-08-19 09:45:00,0.03,0.11,0.24,0.64,0.8418,24.22,1812.2,327.0,0.241,forest,157.3,wet,0.1704,low,True
2021-08-19 10:30:00,6.33,14.32,23.85,42.2,0.7204,30.92,2086.4,11.5,0.484,forest,274.0,normal,0.2312,low,True
2021-08-19 13:00:00,9.52,19.73,31.54,53.13,0.655,26.93,1591.8,216.5,1.009,agriculture,1144.2,normal,0.265,low,True
2021-08-19 18:30:00,30.33,55.71,87.9,109.05,0.99,32.2,1281.1,194.5,0.587,urban,495.0,wet,0.5907,high,True
2021-08-19 21:00:00,5.03,8.31,14.62,32.63,0.624,35.18,1772.2,20.7,0.993,agriculture,97.7,normal,0.1948,low,True
2021-08-19 21:45:00,8.65,15.45,26.24,52.74,0.7815,24.09,2689.1,249.5,0.1,forest,132.4,normal,0.3121,medium,True
2021-08-19 22:30:00,0.06,0.14,0.25,0.41,0.8117,39.95,1789.0,79.5,0.128,agriculture,117.9,wet,0.197,low,True
2021-08-19 23:15:00,0.22,0.94,2.24,3.95,0.2594,27.29,836.1,252.7,0.81,urban,670.2,dry,0.0358,low,True
2021-08-20 07:15:00,75.33,107.35,126.2,164.39,0.7869,30.38,2735.3,130.5,0.257,barren,369.0,normal,0.8036,critical,True
2021-08-20 07:30:00,9.2,25.2,34.82,51.9,0.4066,14.53,1111.2,277.2,0.344,agriculture,994.7,dry,0.0656,low,True
2021-08-20 08:00:00,0.05,0.18,0.35,0.93,0.2832,56.46,1129.7,339.0,0.941,urban,43.4,dry,0.2274,low,True
2021-08-20 08:30:00,0.55,0.97,1.62,5.17,0.3106,26.24,2205.0,309.8,0.044,barren,28.7,dry,0.1909,low,True
2021-08-20 11:00:00,4.7,8.98,14.94,22.72,0.3466,23.75,1348.0,173.7,0.11,forest,404.7,dry,0.0578,low,True
2021-08-20 12:00:00,0.06,0.16,0.26,0.84,0.4453,16.42,1898.4,81.1,0.21,forest,118.5,normal,0.0729,low,True
2021-08-20 15:30:00,0.62,1.23,2.41,3.9,0.7956,27.82,1855.1,357.3,1.29,urban,407.9,wet,0.155,low,True
2021-08-20 17:00:00,0.42,0.85,2.31,4.23,0.4959,23.74,1864.1,237.4,0.311,agriculture,459.9,normal,0.1686,low,True
2021-08-20 17:00:00,6.17,13.6,21.99,41.27,0.67,46.69,2466.6,142.5,0.174,forest,137.1,normal,0.2308,low,True
2021-08-20 21:45:00,0.01,0.01,0.02,0.05,0.4783,29.66,1439.1,173.3,0.681,agriculture,1077.7,normal,0.0732,low,True
2021-08-20 23:45:00,0.1,0.42,1.22,3.74,0.8375,28.37,1620.3,46.1,0.018,agriculture,531.7,wet,0.1343,low,True
2021-08-21 00:15:00,5.4,15.6,26.3,55.0,0.99,25.85,1049.8,181.9,0.895,urban,170.2,wet,0.4505,medium,True
2021-08-21 01:00:00,3.67,7.84,12.39,21.23,0.8644,22.7,2048.0,62.3,0.718,forest,195.9,wet,0.2475,low,True
2021-08-21 01:45:00,0.5,1.02,3.03,4.63,0.8252,27.44,1723.6,131.7,0.034,agriculture,450.4,wet,0.1552,low,True
2021-08-21 03:15:00,3.41,8.36,16.1,21.53,0.3679,47.94,2354.8,177.0,0.414,barren,136.9,dry,0.1359,low,True
2021-08-21 05:15:00,0.77,1.71,3.31,6.84,0.5401,21.89,1821.0,341.2,0.311,forest,132.5,normal,0.1888,low,True
2021-08-21 07:15:00,4.5,12.01,18.77,40.87,0.8051,23.49,2638.8,224.9,0.103,forest,353.2,normal,0.17,low,True
2021-08-21 12:00:00,0.53,1.25,2.81,8.03,0.5782,19.42,1523.5,133.9,0.1,urban,60.7,normal,0.2056,low,True
2021-08-21 13:00:00,9.05,15.18,25.31,46.16,0.7651,27.2,1741.1,40.7,0.105,agriculture,1764.2,normal,0.1538,low,True
2021-08-21 14:45:00,6.35,10.17,16.98,36.14,0.4164,37.34,1641.5,269.0,0.549,agriculture,128.5,dry,0.2588,low,True
2021-08-21 15:00:00,6.22,12.21,18.67,45.93,0.4722,26.74,1183.6,168.1,0.113,agriculture,178.8,dry,0.1712,low,True
2021-08-21 16:45:00,0.6,1.97,2.93,4.55,0.8496,35.71,425.8,24.5,0.037,forest,98.9,wet,0.2722,low,True
2021-08-21 17:15:00,0.17,0.34,0.67,1.44,0.5348,51.22,1734.8,236.5,1.896,urban,371.0,normal,0.2147,low,True
2021-08-21 17:30:00,32.44,55.72,88.9,104.93,0.5449,30.3,639.5,126.0,0.024,forest,31.8,dry,0.3004,medium,True
2021-08-21 18:00:00,0.0,0.01,0.01,0.03,0.256,28.61,1878.5,145.4,0.654,forest,930.0,dry,0.0308,low,True
2021-08-21 18:45:00,5.7,13.46,25.62,38.05,0.7219,38.17,2293.6,302.0,1.65,forest,136.8,normal,0.2757,low,True
2021-08-21 19:00:00,0.03,0.11,0.28,0.74,0.493,26.53,1564.3,49.4,0.023,forest,927.9,normal,0.004,low,True
2021-08-21 21:15:00,6.66,15.83,23.61,39.39,0.7494,16.85,1829.1,122.5,2.024,barren,112.3,normal,0.2581,low,True
2021-08-21 22:30:00,6.76,11.5,17.8,25.94,0.3174,14.24,1849.5,130.9,0.419,barren,262.4,dry,0.1749,low,True
2021-08-22 01:15:00,0.42,1.43,2.52,7.41,0.1553,43.85,2170.0,1.2,0.923,urban,425.8,dry,0.1258,low,True
2021-08-22 05:00:00,0.05,0.2,0.55,1.2,0.5241,35.77,1541.0,304.3,0.589,forest,341.9,normal,0.1619,low,True
2021-08-22 07:00:00,7.21,17.53,34.99,61.74,0.8233,37.43,874.9,300.7,0.576,barren,261.5,normal,0.3886,medium,True
2021-08-22 11:00:00,1.09,2.55,4.91,7.32,0.2068,52.43,549.5,238.3,0.933,agriculture,553.8,dry,0.1651,low,True
2021-08-22 11:45:00,23.11,58.83,83.62,130.12,0.87,49.09,1392.2,323.6,0.041,barren,232.5,normal,0.6753,high,True
2021-08-22 12:45:00,0.01,0.02,0.05,0.09,0.4286,21.02,622.1,98.2,0.299,barren,151.8,normal,0.1436,low,True
2021-08-22 14:00:00,4.11,12.31,20.44,38.32,0.99,28.56,1622.7,79.4,2.095,forest,453.8,wet,0.2201,low,True
2021-08-22 14:00:00,2.79,7.0,12.28,26.62,0.2822,16.94,1750.9,24.7,0.034,forest,979.1,dry,0.0297,low,True
2021-08-22 18:30:00,1.41,2.43,3.61,6.96,0.605,18.95,1283.4,213.1,0.183,forest,331.9,normal,0.1296,low,True
2021-08-22 23:00:00,14.51,27.89,53.86,66.18,0.99,36.15,2042.9,178.7,0.669,agriculture,124.8,wet,0.4934,medium,True
2021-08-23 00:00:00,2.48,5.88,8.48,18.72,0.99,59.7,1696.3,291.7,0.064,urban,513.6,wet,0.2222,low,True
2021-08-23 01:00:00,5.26,8.7,14.48,19.56,0.906,37.36,1202.5,173.3,0.462,forest,512.3,wet,0.2532,low,True
2021-08-23 01:30:00,8.56,16.63,31.82,53.07,0.7192,17.81,1326.9,73.2,0.75,forest,118.6,normal,0.257,low,True
2021-08-23 03:15:00,114.75,158.29,181.94,232.76,0.5841,14.16,2410.0,291.5,0.85,forest,179.9,dry,0.6158,high,True
2021-08-23 06:45:00,3.81,11.54,27.73,52.55,0.7542,26.25,579.5,164.0,0.494,barren,63.2,normal,0.434,medium,True
2021-08-23 07:00:00,8.59,18.68,28.01,42.65,0.7149,44.48,1455.6,344.1,0.417,forest,39.1,normal,0.2665,low,True
2021-08-23 07:30:00,40.45,84.69,100.11,159.61,0.9226,26.17,1719.1,192.4,0.751,forest,586.4,normal,0.5885,high,True
2021-08-23 08:30:00,0.04,0.07,0.16,0.35,0.5058,33.85,1235.5,42.0,0.094,forest,173.1,normal,0.1444,low,True
2021-08-23 08:45:00,0.05,0.08,0.13,0.19,0.4923,28.9,1166.6,306.4,0.685,agriculture,125.6,normal,0.213,low,True
2021-08-23 16:30:00,0.02,0.08,0.23,0.5,0.7811,19.63,2262.7,316.2,1.51,agriculture,113.5,wet,0.1739,low,True
2021-08-23 17:45:00,26.12,68.06,118.29,139.48,0.5536,19.73,2825.1,160.4,0.689,barren,37.2,dry,0.5327,high,True
2021-08-23 18:00:00,48.76,77.14,105.1,152.28,0.5246,47.06,1399.4,9.4,0.029,forest,1476.7,dry,0.3904,medium,True
2021-08-23 20:45:00,1.12,3.23,4.94,7.4,0.5261,38.46,1615.3,10.7,0.423,agriculture,170.1,normal,0.2138,low,True
2021-08-23 21:15:00,111.04,158.35,180.7,211.77,0.5763,32.09,1948.1,126.4,0.777,forest,72.8,dry,0.6263,high,True
2021-08-23 22:45:00,0.9,1.84,3.71,11.06,0.4941,37.29,988.9,257.8,0.027,forest,708.6,normal,0.1403,low,True
2021-08-24 00:45:00,5.05,16.54,24.18,37.84,0.3605,34.87,1642.1,119.2,0.862,agriculture,459.5,dry,0.0741,low,True
2021-08-24 02:00:00,15.79,28.36,48.11,85.59,0.8522,34.27,2520.1,2.8,0.198,forest,390.3,normal,0.3139,medium,True
2021-08-24 04:00:00,7.18,15.9,23.65,43.78,0.8054,25.29,3030.1,305.5,0.533,agriculture,133.4,normal,0.2747,low,True
2021-08-24 06:30:00,24.43,48.69,82.06,139.7,0.5724,27.14,851.1,348.7,2.035,forest,197.9,dry,0.3662,medium,True
2021-08-24 11:00:00,5.12,11.74,18.88,32.36,0.403,24.39,1063.1,124.7,3.171,forest,653.8,dry,0.2184,low,True
2021-08-24 13:30:00,0.46,1.32,1.92,4.03,0.5227,24.91,1340.8,26.3,0.604,barren,367.5,normal,0.1306,low,True
2021-08-24 18:15:00,0.19,0.6,1.25,2.22,0.5307,28.84,1377.5,104.9,0.406,agriculture,158.4,normal,0.1873,low,True
2021-08-24 19:00:00,74.62,105.26,143.59,154.53,0.8515,32.75,2250.2,287.6,0.117,barren,50.5,normal,0.8277,critical,True
2021-08-24 23:00:00,0.15,0.34,0.65,1.67,0.512,50.22,1620.5,195.2,0.14,barren,816.9,normal,0.0879,low,True
2021-08-25 06:45:00,0.68,1.37,2.04,4.51,0.4477,32.63,2201.3,138.2,0.336,agriculture,1099.6,normal,0.1154,low,True
2021-08-25 06:45:00,2.53,4.34,6.96,12.11,0.541,16.82,1745.0,120.3,0.727,barren,454.0,normal,0.15,low,True
2021-08-25 08:30:00,1.96,5.5,8.44,17.83,0.3097,27.99,1531.8,41.5,0.88,agriculture,421.5,dry,0.0735,low,True
2021-08-25 09:00:00,0.32,0.8,1.27,2.62,0.8684,27.33,1868.1,122.2,0.151,forest,280.0,wet,0.1881,low,True
2021-08-25 13:30:00,6.91,18.12,28.71,45.94,0.4584,27.41,300.0,169.2,0.46,forest,1255.4,dry,0.1177,low,True
2021-08-25 20:15:00,7.45,13.16,26.95,47.18,0.9875,37.04,1403.6,242.3,0.537,agriculture,424.6,wet,0.3425,medium,True
2021-08-25 21:00:00,6.92,17.22,24.27,37.68,0.7117,24.95,1425.6,94.3,1.341,forest,37.9,normal,0.3204,medium,True
2021-08-25 22:15:00,0.73,1.26,2.49,4.92,0.5457,33.61,764.6,323.1,1.255,forest,43.7,normal,0.2121,low,True
2021-08-25 22:30:00,3.26,10.02,13.69,25.24,0.6528,19.11,2406.2,174.5,1.02,forest,1169.4,normal,0.112,low,True
2021-08-26 00:00:00,0.14,0.31,0.76,1.66,0.8176,38.05,1452.9,145.9,0.436,forest,1014.4,wet,0.1878,low,True
2021-08-26 00:45:00,0.23,0.82,1.28,3.13,0.7227,41.6,1820.8,213.8,0.04,forest,295.6,wet,0.1469,low,True
2021-08-26 06:15:00,3.95,8.35,11.74,22.16,0.5385,52.64,2118.9,60.3,0.244,forest,94.3,normal,0.2455,low,True
2021-08-26 06:30:00,0.18,0.59,1.53,4.36,0.1801,12.57,1100.5,38.4,0.583,forest,316.6,dry,0.0626,low,True
2021-08-26 06:45:00,0.28,0.55,1.63,3.21,0.7664,21.43,1770.9,124.8,0.609,forest,514.7,wet,0.2997,medium,True
2021-08-26 07:00:00,0.76,2.38,3.64,11.17,0.2805,21.87,618.6,14.4,1.135,agriculture,12.9,dry,0.1829,low,True
2021-08-26 07:30:00,5.3,10.94,18.47,28.33,0.839,51.2,1927.5,135.9,0.286,forest,615.7,wet,0.2265,low,True
2021-08-26 07:45:00,4.26,7.39,10.03,20.34,0.6805,38.24,1268.3,241.7,1.655,urban,228.8,normal,0.258,low,True
2021-08-26 08:45:00,9.09,16.75,31.31,56.95,0.99,32.54,1432.0,292.4,0.107,barren,227.7,wet,0.4672,medium,True
2021-08-26 08:45:00,0.18,0.44,0.66,1.7,0.8283,34.28,2273.2,208.7,0.031,agriculture,209.4,wet,0.2459,low,True
2021-08-26 12:45:00,0.25,0.52,1.27,3.49,0.2146,28.15,2691.3,248.9,0.117,barren,422.0,dry,0.098,low,True
2021-08-26 13:30:00,3.51,7.18,14.82,32.32,0.6079,21.4,1167.9,299.9,0.372,forest,92.3,normal,0.2312,low,True
2021-08-26 14:00:00,0.36,1.8,3.31,8.12,0.2058,22.32,1089.9,278.3,1.039,forest,336.6,dry,0.0475,low,True
2021-08-26 14:00:00,0.11,0.46,0.71,2.03,0.2271,27.47,2013.7,115.2,0.1,urban,25.8,dry,0.175,low,True
2021-08-26 16:00:00,0.38,0.65,1.97,5.3,0.5361,31.62,1985.6,206.4,0.477,forest,593.8,normal,0.1517,low,True
2021-08-26 19:00:00,0.02,0.03,0.09,0.25,0.2605,34.76,886.5,95.3,0.899,urban,601.4,dry,0.0909,low,True
2021-08-26 20:00:00,1.1,1.93,3.86,6.3,0.5095,25.41,1585.9,207.5,0.021,agriculture,140.8,normal,0.2066,low,True
2021-08-26 20:15:00,0.18,0.66,1.1,2.73,0.7872,30.19,1587.1,153.4,0.025,forest,49.0,wet,0.2595,low,True
2021-08-26 20:45:00,3.13,5.78,13.97,31.22,0.7275,46.98,1574.9,134.2,0.405,agriculture,492.1,normal,0.2334,low,True
2021-08-26 22:00:00,37.99,61.57,110.78,137.44,0.5161,25.29,1996.8,66.1,0.121,agriculture,232.3,dry,0.4588,medium,True
2021-08-26 22:30:00,1.82,4.47,8.06,17.53,0.8706,58.92,2509.9,202.2,0.359,forest,916.4,wet,0.2591,low,True
2021-08-26 23:45:00,0.31,0.93,1.72,5.31,0.8718,45.96,1460.3,262.6,0.027,forest,162.7,wet,0.2703,low,True
2021-08-27 00:15:00,2.5,5.53,12.79,17.29,0.6492,38.03,2678.5,205.7,2.26,barren,654.7,normal,0.136,low,True
2021-08-27 10:15:00,5.24,15.27,19.44,27.88,0.6263,22.36,1526.1,24.9,0.637,agriculture,19.0,normal,0.2932,medium,True
2021-08-27 18:00:00,0.11,0.22,0.64,1.05,0.7247,15.51,2580.7,332.8,0.696,forest,528.7,wet,0.1897,low,True
2021-08-27 18:30:00,4.47,13.35,22.22,40.25,0.5246,26.96,1854.8,2.0,0.428,forest,406.9,dry,0.1401,low,True
2021-08-27 18:30:00,0.47,2.15,4.67,9.79,0.804,45.85,2251.5,318.6,1.045,barren,271.5,wet,0.2373,low,True
2021-08-27 20:00:00,3.08,8.97,19.5,45.14,0.99,51.16,2167.5,275.8,1.075,agriculture,854.4,wet,0.338,medium,True
2021-08-28 00:15:00,6.08,10.06,15.98,21.36,0.9429,26.24,1112.6,34.8,0.104,agriculture,1006.6,wet,0.2268,low,True
2021-08-28 00:45:00,3.02,4.76,8.75,15.98,0.2675,39.35,1819.1,85.2,0.878,urban,939.2,dry,0.1179,low,True
2021-08-28 02:00:00,0.33,1.48,2.49,4.65,0.7828,37.03,1050.6,125.6,0.502,forest,328.8,wet,0.2852,medium,True
2021-08-28 02:30:00,27.23,45.06,96.75,139.41,0.796,31.01,1538.3,327.7,0.862,agriculture,266.4,normal,0.5773,high,True
2021-08-28 02:45:00,12.22,19.64,28.36,39.96,0.7411,52.06,913.5,352.8,1.506,barren,119.7,normal,0.3671,medium,True
2021-08-28 06:00:00,16.99,26.6,48.0,84.31,0.99,30.07,1478.9,31.4,0.245,barren,71.9,wet,0.5684,high,True
2021-08-28 06:45:00,0.35,0.76,1.19,3.58,0.2221,29.9,1636.5,142.9,0.508,forest,295.0,dry,0.1167,low,True
2021-08-28 07:15:00,0.3,0.89,1.38,3.98,0.5153,15.43,1088.2,53.7,0.929,forest,66.3,normal,0.1707,low,True
2021-08-28 08:15:00,0.01,0.01,0.02,0.06,0.8202,44.73,1599.6,100.2,2.595,barren,76.1,wet,0.3337,medium,True
2021-08-28 08:45:00,0.58,1.24,1.84,3.72,0.8076,29.45,2082.4,353.2,0.569,forest,164.4,wet,0.1666,low,True
2021-08-28 11:15:00,0.12,0.26,0.65,1.34,0.8468,27.87,1012.4,354.4,0.766,urban,82.3,wet,0.2734,low,True
2021-08-28 15:45:00,0.07,0.3,0.43,1.41,0.2063,23.49,2133.4,170.0,1.124,forest,253.8,dry,0.1381,low,True
2021-08-28 16:45:00,1.09,2.24,4.19,7.64,0.5314,65.0,2154.6,65.9,0.835,forest,391.5,normal,0.1699,low,True
2021-08-28 18:30:00,0.06,0.2,0.66,1.97,0.133,52.95,1028.6,196.9,1.712,forest,428.9,dry,0.0918,low,True
2021-08-28 19:45:00,3.1,10.11,17.71,39.46,0.99,40.12,300.0,115.4,0.157,barren,276.3,wet,0.361,medium,True
2021-08-28 21:15:00,99.18,130.32,148.62,197.03,0.5718,31.83,2254.1,334.4,1.43,urban,268.2,dry,0.8402,critical,True
2021-08-28 23:00:00,112.63,141.74,174.7,200.77,0.8507,14.87,1452.9,294.6,0.139,agriculture,235.4,normal,0.6892,high,True
2021-08-28 23:45:00,9.03,16.67,33.64,53.6,0.786,22.47,1600.2,111.2,0.5,urban,108.5,normal,0.4155,medium,True
2021-08-29 01:00:00,4.43,9.64,19.24,31.15,0.9353,33.3,2813.0,6.6,0.444,forest,381.7,wet,0.2906,medium,True
2021-08-29 02:30:00,0.33,0.79,2.45,7.22,0.4322,20.16,1855.0,359.3,1.068,forest,384.5,normal,0.0869,low,True
2021-08-29 03:30:00,1.07,2.33,3.82,10.02,0.5317,36.26,1879.1,246.0,0.305,barren,113.4,normal,0.2535,low,True
2021-08-29 05:00:00,3.5,6.43,11.85,21.3,0.5712,32.3,1595.1,153.3,0.093,barren,432.1,normal,0.1659,low,True
2021-08-29 05:45:00,1.14,2.39,4.87,13.71,0.5823,32.7,1484.8,103.8,0.736,barren,693.2,normal,0.0884,low,True
2021-08-29 06:00:00,1.9,4.27,6.58,10.27,0.4972,52.65,1562.1,1.6,0.56,barren,326.1,normal,0.1904,low,True
2021-08-29 06:30:00,72.73,100.61,114.2,171.61,0.6043,25.31,1510.1,55.4,1.053,forest,53.8,dry,0.6115,high,True
2021-08-29 07:45:00,56.09,99.16,109.52,138.59,0.872,19.91,588.9,2.1,0.853,forest,148.7,normal,0.613,high,True
2021-08-29 07:45:00,0.11,0.19,0.57,1.51,0.8426,22.05,1001.1,215.1,1.351,urban,44.1,wet,0.3259,medium,True
2021-08-29 12:15:00,2.83,6.87,11.15,27.49,0.3293,21.81,1565.9,238.8,1.096,forest,135.9,dry,0.1578,low,True
2021-08-29 12:30:00,0.9,1.87,2.72,6.25,0.2411,65.0,2822.3,276.0,0.695,forest,93.4,dry,0.213,low,True
2021-08-29 13:30:00,102.18,138.94,165.79,197.19,0.8729,25.74,767.2,67.3,0.376,agriculture,293.1,normal,0.7913,critical,True
2021-08-29 15:00:00,0.22,0.88,2.33,5.35,0.7886,47.02,1288.5,34.5,0.012,forest,202.8,wet,0.207,low,True
2021-08-29 15:30:00,0.23,0.58,1.64,2.58,0.2342,27.02,1282.5,234.2,0.221,barren,458.9,dry,0.0448,low,True
2021-08-29 16:15:00,0.22,0.52,1.0,3.11,0.7578,31.5,2014.5,180.0,0.78,forest,167.9,wet,0.2825,medium,True
2021-08-29 18:15:00,6.84,11.03,15.75,22.98,0.9888,24.47,1656.0,315.2,0.037,barren,68.8,wet,0.3579,medium,True
2021-08-29 21:00:00,17.67,49.84,98.96,120.12,0.5285,43.11,1214.2,192.0,0.848,agriculture,104.2,dry,0.3578,medium,True
2021-08-29 23:30:00,0.68,1.96,3.12,7.33,0.2458,17.72,2292.5,160.1,0.436,agriculture,286.2,dry,0.1038,low,True
2021-08-30 03:15:00,13.71,24.67,31.15,48.89,0.714,27.97,1004.6,175.7,1.214,agriculture,219.2,normal,0.3433,medium,True
2021-08-30 03:15:00,1.8,4.53,9.55,16.64,0.8271,46.14,1295.5,281.6,0.647,forest,25.2,wet,0.2987,medium,True
2021-08-30 05:45:00,9.83,15.55,31.34,45.13,0.7907,22.68,933.0,6.6,0.961,agriculture,92.5,normal,0.3324,medium,True
2021-08-30 09:15:00,0.22,0.48,1.01,2.62,0.5265,20.83,2195.6,330.6,0.113,agriculture,133.2,normal,0.1421,low,True
2021-08-30 12:00:00,0.16,0.28,0.52,1.14,0.0903,33.18,1570.9,257.1,0.114,agriculture,462.3,dry,0.0743,low,True
2021-08-30 14:15:00,0.4,1.45,2.27,3.42,0.4406,23.56,1172.9,318.7,0.142,forest,468.8,normal,0.0431,low,True
2021-08-30 14:15:00,0.59,2.24,3.68,6.22,0.5247,43.16,1867.6,345.5,0.243,forest,429.1,normal,0.1451,low,True
2021-08-30 18:30:00,0.58,1.16,2.2,4.75,0.5543,32.31,2547.3,81.4,1.409,forest,607.2,normal,0.1242,low,True
2021-08-31 01:00:00,0.2,0.74,1.65,3.77,0.5182,51.26,300.0,208.2,0.893,agriculture,734.7,normal,0.1921,low,True
2021-08-31 02:00:00,10.72,28.2,60.55,106.6,0.5676,27.2,1969.6,175.0,0.272,forest,35.8,dry,0.2506,low,True
2021-08-31 03:00:00,7.73,13.93,20.53,34.95,0.6183,36.7,2640.2,193.5,1.504,barren,247.8,normal,0.2391,low,True
2021-08-31 09:15:00,3.08,5.91,12.58,18.19,0.3861,29.4,2533.0,17.0,0.906,agriculture,66.5,dry,0.2319,low,True
2021-08-31 12:00:00,0.66,1.57,4.24,7.0,0.2227,22.86,1450.1,329.0,0.64,barren,163.0,dry,0.1031,low,True
2021-08-31 12:00:00,3.36,5.41,9.82,21.77,0.9263,42.86,1657.8,343.7,0.344,barren,390.9,wet,0.2715,low,True
2021-08-31 12:30:00,40.42,67.98,102.17,129.39,0.4905,27.16,1724.8,246.6,0.633,forest,332.2,dry,0.3522,medium,True
2021-08-31 16:45:00,0.77,1.46,2.74,4.01,0.5141,18.46,1445.2,93.0,0.54,barren,58.2,normal,0.1876,low,True
2021-08-31 17:15:00,0.39,0.9,1.56,4.32,0.292,33.3,2154.4,283.4,0.914,agriculture,505.3,dry,0.073,low,True
2021-08-31 17:45:00,0.74,1.33,2.01,3.52,0.2392,24.99,636.3,263.1,0.153,urban,551.3,dry,0.1131,low,True
2021-08-31 18:30:00,35.65,64.5,87.2,126.5,0.7885,20.95,1945.3,206.9,1.301,urban,62.5,normal,0.6848,high,True
2021-08-31 19:15:00,1.73,4.63,9.8,21.18,0.3525,31.58,1554.4,61.3,0.538,forest,344.7,dry,0.1452,low,True
2021-08-31 19:15:00,0.1,0.29,0.48,1.52,0.1578,29.94,2206.5,72.4,0.986,forest,1026.6,dry,0.0845,low,True
2021-08-31 19:30:00,0.5,1.0,1.92,6.22,0.7063,25.62,2266.0,212.2,0.256,agriculture,44.5,wet,0.2585,low,True
2021-08-31 20:45:00,0.2,0.43,1.09,3.41,0.2193,32.61,1666.0,46.4,0.298,agriculture,72.9,dry,0.142,low,True
2021-08-31 23:15:00,5.03,8.06,14.45,19.57,0.202,31.08,1226.5,260.6,1.662,forest,517.6,dry,0.1121,low,True
2021-09-01 00:30:00,0.24,1.0,1.53,4.13,0.8333,55.79,2222.9,76.5,0.584,forest,153.8,wet,0.2826,medium,True
2021-09-01 01:45:00,19.07,31.63,49.24,88.32,0.4393,45.79,835.6,327.8,0.229,forest,1099.9,dry,0.1829,low,True
2021-09-01 04:00:00,0.0,0.01,0.02,0.03,0.4661,37.62,968.3,323.9,0.051,agriculture,352.7,normal,0.118,low,True
2021-09-01 05:15:00,26.24,47.96,82.87,120.72,0.6161,37.26,1554.1,105.7,0.342,urban,241.0,dry,0.5454,high,True
2021-09-01 05:45:00,63.97,101.89,116.42,133.54,0.5938,34.7,1288.1,30.0,1.135,barren,154.2,dry,0.7127,high,True
2021-09-01 05:45:00,1.2,2.76,5.56,8.68,0.5793,30.43,1470.9,220.1,0.174,forest,105.7,normal,0.1891,low,True
2021-09-01 11:45:00,5.27,12.43,19.32,29.93,0.9833,22.23,1417.7,161.4,1.181,forest,377.5,wet,0.2574,low,True
2021-09-01 16:45:00,1.29,2.42,6.54,15.8,0.3405,22.81,1584.1,51.7,0.106,forest,323.8,dry,0.0748,low,True
2021-09-01 17:30:00,5.44,13.09,17.11,24.55,0.5447,28.79,2492.5,191.3,0.084,agriculture,165.1,normal,0.201,low,True
2021-09-01 18:30:00,0.04,0.18,0.31,0.56,0.3154,42.01,907.0,357.4,0.558,barren,884.4,dry,0.1286,low,True
2021-09-01 18:30:00,0.11,0.38,0.6,1.26,0.2114,27.93,1320.1,24.8,0.98,forest,512.1,dry,0.0642,low,True
2021-09-01 18:30:00,9.12,18.96,23.79,50.59,0.99,31.01,2094.8,95.0,0.909,agriculture,115.4,wet,0.4226,medium,True
2021-09-01 22:15:00,0.66,1.34,2.38,3.83,0.1927,19.7,1621.9,193.9,0.471,urban,1014.9,dry,0.1259,low,True
2021-09-02 02:00:00,70.18,105.83,123.24,151.4,0.99,42.45,1017.6,285.6,0.611,urban,503.0,wet,0.7895,critical,True
2021-09-02 03:15:00,2.27,6.22,10.03,16.64,0.3551,20.43,1547.8,6.8,0.179,forest,805.9,dry,0.0797,low,True
2021-09-02 04:30:00,14.23,23.96,32.18,62.11,0.99,32.38,695.6,263.8,0.481,forest,61.3,wet,0.4303,medium,True
2021-09-02 07:45:00,1.4,3.58,10.23,14.82,0.6254,26.88,2219.4,50.4,0.14,forest,21.7,normal,0.2265,low,True
2021-09-02 07:45:00,0.12,0.21,0.58,1.77,0.8665,28.65,1671.0,299.0,1.582,agriculture,247.7,wet,0.1957,low,True
2021-09-02 12:15:00,7.27,12.74,20.29,49.32,0.5012,41.88,2920.2,249.2,0.68,urban,218.1,dry,0.2759,low,True
2021-09-02 13:00:00,6.73,11.0,15.5,35.02,0.975,26.28,927.9,164.3,0.499,forest,723.5,wet,0.2216,low,True
2021-09-02 14:00:00,56.47,90.36,115.07,161.73,0.8862,22.67,1201.1,295.8,0.17,forest,76.1,normal,0.7205,high,True
2021-09-02 16:15:00,11.01,30.36,61.89,93.51,0.9093,49.15,1702.7,263.9,0.316,urban,18.4,normal,0.6655,high,True
2021-09-02 21:15:00,0.43,1.03,3.14,6.81,0.8724,20.75,2390.3,273.3,0.909,barren,273.7,wet,0.2215,low,True
2021-09-03 02:15:00,1.06,2.33,6.82,14.23,0.57,30.89,1308.9,104.4,0.164,urban,78.4,normal,0.2753,low,True
2021-09-03 04:30:00,6.49,13.35,25.67,38.25,0.99,28.03,1177.8,223.0,0.083,forest,27.8,wet,0.31,medium,True
2021-09-03 07:45:00,2.74,5.75,8.84,18.01,0.6217,27.35,1645.5,50.8,0.22,forest,17.9,normal,0.2519,low,True
2021-09-03 08:15:00,3.7,9.98,15.41,22.13,0.5376,33.69,1196.9,295.5,0.949,forest,63.8,normal,0.2526,low,True
2021-09-03 08:45:00,0.85,3.12,7.67,16.06,0.8356,28.26,1885.6,189.6,1.288,forest,175.0,wet,0.2051,low,True
2021-09-03 09:15:00,0.23,0.66,1.73,2.69,0.2061,29.62,1645.8,297.0,0.321,agriculture,763.9,dry,0.023,low,True
2021-09-03 13:00:00,2.94,8.53,17.05,41.58,0.7997,27.33,2019.1,76.0,0.912,forest,510.3,normal,0.1878,low,True
2021-09-03 13:15:00,1.81,3.33,6.45,11.76,0.8334,27.63,2136.5,46.9,0.242,forest,274.4,wet,0.1384,low,True
2021-09-03 16:15:00,0.34,0.72,1.31,3.45,0.6338,39.71,1819.8,248.0,0.427,urban,207.0,normal,0.2294,low,True
2021-09-03 17:45:00,6.07,9.47,15.09,32.01,0.2933,48.74,2292.3,21.0,0.012,forest,223.0,dry,0.1515,low,True
2021-09-03 18:00:00,0.0,0.0,0.0,0.01,0.5035,29.52,1397.5,87.8,0.747,barren,765.9,normal,0.1305,low,True
2021-09-03 22:30:00,1.07,3.7,9.55,15.97,0.973,29.26,733.6,327.1,0.761,forest,461.4,wet,0.2446,low,True
2021-09-04 01:15:00,0.03,0.09,0.18,0.32,0.816,47.4,953.4,47.8,0.063,barren,76.1,wet,0.2634,low,True
2021-09-04 03:15:00,0.07,0.16,0.49,1.27,0.7761,26.32,1548.8,135.2,0.267,forest,993.1,wet,0.1014,low,True
2021-09-04 05:15:00,0.66,2.28,3.27,4.97,0.5559,31.83,1850.7,340.4,0.396,barren,528.9,normal,0.0875,low,True
2021-09-04 06:15:00,0.71,2.78,4.48,9.73,0.5047,31.32,1950.2,7.2,0.893,forest,22.2,normal,0.2296,low,True
2021-09-04 07:15:00,0.0,0.01,0.03,0.04,0.2183,23.48,1211.4,160.3,1.041,forest,254.2,dry,0.0659,low,True
2021-09-04 07:30:00,1.04,1.88,4.69,7.6,0.1431,27.78,2119.3,283.1,0.762,barren,380.2,dry,0.0637,low,True
2021-09-04 09:00:00,0.08,0.37,0.65,1.61,0.2005,17.02,300.0,327.2,0.146,forest,32.0,dry,0.1292,low,True
2021-09-04 10:00:00,12.12,19.63,25.8,53.45,0.4518,30.71,1271.7,264.8,0.264,forest,162.4,dry,0.1692,low,True
2021-09-04 10:00:00,8.06,14.38,23.68,35.28,0.9788,24.56,1896.5,319.8,0.17,barren,375.7,wet,0.3334,medium,True
2021-09-04 11:30:00,0.07,0.23,0.61,1.34,0.8468,25.0,2147.6,12.4,0.608,urban,602.7,wet,0.1698,low,True
2021-09-04 11:30:00,1.76,4.94,9.64,21.94,0.634,41.7,2054.3,36.0,0.625,forest,1332.4,normal,0.1929,low,True
2021-09-04 12:30:00,51.25,93.65,116.88,148.59,0.99,43.07,2158.3,265.6,0.01,forest,55.4,wet,0.8892,critical,True
2021-09-04 13:45:00,0.05,0.17,0.26,0.37,0.8304,26.84,1704.1,271.2,0.789,forest,360.3,wet,0.1546,low,True
2021-09-04 16:00:00,0.29,0.87,2.06,3.84,0.621,22.1,1527.2,217.9,0.156,forest,791.5,normal,0.0389,low,True
2021-09-04 17:15:00,77.06,122.83,136.11,171.6,0.7756,39.03,473.2,262.9,0.97,urban,451.7,normal,0.7834,critical,True
2021-09-04 18:15:00,0.41,0.86,1.67,2.51,0.1841,23.25,1454.8,308.9,1.073,agriculture,360.3,dry,0.0974,low,True
2021-09-04 18:30:00,13.08,24.77,50.48,80.7,0.9337,28.72,911.6,196.4,0.957,agriculture,94.5,normal,0.376,medium,True
2021-09-04 19:30:00,0.23,0.43,0.74,1.07,0.1505,14.2,1969.8,341.0,0.315,urban,601.2,dry,0.0604,low,True
2021-09-04 21:45:00,32.11,51.52,84.81,137.54,0.7801,30.47,779.3,249.9,0.257,agriculture,299.3,normal,0.5637,high,True
2021-09-04 23:15:00,1.26,3.11,6.38,9.92,0.7847,40.18,1506.9,169.9,0.343,agriculture,51.3,wet,0.3244,medium,True
2021-09-05 01:15:00,0.24,0.46,1.13,3.25,0.4864,40.03,885.9,151.7,0.449,forest,969.9,normal,0.091,low,True
2021-09-05 02:45:00,0.42,1.38,3.75,5.58,0.2308,48.33,1592.9,270.1,0.173,forest,1569.6,dry,0.0257,low,True
2021-09-05 04:45:00,1.92,4.06,7.31,11.95,0.4834,22.3,1521.1,227.0,1.61,agriculture,280.0,normal,0.0959,low,True
2021-09-05 06:15:00,69.61,98.74,138.35,191.16,0.8912,17.74,547.9,294.3,0.421,forest,534.4,normal,0.692,high,True
2021-09-05 06:30:00,6.29,13.93,26.21,43.79,0.4836,20.55,1806.6,281.2,0.046,forest,316.4,dry,0.1839,low,True
2021-09-05 07:30:00,0.02,0.06,0.17,0.37,0.2003,20.71,1429.2,188.7,3.527,forest,202.0,dry,0.1645,low,True
2021-09-05 07:45:00,52.07,79.32,100.7,150.42,0.99,38.36,1616.8,340.5,0.397,forest,194.1,wet,0.7945,critical,True
2021-09-05 09:00:00,11.6,18.34,25.12,47.6,0.4849,36.93,1350.9,253.5,1.762,agriculture,1176.6,dry,0.177,low,True
2021-09-05 11:00:00,0.22,0.83,1.64,5.07,0.8184,43.47,1169.9,72.3,0.297,agriculture,171.0,wet,0.2494,low,True
2021-09-05 13:15:00,4.11,12.22,19.31,31.57,0.6322,22.84,2054.1,222.7,0.153,forest,246.0,normal,0.154,low,True
2021-09-05 13:30:00,0.16,0.5,1.44,3.39,0.5082,39.4,2218.7,72.7,0.801,forest,110.0,normal,0.2484,low,True
2021-09-05 16:15:00,0.01,0.04,0.07,0.16,0.1514,45.51,2181.4,201.2,0.34,agriculture,112.2,dry,0.1034,low,True
2021-09-05 21:00:00,0.02,0.07,0.22,0.66,0.7776,41.28,779.5,284.4,1.279,forest,164.1,wet,0.2656,low,True
2021-09-05 22:30:00,0.29,0.52,1.15,2.35,0.8596,42.31,2433.1,292.5,0.375,agriculture,915.6,wet,0.1735,low,True
2021-09-06 00:30:00,5.47,10.05,21.21,41.32,0.4505,28.89,1937.8,234.3,0.248,barren,186.8,dry,0.2479,low,True
2021-09-06 02:45:00,21.41,36.53,76.62,124.64,0.5723,24.57,2349.7,282.0,2.041,forest,291.3,dry,0.2694,low,True
2021-09-06 05:30:00,0.2,0.69,1.12,3.52,0.2758,41.41,2339.6,170.0,1.064,barren,286.2,dry,0.1281,low,True
2021-09-06 08:00:00,6.75,13.83,22.54,41.41,0.99,18.92,1809.5,198.2,0.138,barren,316.3,wet,0.2834,medium,True
2021-09-06 10:45:00,0.09,0.2,0.35,0.55,0.5616,17.81,1123.3,316.7,0.403,forest,610.3,normal,0.1085,low,True
2021-09-06 12:45:00,0.09,0.44,0.74,2.06,0.2008,34.72,1145.0,177.5,0.072,forest,820.1,dry,0.1029,low,True
2021-09-06 14:45:00,0.23,0.46,1.29,2.94,0.5775,22.33,1191.7,126.3,0.068,urban,91.9,normal,0.1817,low,True
2021-09-06 16:00:00,20.17,39.13,56.06,78.86,0.9057,27.2,1491.4,286.9,1.152,forest,699.3,normal,0.3457,medium,True
2021-09-06 17:15:00,0.66,1.3,1.91,3.24,0.8635,38.29,1006.8,18.2,1.611,barren,287.7,wet,0.1999,low,True
2021-09-06 18:30:00,0.36,1.51,2.97,4.46,0.5109,22.45,570.9,345.0,0.806,agriculture,914.1,normal,0.1821,low,True
2021-09-06 23:00:00,4.65,8.69,17.52,39.2,0.3449,26.77,589.7,122.4,2.719,forest,877.6,dry,0.1411,low,True
2021-09-07 07:45:00,12.32,29.41,49.88,69.77,0.5313,37.52,1579.7,226.7,0.028,forest,182.7,dry,0.1961,low,True
2021-09-07 09:45:00,29.24,51.21,75.03,134.67,0.8064,34.67,1438.4,246.8,0.242,agriculture,379.3,normal,0.5153,medium,True
2021-09-07 10:45:00,15.14,25.21,50.58,61.22,0.4239,41.32,1905.9,49.3,0.085,forest,727.9,dry,0.1642,low,True
2021-09-07 11:00:00,6.48,16.54,23.5,46.74,0.99,27.52,1491.7,296.2,0.914,agriculture,180.0,wet,0.3037,medium,True
2021-09-07 13:00:00,0.73,1.53,3.63,6.8,0.5434,36.5,2291.4,206.0,1.327,urban,25.7,normal,0.2274,low,True
2021-09-07 13:45:00,5.67,11.23,17.78,37.3,0.6947,21.9,1246.4,118.1,0.356,barren,166.1,normal,0.2793,low,True
2021-09-07 14:00:00,5.6,15.26,34.36,46.23,0.8379,42.06,1798.2,306.2,1.06,forest,169.2,normal,0.2693,low,True
2021-09-07 18:45:00,8.04,13.54,23.9,36.16,0.6347,33.51,1931.3,225.0,1.129,barren,585.3,normal,0.2576,low,True
2021-09-07 20:00:00,68.69,116.83,138.56,162.63,0.7695,59.79,1632.1,282.9,0.09,barren,139.7,normal,0.8864,critical,True
2021-09-07 20:15:00,1.7,3.37,5.13,7.55,0.8787,27.52,2208.2,357.2,0.284,urban,795.5,wet,0.1454,low,True
2021-09-07 20:30:00,0.12,0.37,0.61,1.47,0.5874,46.25,1915.7,46.9,0.125,agriculture,288.4,normal,0.1521,low,True
2021-09-07 21:15:00,3.85,11.28,25.3,54.29,0.99,41.18,2083.2,269.9,0.665,barren,318.8,wet,0.3371,medium,True
2021-09-07 21:45:00,0.57,1.33,2.52,4.7,0.5417,45.75,1215.4,272.8,0.294,agriculture,585.8,normal,0.1725,low,True
2021-09-07 22:00:00,40.56,65.76,83.73,117.68,0.566,46.13,1468.4,314.9,0.661,forest,60.6,dry,0.4404,medium,True
2021-09-07 23:45:00,7.15,16.51,33.1,53.89,0.4124,33.63,300.0,146.9,1.252,urban,16.3,dry,0.3865,medium,True
2021-09-08 01:30:00,0.09,0.22,0.63,0.91,0.8617,23.56,1562.3,313.1,0.319,forest,30.4,wet,0.2878,medium,True
2021-09-08 02:00:00,5.59,11.79,24.73,52.58,0.99,22.0,777.8,230.4,2.144,forest,20.9,wet,0.3909,medium,True
2021-09-08 04:15:00,0.05,0.17,0.39,1.15,0.4572,23.61,3008.2,24.8,0.315,urban,431.3,normal,0.1509,low,True
2021-09-08 05:00:00,0.18,0.41,0.61,1.84,0.4461,26.43,1780.8,11.3,0.144,forest,108.3,normal,0.2262,low,True
2021-09-08 07:00:00,73.34,92.88,126.2,139.97,0.5717,24.47,1361.0,173.3,0.452,urban,691.8,dry,0.7107,high,True
2021-09-08 10:30:00,18.64,56.3,84.19,126.63,0.8072,19.94,2051.6,282.9,0.306,barren,760.6,normal,0.5007,medium,True
2021-09-08 11:00:00,0.45,0.88,2.27,6.85,0.8339,36.78,765.6,138.3,0.08,forest,164.1,wet,0.2274,low,True
2021-09-08 11:15:00,0.38,0.98,2.74,4.37,0.8412,35.63,1303.6,306.7,0.014,forest,85.8,wet,0.2115,low,True
2021-09-08 11:45:00,0.39,1.2,2.44,3.82,0.4757,27.3,1390.8,177.2,0.818,barren,251.8,normal,0.1635,low,True
2021-09-08 14:15:00,99.19,145.58,166.34,212.66,0.8782,29.47,1986.8,9.5,1.621,agriculture,602.1,normal,0.8061,critical,True
2021-09-08 14:45:00,0.02,0.08,0.17,0.38,0.5074,32.16,1013.1,350.5,0.348,urban,414.2,normal,0.1017,low,True
2021-09-08 14:45:00,0.38,0.95,2.88,4.9,0.5347,23.36,1181.7,176.3,0.041,barren,19.1,normal,0.2591,low,True
2021-09-08 19:45:00,0.39,0.92,1.91,2.76,0.4803,29.9,1667.0,234.0,0.81,forest,12.5,normal,0.2206,low,True
2021-09-08 20:30:00,0.16,0.49,0.73,1.16,0.4868,42.64,1978.9,71.7,1.211,forest,52.3,normal,0.2805,medium,True
2021-09-09 00:45:00,4.42,8.76,18.6,31.87,0.4554,20.71,1726.8,107.0,0.235,urban,153.7,dry,0.2022,low,True
2021-09-09 02:45:00,9.37,23.77,35.07,59.3,0.99,41.64,1056.3,174.3,0.151,agriculture,279.4,wet,0.3789,medium,True
2021-09-09 04:30:00,0.12,0.47,0.94,1.37,0.4368,53.25,1663.9,308.2,0.247,forest,605.5,normal,0.1195,low,True
2021-09-09 05:15:00,0.12,0.28,0.68,1.49,0.8468,42.98,1189.0,36.7,1.434,barren,63.9,wet,0.2704,low,True
2021-09-09 11:00:00,10.29,19.34,28.04,46.53,0.9896,24.35,1034.2,280.9,0.325,barren,67.9,wet,0.4564,medium,True
2021-09-09 14:45:00,0.64,1.65,2.61,4.03,0.5093,37.28,1844.9,208.6,0.637,agriculture,707.3,normal,0.1767,low,True
2021-09-09 16:30:00,0.16,0.46,1.0,1.9,0.7441,23.36,1927.8,179.9,0.046,forest,912.1,wet,0.0889,low,True
2021-09-09 18:30:00,0.03,0.1,0.14,0.45,0.4867,31.7,1591.8,315.6,0.198,agriculture,290.5,normal,0.1452,low,True
2021-09-09 19:45:00,0.64,1.09,1.91,3.35,0.7994,47.53,1906.7,42.5,0.155,barren,547.8,wet,0.202,low,True
2021-09-09 21:30:00,1.67,2.88,5.97,9.0,0.1931,40.03,2062.0,356.7,0.039,urban,156.8,dry,0.1257,low,True
2021-09-09 23:00:00,0.16,0.68,1.0,1.66,0.768,17.1,300.0,307.7,0.077,urban,1033.3,wet,0.1168,low,True
2021-09-09 23:15:00,5.84,10.88,22.99,52.73,0.4472,27.0,1846.4,117.3,0.323,agriculture,833.4,dry,0.1581,low,True
2021-09-10 00:45:00,4.56,10.87,19.6,26.94,0.3632,40.37,2529.2,162.6,0.49,barren,673.1,dry,0.0948,low,True
2021-09-10 00:45:00,7.07,12.84,20.78,37.47,0.6666,23.83,1429.5,9.0,0.224,urban,14.6,normal,0.2696,low,True
2021-09-10 01:00:00,0.14,0.62,1.05,1.62,0.5304,21.2,2522.3,189.9,0.326,forest,269.3,normal,0.1668,low,True
2021-09-10 01:30:00,0.08,0.32,0.91,1.47,0.1131,27.28,1789.2,197.2,0.855,forest,19.5,dry,0.1506,low,True
2021-09-10 02:30:00,9.57,21.79,29.23,54.49,0.7413,40.17,1647.8,333.6,0.17,barren,406.0,normal,0.3481,medium,True
2021-09-10 03:45:00,87.54,119.58,151.87,164.74,0.99,38.08,1759.8,139.7,0.021,forest,80.9,wet,0.8793,critical,True
2021-09-10 04:00:00,1.95,6.04,15.41,25.66,0.336,33.35,687.2,205.4,0.178,forest,367.1,dry,0.141,low,True
2021-09-10 04:45:00,3.05,5.98,8.43,20.96,0.6241,37.11,2602.9,266.6,1.526,forest,46.1,normal,0.2906,medium,True
2021-09-10 10:15:00,2.82,5.18,8.46,15.88,0.539,30.06,1301.8,219.1,0.011,forest,504.6,normal,0.1317,low,True
2021-09-10 11:00:00,102.57,127.6,164.8,208.41,0.8864,26.36,881.1,56.2,0.083,forest,463.7,normal,0.7651,critical,True
2021-09-10 13:45:00,0.19,0.94,2.45,4.34,0.5564,17.17,1279.8,61.9,0.04,forest,11.6,normal,0.1737,low,True
2021-09-10 19:45:00,1.37,2.94,7.98,12.4,0.5882,18.17,1613.8,49.8,0.284,urban,559.7,normal,0.1539,low,True
2021-09-10 22:30:00,27.98,63.89,92.68,132.86,0.99,44.05,2277.7,78.4,0.626,barren,72.6,wet,0.8037,critical,True
2021-09-10 22:30:00,0.16,0.6,1.29,3.01,0.4536,41.13,1554.7,118.2,1.447,barren,50.5,normal,0.2474,low,True
2021-09-11 01:15:00,93.81,142.0,173.02,207.63,0.99,38.13,1407.3,266.3,0.948,forest,252.8,wet,0.8795,critical,True
2021-09-11 01:30:00,0.33,0.63,1.8,3.2,0.5261,32.34,1416.8,21.9,0.173,barren,322.1,normal,0.1143,low,True
2021-09-11 02:00:00,0.44,1.77,3.74,7.46,0.84,37.21,786.4,295.4,0.604,barren,48.1,wet,0.3093,medium,True
2021-09-11 02:00:00,0.03,0.1,0.24,0.37,0.1799,25.35,1283.9,94.5,0.654,agriculture,137.2,dry,0.1768,low,True
2021-09-11 03:00:00,0.36,0.7,1.6,3.05,0.2041,26.11,1245.8,220.8,0.057,forest,193.4,dry,0.1064,low,True
2021-09-11 07:00:00,0.07,0.29,0.81,2.3,0.4579,31.59,1750.0,199.0,0.334,forest,1016.4,normal,0.0839,low,True
2021-09-11 08:45:00,0.78,3.01,5.29,9.22,0.9191,27.31,566.3,55.4,0.224,barren,111.3,wet,0.252,low,True
2021-09-11 10:30:00,0.23,0.45,1.11,2.68,0.222,23.06,1335.1,103.4,0.103,agriculture,115.6,dry,0.107,low,True
2021-09-11 12:00:00,58.85,94.59,132.17,167.87,0.99,54.06,2384.6,106.5,0.036,barren,387.0,wet,0.8752,critical,True
2021-09-11 13:30:00,4.64,13.23,32.62,50.01,0.3105,33.66,1852.0,224.6,0.017,agriculture,464.6,dry,0.1939,low,True
2021-09-11 15:00:00,0.23,0.45,0.92,2.25,0.173,27.36,2164.0,283.9,1.174,forest,13.8,dry,0.2078,low,True
2021-09-11 16:30:00,16.32,46.92,87.29,108.49,0.5594,38.12,1364.2,358.7,0.241,barren,60.4,dry,0.4517,medium,True
2021-09-11 17:30:00,8.83,13.62,22.14,45.87,0.7189,43.65,2599.7,34.5,0.408,forest,164.9,normal,0.2421,low,True
2021-09-11 19:15:00,17.6,28.97,55.99,93.44,0.99,20.9,2078.2,337.9,0.207,agriculture,359.9,wet,0.5017,medium,True
2021-09-11 20:00:00,5.36,10.83,19.24,38.97,0.3945,22.05,1641.1,202.1,0.109,urban,60.4,dry,0.2105,low,True
2021-09-11 20:15:00,0.03,0.06,0.11,0.22,0.4656,42.76,1987.7,128.4,0.182,barren,164.5,normal,0.1801,low,True
2021-09-11 21:00:00,0.27,1.17,2.35,6.96,0.2289,53.83,858.6,102.4,0.112,forest,39.3,dry,0.2579,low,True
2021-09-12 01:15:00,5.73,12.42,20.71,33.55,0.6386,39.95,846.0,75.3,0.851,forest,306.3,normal,0.197,low,True
2021-09-12 02:30:00,1.01,3.58,6.8,11.49,0.3086,29.48,2084.2,200.5,1.428,agriculture,204.5,dry,0.1555,low,True
2021-09-12 07:00:00,0.18,0.38,1.01,1.68,0.4809,40.8,2280.3,340.6,0.342,urban,553.0,normal,0.104,low,True
2021-09-12 09:45:00,15.37,36.0,78.13,126.27,0.8412,23.61,1048.1,65.6,1.039,agriculture,308.6,normal,0.4711,medium,True
2021-09-12 10:15:00,0.22,0.49,0.98,3.08,0.4924,28.12,2112.7,157.0,0.333,agriculture,386.7,normal,0.1344,low,True
2021-09-12 12:45:00,13.03,27.95,59.45,116.6,0.5502,24.28,1920.8,73.4,0.355,forest,399.3,dry,0.1959,low,True
2021-09-12 13:15:00,16.88,37.27,84.4,106.1,0.6744,19.6,1123.1,63.2,0.398,barren,321.7,dry,0.4026,medium,True
2021-09-12 13:45:00,0.12,0.39,0.71,1.14,0.6031,39.24,1003.9,312.0,1.03,barren,15.7,normal,0.2298,low,True
2021-09-12 15:00:00,6.59,10.68,25.56,44.41,0.99,21.42,1167.2,94.3,1.652,urban,634.5,wet,0.3486,medium,True
2021-09-12 15:00:00,88.53,132.0,170.07,186.99,0.99,26.85,1306.8,89.3,0.819,forest,879.9,wet,0.8043,critical,True
2021-09-12 16:45:00,4.1,8.49,12.3,21.18,0.8923,40.47,1362.0,327.5,1.316,barren,277.4,wet,0.3029,medium,True
2021-09-12 21:45:00,0.08,0.27,0.81,1.33,0.8162,32.4,644.7,139.0,0.618,forest,51.6,wet,0.3296,medium,True
2021-09-13 01:30:00,0.03,0.11,0.36,0.78,0.5068,31.14,1307.5,3.1,1.097,agriculture,382.2,normal,0.1964,low,True
2021-09-13 01:45:00,1.39,3.17,5.47,8.34,0.5652,42.37,1790.8,259.6,0.488,barren,168.2,normal,0.1382,low,True
2021-09-13 04:45:00,4.19,9.22,17.32,26.26,0.2918,34.1,1997.2,186.1,0.889,forest,36.6,dry,0.1672,low,True
2021-09-13 07:00:00,20.88,62.52,82.04,126.9,0.8125,22.97,1245.6,278.7,0.733,forest,683.9,normal,0.3282,medium,True
2021-09-13 13:30:00,29.54,50.26,94.86,130.59,0.8181,16.75,2496.6,205.3,0.83,barren,445.3,normal,0.6063,high,True
2021-09-13 20:15:00,0.04,0.11,0.32,0.61,0.7587,38.71,1612.1,126.5,0.16,agriculture,581.9,wet,0.1676,low,True
2021-09-13 22:30:00,0.05,0.18,0.43,0.93,0.1785,38.29,3121.3,24.0,0.1,forest,566.6,dry,0.1728,low,True
2021-09-13 23:30:00,11.21,17.95,23.24,39.01,0.728,21.9,1152.0,311.7,0.635,forest,164.9,normal,0.2731,low,True
2021-09-14 00:30:00,0.62,1.15,3.34,5.37,0.5286,36.25,1817.0,74.6,0.396,agriculture,240.4,normal,0.1514,low,True
2021-09-14 03:15:00,0.0,0.0,0.0,0.01,0.5034,20.05,1547.4,349.7,0.868,urban,103.1,normal,0.1798,low,True
2021-09-14 04:00:00,0.44,0.8,1.95,3.99,0.2603,58.17,1199.6,88.5,0.095,forest,502.1,dry,0.1104,low,True
2021-09-14 06:15:00,0.45,0.85,2.56,4.68,0.7835,25.04,2117.0,297.7,1.77,barren,269.8,wet,0.2125,low,True
2021-09-14 07:00:00,0.22,0.87,1.67,4.69,0.2551,19.76,2057.7,283.9,0.731,forest,377.4,dry,0.0495,low,True
2021-09-14 08:15:00,17.56,51.28,71.36,91.76,0.99,37.83,1446.1,166.6,0.014,forest,164.4,wet,0.4397,medium,True
2021-09-14 10:45:00,2.18,4.32,12.77,28.19,0.9561,29.55,1791.1,144.6,0.516,forest,407.9,wet,0.2626,low,True
2021-09-14 13:00:00,0.41,1.05,2.57,5.01,0.4722,21.92,1755.8,253.2,0.225,barren,399.3,normal,0.1245,low,True
2021-09-14 13:45:00,0.16,0.32,0.7,1.08,0.4731,23.05,1443.2,190.3,0.193,forest,524.6,normal,0.0661,low,True
2021-09-14 14:30:00,12.21,28.28,59.74,90.32,0.7989,16.84,1146.5,227.5,1.395,barren,69.1,normal,0.4927,medium,True
2021-09-14 15:30:00,0.06,0.13,0.32,1.04,0.4573,19.1,1598.9,169.3,1.085,agriculture,352.0,normal,0.1337,low,True
2021-09-14 16:00:00,2.79,6.89,12.86,20.24,0.2901,35.32,1485.6,200.6,0.006,urban,750.6,dry,0.1459,low,True
2021-09-14 17:30:00,0.6,2.42,4.35,8.18,0.835,23.73,963.1,68.1,0.12,barren,44.6,wet,0.3283,medium,True
2021-09-14 19:45:00,0.26,0.62,1.64,2.79,0.4518,26.21,1994.6,19.9,0.763,barren,1143.2,normal,0.0381,low,True
2021-09-14 23:00:00,22.66,41.77,65.88,98.58,0.5498,24.87,1626.9,128.1,1.131,barren,91.5,dry,0.4213,medium,True
2021-09-15 00:00:00,0.09,0.4,0.59,1.63,0.5091,50.0,1518.5,167.7,0.759,agriculture,975.1,normal,0.1383,low,True
2021-09-15 02:45:00,0.5,1.48,2.69,4.6,0.2243,31.98,705.3,326.2,0.447,barren,718.8,dry,0.0841,low,True
2021-09-15 04:45:00,0.78,2.69,4.05,10.76,0.3153,32.35,1790.3,149.0,2.503,forest,524.7,dry,0.2221,low,True
2021-09-15 05:30:00,0.02,0.06,0.15,0.35,0.4695,38.99,707.0,156.2,0.958,forest,92.3,normal,0.1348,low,True
2021-09-15 05:45:00,1.06,2.42,4.19,7.24,0.4516,33.79,1684.6,242.9,0.379,agriculture,95.4,normal,0.19,low,True
2021-09-15 07:00:00,0.46,1.55,2.44,5.5,0.5269,25.37,2111.4,74.4,0.525,forest,115.1,normal,0.2067,low,True
2021-09-15 09:45:00,5.08,7.82,17.2,39.15,0.99,19.51,2597.3,313.8,0.028,forest,592.1,wet,0.2347,low,True
2021-09-15 10:15:00,0.35,0.74,1.34,2.09,0.7147,46.23,1640.2,154.0,2.007,agriculture,82.8,wet,0.2797,low,True
2021-09-15 10:30:00,3.42,7.97,19.28,27.94,0.3332,46.13,2655.0,335.1,0.27,forest,314.3,dry,0.158,low,True
2021-09-15 11:00:00,13.26,21.03,44.1,87.18,0.5492,24.85,2039.6,97.7,0.65,agriculture,536.0,dry,0.2408,low,True
2021-09-15 12:00:00,5.08,7.85,16.93,22.82,0.5798,18.63,1883.5,167.6,0.66,forest,226.1,normal,0.1939,low,True
2021-09-15 14:00:00,6.57,12.04,23.12,51.51,0.6766,37.07,2269.5,280.1,0.035,urban,653.0,normal,0.2552,low,True
2021-09-15 15:45:00,0.15,0.49,0.8,1.38,0.891,21.29,2403.4,200.1,0.185,urban,299.0,wet,0.1972,low,True
2021-09-15 16:15:00,0.22,1.02,1.57,3.42,0.5051,16.98,2094.1,238.0,0.641,urban,326.5,normal,0.1426,low,True
2021-09-15 17:15:00,1.55,4.07,7.43,16.9,0.2393,50.42,1515.3,101.1,1.459,forest,405.3,dry,0.1129,low,True
2021-09-15 17:45:00,0.62,1.1,2.48,6.3,0.5873,16.95,1278.2,118.2,0.905,agriculture,664.7,normal,0.113,low,True
2021-09-15 17:45:00,6.64,12.11,15.57,35.96,0.9122,29.2,825.4,182.7,0.521,urban,11.6,wet,0.3471,medium,True
2021-09-15 21:00:00,0.76,2.11,3.91,11.89,0.822,28.75,1700.8,72.9,0.159,urban,184.5,wet,0.2425,low,True
2021-09-15 22:00:00,37.87,64.44,94.7,133.46,0.4694,43.6,2308.8,45.5,1.784,barren,1163.8,dry,0.4965,medium,True
2021-09-15 22:30:00,5.32,9.99,19.02,38.97,0.6404,32.21,1023.0,303.8,0.31,forest,46.4,normal,0.2789,low,True
2021-09-16 04:30:00,6.47,11.88,21.22,29.86,0.3073,15.33,954.0,278.9,0.097,agriculture,103.0,dry,0.146,low,True
2021-09-16 05:30:00,0.06,0.28,0.9,1.74,0.5274,56.98,2678.8,335.5,0.013,barren,306.1,normal,0.2228,low,True
2021-09-16 06:30:00,0.87,1.78,2.72,7.04,0.2812,23.78,1446.3,211.2,1.799,forest,692.9,dry,0.106,low,True
2021-09-16 08:00:00,10.72,20.34,31.13,41.96,0.99,37.48,567.6,151.3,0.903,agriculture,45.8,wet,0.4452,medium,True
2021-09-16 08:15:00,0.37,1.16,2.66,8.23,0.5226,37.79,726.1,37.1,0.146,barren,11.4,normal,0.2177,low,True
2021-09-16 10:30:00,0.53,1.2,1.78,2.62,0.8688,32.44,1865.6,306.2,0.092,barren,416.6,wet,0.2153,low,True
2021-09-16 13:15:00,0.15,0.47,1.06,3.24,0.7515,19.58,1314.4,164.3,1.924,agriculture,328.3,wet,0.2178,low,True
2021-09-16 13:30:00,86.85,102.47,136.13,187.45,0.6199,49.35,1887.1,202.0,0.165,agriculture,120.7,dry,0.7114,high,True
2021-09-16 14:30:00,37.59,55.45,93.07,133.87,0.8459,17.91,1467.0,112.9,0.372,urban,1116.3,normal,0.5723,high,True
2021-09-16 17:15:00,111.83,142.84,158.56,187.07,0.99,54.11,1726.8,188.6,0.566,agriculture,296.7,wet,0.8046,critical,True
2021-09-16 21:00:00,10.45,32.21,52.64,64.8,0.8428,35.35,2660.4,281.4,0.039,barren,391.1,normal,0.3775,medium,True
2021-09-16 21:45:00,0.12,0.21,0.59,1.11,0.5099,52.55,1488.0,256.4,0.253,barren,176.6,normal,0.1639,low,True
2021-09-16 22:15:00,0.63,1.37,2.54,4.01,0.5687,42.36,2306.5,356.0,1.726,barren,901.0,normal,0.1728,low,True
2021-09-16 23:15:00,0.05,0.09,0.15,0.43,0.4797,14.84,1668.1,178.4,0.723,barren,123.1,normal,0.1664,low,True
2021-09-17 05:45:00,102.38,130.08,169.14,211.23,0.8987,51.47,909.6,190.7,0.275,agriculture,493.5,normal,0.7953,critical,True
2021-09-17 07:30:00,0.02,0.09,0.14,0.28,0.4878,41.09,2785.8,19.0,0.941,agriculture,53.4,normal,0.1864,low,True
2021-09-17 09:15:00,0.37,1.43,2.4,3.45,0.368,36.21,2873.4,140.2,1.089,agriculture,280.1,dry,0.1605,low,True
2021-09-17 10:00:00,0.43,2.03,4.2,6.74,0.1723,22.44,1508.1,332.0,0.099,forest,311.8,dry,0.0743,low,True
2021-09-17 10:15:00,4.57,9.88,21.59,31.48,0.3815,34.51,1691.1,126.2,0.53,forest,83.0,dry,0.1681,low,True
2021-09-17 11:15:00,0.41,0.78,1.28,1.85,0.2255,30.03,2343.7,275.8,0.274,forest,146.9,dry,0.1158,low,True
2021-09-17 15:30:00,0.14,0.47,0.67,1.94,0.5544,23.58,1489.1,351.9,0.424,urban,78.9,normal,0.1351,low,True
2021-09-17 15:45:00,0.06,0.21,0.49,0.92,0.163,39.68,2179.9,45.7,0.38,forest,662.6,dry,0.1265,low,True
2021-09-17 16:15:00,0.39,0.77,2.51,4.44,0.201,58.2,1111.7,120.2,0.42,forest,384.7,dry,0.1435,low,True
2021-09-17 22:15:00,0.54,1.67,3.63,10.21,0.8012,19.06,2699.8,170.8,0.443,forest,217.0,wet,0.2254,low,True
2021-09-17 22:45:00,0.14,0.41,0.92,1.51,0.828,38.23,1818.1,85.5,0.043,agriculture,294.2,wet,0.2224,low,True
2021-09-17 22:45:00,13.67,24.71,48.71,89.29,0.99,25.28,2050.5,4.5,0.117,forest,157.6,wet,0.4863,medium,True
2021-09-17 22:45:00,0.38,1.37,3.04,4.56,0.8192,49.34,2413.9,168.7,0.501,agriculture,206.0,wet,0.2409,low,True
2021-09-18 01:00:00,4.3,8.54,13.53,32.51,0.4031,30.35,2091.2,193.2,1.65,forest,348.1,dry,0.139,low,True
2021-09-18 06:00:00,8.82,14.88,27.8,44.41,0.5675,58.39,1569.6,225.2,0.823,barren,93.2,dry,0.2714,low,True
2021-09-18 09:15:00,18.85,29.23,48.3,80.68,0.851,37.92,2632.3,297.8,0.164,urban,60.4,normal,0.5812,high,True
2021-09-18 12:15:00,0.17,0.48,1.03,2.73,0.696,33.34,2101.1,91.1,0.269,urban,1021.7,wet,0.097,low,True
2021-09-18 12:30:00,0.03,0.05,0.09,0.14,0.811,23.2,1501.2,22.0,0.245,forest,104.6,wet,0.2685,low,True
2021-09-18 15:45:00,0.55,1.73,4.4,8.09,0.5953,10.55,698.1,32.3,0.881,agriculture,249.3,normal,0.1414,low,True
2021-09-18 15:45:00,0.21,0.37,1.11,1.68,0.1592,35.09,1591.3,179.1,2.15,agriculture,511.7,dry,0.1467,low,True
2021-09-18 16:15:00,0.73,1.73,3.04,5.4,0.4924,16.01,1282.3,332.0,0.263,forest,294.2,normal,0.1311,low,True
2021-09-18 16:30:00,1.21,3.29,6.03,10.54,0.2052,32.75,1614.7,353.6,0.009,forest,362.6,dry,0.0792,low,True
2021-09-18 21:00:00,0.0,0.0,0.01,0.01,0.5278,23.74,1215.0,73.8,1.658,forest,72.5,normal,0.2649,low,True
2021-09-18 23:00:00,2.42,4.17,9.34,16.82,0.8505,26.51,1830.5,54.7,0.84,barren,185.8,wet,0.261,low,True
2021-09-19 00:00:00,49.88,87.9,117.65,159.6,0.9296,59.91,1330.5,127.2,1.079,forest,420.2,normal,0.6207,high,True
2021-09-19 01:00:00,3.67,11.92,22.66,44.03,0.99,15.84,2456.2,167.0,0.14,agriculture,92.4,wet,0.3017,medium,True
2021-09-19 03:30:00,11.74,25.7,42.6,63.8,0.9157,65.0,1968.3,290.9,0.622,agriculture,241.3,normal,0.3867,medium,True
2021-09-19 03:45:00,0.35,0.65,1.98,5.23,0.5481,40.03,1320.7,278.9,0.159,agriculture,321.4,normal,0.1256,low,True
2021-09-19 04:30:00,0.03,0.12,0.31,0.54,0.851,36.04,1605.4,332.2,0.007,barren,555.1,wet,0.1748,low,True
2021-09-19 05:30:00,0.2,0.39,0.91,1.41,0.5471,16.19,1905.3,308.9,0.103,agriculture,95.3,normal,0.1754,low,True
2021-09-19 06:00:00,0.02,0.05,0.14,0.4,0.4655,22.35,698.4,158.0,1.537,agriculture,1347.3,normal,0.0959,low,True
2021-09-19 07:30:00,19.26,31.75,43.61,70.37,0.8949,12.27,1881.0,6.8,0.145,agriculture,1208.5,normal,0.3771,medium,True
2021-09-19 08:45:00,7.31,12.25,21.12,33.68,0.99,31.64,574.2,85.2,0.528,forest,14.3,wet,0.3968,medium,True
2021-09-19 09:15:00,0.86,1.85,3.64,6.81,0.1873,17.24,2521.0,219.6,2.065,forest,170.6,dry,0.1064,low,True
2021-09-19 09:45:00,0.26,0.56,1.24,1.99,0.4129,26.14,1376.2,180.5,0.047,urban,34.6,normal,0.2004,low,True
2021-09-19 11:15:00,13.62,21.04,27.65,49.79,0.7519,41.13,2229.4,86.5,0.99,urban,143.6,normal,0.4533,medium,True
2021-09-19 14:45:00,48.54,88.58,119.53,152.33,0.99,23.88,913.1,47.4,0.546,barren,336.9,wet,0.7178,high,True
2021-09-19 14:45:00,0.01,0.03,0.06,0.11,0.7487,41.31,1944.7,77.8,0.234,forest,338.4,wet,0.1444,low,True
2021-09-19 15:00:00,0.01,0.04,0.11,0.18,0.2226,33.02,896.2,93.5,0.272,forest,45.6,dry,0.1951,low,True
2021-09-19 19:00:00,0.34,0.76,1.59,5.25,0.2407,31.07,1423.6,312.2,0.017,forest,405.7,dry,0.0822,low,True
2021-09-19 19:30:00,10.41,16.3,21.46,52.92,0.99,21.75,2180.6,255.7,0.177,barren,665.6,wet,0.3354,medium,True
2021-09-19 22:15:00,10.58,18.63,23.38,52.96,0.4295,27.41,1970.2,198.8,0.33,barren,359.1,dry,0.2223,low,True
2021-09-19 22:30:00,0.8,1.46,2.64,4.54,0.2392,31.49,1939.3,7.5,0.757,urban,139.9,dry,0.1468,low,True
2021-09-20 00:30:00,2.68,6.13,10.47,21.47,0.3371,14.31,1387.7,295.6,0.193,agriculture,10.9,dry,0.1996,low,True
2021-09-20 01:45:00,2.15,5.33,10.72,20.46,0.3662,41.34,972.6,198.9,0.521,forest,375.8,dry,0.2064,low,True
2021-09-20 03:15:00,3.77,8.5,12.95,18.22,0.5091,50.32,2068.7,225.8,0.789,forest,406.4,normal,0.2328,low,True
2021-09-20 05:15:00,0.54,1.77,2.84,4.79,0.6847,31.02,1048.0,23.6,0.719,forest,441.7,normal,0.2109,low,True
2021-09-20 05:15:00,5.11,14.58,33.72,48.22,0.8124,31.84,1226.7,293.3,0.535,agriculture,24.0,normal,0.3795,medium,True
2021-09-20 07:30:00,5.63,16.2,23.29,53.12,0.99,41.18,2456.4,299.5,0.521,forest,264.3,wet,0.3646,medium,True
2021-09-20 10:45:00,14.03,30.98,73.92,123.01,0.5722,30.2,1947.0,318.0,0.766,barren,196.7,dry,0.4501,medium,True
2021-09-20 13:15:00,0.5,1.33,1.92,3.0,0.1364,40.06,781.9,190.1,0.245,agriculture,520.4,dry,0.0886,low,True
2021-09-20 13:45:00,0.14,0.59,1.11,1.89,0.7968,39.21,1593.5,141.9,0.359,forest,458.9,wet,0.1797,low,True
2021-09-20 15:00:00,0.47,1.49,2.74,4.73,0.8721,32.23,1505.2,26.3,2.032,forest,1063.2,wet,0.2318,low,True
2021-09-20 15:45:00,0.11,0.32,0.65,1.04,0.1887,22.19,1375.2,69.8,0.663,forest,807.3,dry,0.0145,low,True
2021-09-20 17:00:00,0.35,0.61,0.93,1.99,0.4811,39.7,1393.5,81.2,0.44,barren,295.8,normal,0.1401,low,True
2021-09-20 17:00:00,4.25,13.39,18.19,30.53,0.6519,20.63,2385.1,22.6,0.518,agriculture,1387.6,normal,0.1388,low,True
2021-09-20 17:15:00,0.18,0.4,0.92,2.03,0.5258,28.75,2796.7,55.6,0.066,forest,67.0,normal,0.2247,low,True
2021-09-20 19:00:00,0.08,0.37,0.82,1.56,0.1781,52.25,1574.5,319.2,0.538,barren,12.5,dry,0.1966,low,True
2021-09-20 21:30:00,0.09,0.19,0.3,0.87,0.5124,48.68,1698.3,196.3,1.087,agriculture,49.9,normal,0.2711,low,True
2021-09-20 23:00:00,1.17,3.0,7.54,16.87,0.3048,37.29,781.5,275.2,0.445,agriculture,163.5,dry,0.1556,low,True
2021-09-21 00:00:00,12.33,39.25,84.22,111.44,0.99,44.23,2616.8,99.0,0.117,barren,502.6,wet,0.4989,medium,True
2021-09-21 04:30:00,0.07,0.33,0.51,1.6,0.4573,43.49,1204.8,48.5,0.357,barren,179.0,normal,0.2054,low,True
2021-09-21 05:30:00,0.12,0.34,0.71,1.42,0.5141,23.44,1346.2,134.4,0.195,agriculture,540.9,normal,0.0915,low,True
2021-09-21 07:15:00,4.12,9.46,16.91,26.9,0.336,41.51,2074.3,285.5,0.268,forest,485.2,dry,0.0871,low,True
2021-09-21 07:30:00,12.87,36.96,78.67,114.28,0.5177,20.43,1768.5,107.0,0.153,forest,563.6,dry,0.2058,low,True
2021-09-21 07:45:00,0.24,0.62,1.27,3.94,0.5316,23.01,1929.6,73.6,0.244,barren,82.6,normal,0.1182,low,True
2021-09-21 11:00:00,19.84,45.45,70.35,86.44,0.99,38.26,2007.7,8.1,1.035,agriculture,264.0,wet,0.5324,high,True
2021-09-21 11:45:00,0.05,0.14,0.26,0.4,0.4603,30.89,1595.1,224.6,0.851,barren,446.5,normal,0.1358,low,True
2021-09-21 12:00:00,6.46,9.96,17.5,31.18,0.6423,42.67,2129.8,156.9,0.405,urban,127.0,normal,0.3324,medium,True
2021-09-21 12:30:00,6.14,16.56,27.79,52.15,0.4686,17.37,575.7,93.2,0.915,urban,647.1,dry,0.1464,low,True
2021-09-21 12:30:00,0.07,0.28,0.58,0.87,0.567,44.9,2581.4,187.1,2.227,forest,538.9,normal,0.1943,low,True
2021-09-21 16:30:00,1.19,2.13,3.15,6.3,0.2468,27.98,1491.0,252.2,0.313,forest,54.7,dry,0.2096,low,True
2021-09-21 17:00:00,0.05,0.09,0.2,0.35,0.232,22.16,2123.9,89.1,2.347,forest,96.0,dry,0.1518,low,True
2021-09-21 17:30:00,0.07,0.26,0.83,1.61,0.7626,39.06,1895.6,219.2,0.169,barren,104.8,wet,0.2185,low,True
2021-09-21 19:00:00,5.98,17.64,24.89,53.26,0.99,41.61,401.3,93.7,1.855,forest,747.7,wet,0.3382,medium,True
2021-09-21 19:30:00,0.36,0.66,1.49,2.84,0.4643,37.92,1731.0,355.2,1.199,forest,82.3,normal,0.228,low,True
2021-09-22 01:45:00,0.15,0.53,1.0,2.66,0.8481,30.98,332.3,263.7,0.133,forest,350.6,wet,0.1778,low,True
2021-09-22 05:45:00,0.16,0.3,0.95,2.3,0.8163,61.66,1896.4,217.0,0.258,forest,33.5,wet,0.3045,medium,True
2021-09-22 06:15:00,6.69,16.88,37.91,51.03,0.4337,43.5,1730.4,62.0,0.738,forest,291.4,dry,0.2305,low,True
2021-09-22 07:15:00,8.72,13.57,22.87,50.05,0.99,46.8,832.4,211.1,0.128,forest,63.3,wet,0.344,medium,True
2021-09-22 07:45:00,0.36,0.73,1.56,2.7,0.5412,28.19,1713.0,288.2,0.536,agriculture,309.9,normal,0.1409,low,True
2021-09-22 08:15:00,0.11,0.33,0.48,1.05,0.7607,25.34,1314.9,265.4,0.459,forest,170.5,wet,0.2736,low,True
2021-09-22 11:00:00,22.53,54.21,98.9,129.36,0.8331,29.13,1501.8,280.1,0.207,forest,335.7,normal,0.3935,medium,True
2021-09-22 11:00:00,3.47,9.28,12.79,24.3,0.5585,25.85,300.0,114.4,0.214,barren,185.6,normal,0.1881,low,True
2021-09-22 12:45:00,7.22,13.86,21.47,37.08,0.6684,27.2,857.1,118.2,0.436,barren,684.2,normal,0.2499,low,True
2021-09-22 15:45:00,0.39,1.34,2.14,4.83,0.5537,40.77,1127.8,194.0,0.214,forest,505.1,normal,0.087,low,True
2021-09-22 20:45:00,3.53,8.08,19.56,30.42,0.9577,19.56,917.8,100.3,0.119,forest,661.8,wet,0.1916,low,True
2021-09-22 21:30:00,16.48,34.91,69.97,103.69,0.491,38.7,1284.7,40.7,0.891,barren,97.9,dry,0.4334,medium,True
2021-09-22 22:00:00,5.03,11.42,17.06,28.54,0.6401,47.39,1196.7,166.0,0.523,forest,66.4,normal,0.2319,low,True
2021-09-23 00:00:00,0.02,0.09,0.23,0.68,0.3114,19.18,1781.0,0.7,0.345,forest,295.2,dry,0.1148,low,True
2021-09-23 00:00:00,3.87,8.41,13.91,19.47,0.2291,47.8,300.0,273.9,0.12,forest,731.8,dry,0.0907,low,True
2021-09-23 02:30:00,0.05,0.21,0.37,0.57,0.2132,25.49,2795.5,269.9,0.541,forest,51.0,dry,0.1075,low,True
2021-09-23 02:30:00,89.49,109.08,141.06,198.28,0.5996,44.98,1230.9,198.7,0.594,agriculture,103.2,dry,0.72,high,True
2021-09-23 03:15:00,6.83,11.88,29.6,47.95,0.6758,46.46,1416.2,269.1,0.392,urban,489.6,normal,0.2334,low,True
2021-09-23 03:30:00,0.37,1.65,4.37,8.26,0.5153,31.36,1956.8,224.8,0.28,barren,229.2,normal,0.1713,low,True
2021-09-23 04:30:00,0.36,0.68,2.16,3.35,0.274,29.86,2643.3,251.1,1.212,agriculture,333.7,dry,0.122,low,True
2021-09-23 05:45:00,0.19,0.7,1.54,3.01,0.1695,31.62,1246.5,23.3,0.732,forest,323.6,dry,0.0706,low,True
2021-09-23 06:45:00,0.15,0.31,0.54,0.93,0.8362,27.03,2013.6,317.3,0.264,agriculture,196.1,wet,0.2341,low,True
2021-09-23 07:00:00,107.62,138.61,171.38,214.79,0.5852,44.71,1197.4,231.8,0.539,forest,438.1,dry,0.5961,high,True
2021-09-23 08:00:00,18.7,43.97,63.03,111.93,0.8123,24.04,2164.2,219.8,0.16,forest,679.3,normal,0.352,medium,True
2021-09-23 10:45:00,55.4,80.13,114.89,147.53,0.5502,29.81,2018.3,139.4,0.007,agriculture,844.2,dry,0.5315,high,True
2021-09-23 12:45:00,0.0,0.01,0.02,0.04,0.3132,33.48,960.4,10.1,1.219,barren,26.6,dry,0.2213,low,True
2021-09-23 16:45:00,0.01,0.05,0.13,0.31,0.4748,28.78,1947.4,324.5,1.025,forest,292.3,normal,0.1968,low,True
2021-09-23 18:30:00,0.05,0.09,0.17,0.28,0.5688,31.57,743.6,354.8,0.612,barren,24.4,normal,0.238,low,True
2021-09-23 20:15:00,0.04,0.17,0.54,1.0,0.5388,30.25,1155.1,290.8,1.001,forest,819.2,normal,0.1307,low,True
2021-09-23 20:15:00,7.41,17.07,23.83,50.5,0.4573,32.85,796.3,329.4,0.911,forest,206.3,dry,0.2076,low,True
2021-09-23 20:15:00,68.27,114.21,142.85,193.44,0.8637,32.5,1600.6,43.5,1.181,forest,817.7,normal,0.794,critical,True
2021-09-23 20:45:00,8.04,17.17,25.12,37.96,0.99,46.38,2199.0,46.3,1.335,agriculture,82.8,wet,0.4655,medium,True
2021-09-23 21:00:00,0.1,0.3,0.56,1.24,0.1744,23.49,854.4,316.7,1.025,barren,72.0,dry,0.1262,low,True
2021-09-23 21:45:00,0.01,0.03,0.06,0.14,0.1993,24.11,1840.5,20.7,1.145,agriculture,846.3,dry,0.0708,low,True
2021-09-23 22:30:00,0.03,0.07,0.21,0.31,0.083,47.21,1454.9,33.6,0.418,forest,985.3,dry,0.1537,low,True
2021-09-24 01:45:00,4.39,7.22,17.64,23.92,0.7236,27.76,984.0,294.1,0.739,forest,519.5,normal,0.1715,low,True
2021-09-24 07:15:00,0.29,0.65,0.95,1.94,0.202,11.67,1346.8,200.5,0.243,agriculture,97.9,dry,0.0442,low,True
2021-09-24 11:30:00,2.29,5.58,11.5,16.11,0.6153,16.69,1947.3,141.0,1.185,forest,76.1,normal,0.1759,low,True
2021-09-24 11:45:00,0.61,1.69,5.03,9.86,0.2859,29.64,2164.1,199.2,1.174,forest,492.4,dry,0.0858,low,True
2021-09-24 13:45:00,0.02,0.04,0.09,0.21,0.2118,24.93,1784.5,316.3,0.041,urban,362.5,dry,0.0392,low,True
2021-09-24 14:00:00,99.54,120.15,158.09,205.25,0.5257,32.79,1577.8,272.6,0.256,barren,729.7,dry,0.7507,critical,True
2021-09-24 15:15:00,0.22,0.64,1.52,2.27,0.4516,44.75,1613.8,249.0,0.113,forest,123.4,normal,0.2231,low,True
2021-09-24 17:15:00,6.99,17.95,23.34,45.37,0.3573,35.03,1161.0,351.7,0.088,forest,132.5,dry,0.1631,low,True
2021-09-24 18:15:00,0.15,0.32,0.45,0.88,0.4609,37.5,1658.1,187.7,0.322,forest,470.4,normal,0.1291,low,True
2021-09-25 04:00:00,1.15,2.16,5.2,16.28,0.6019,24.77,717.9,2.3,0.59,agriculture,119.1,normal,0.1495,low,True
2021-09-25 04:15:00,0.0,0.0,0.01,0.02,0.5411,51.72,1528.8,154.5,0.253,barren,227.2,normal,0.211,low,True
2021-09-25 05:00:00,5.83,12.6,17.18,23.06,0.6002,23.94,2619.6,34.8,0.222,barren,267.0,normal,0.2219,low,True
2021-09-25 05:45:00,0.0,0.01,0.03,0.05,0.5038,21.1,1336.6,41.9,0.06,forest,397.2,normal,0.0764,low,True
2021-09-25 06:15:00,1.52,3.01,4.93,7.69,0.5364,25.06,2272.7,91.8,0.29,forest,157.8,normal,0.214,low,True
2021-09-25 07:00:00,74.58,117.27,153.01,187.93,0.99,16.77,2002.6,137.3,0.382,urban,694.0,wet,0.7702,critical,True
2021-09-25 08:45:00,23.87,61.85,78.13,139.18,0.5822,22.55,2462.7,173.4,0.305,urban,190.2,dry,0.5491,high,True
2021-09-25 19:00:00,21.55,61.07,104.5,127.34,0.5934,32.7,300.0,61.1,0.684,agriculture,24.8,dry,0.408,medium,True
2021-09-25 20:15:00,0.1,0.4,0.58,1.45,0.3742,17.87,1706.2,112.2,0.204,forest,34.3,normal,0.1554,low,True
2021-09-25 20:30:00,4.44,7.08,14.61,35.46,0.7387,40.02,1952.8,99.6,0.755,agriculture,1256.2,normal,0.1519,low,True
2021-09-25 20:45:00,4.15,7.47,16.41,38.44,0.6583,41.34,2079.0,131.5,1.286,urban,350.5,normal,0.2232,low,True
2021-09-25 23:30:00,7.48,16.6,25.17,53.32,0.5181,26.32,2320.8,38.9,0.537,agriculture,246.3,dry,0.2126,low,True
2021-09-26 03:45:00,0.11,0.35,0.73,1.64,0.5274,26.4,2017.8,143.0,0.295,barren,723.2,normal,0.1514,low,True
2021-09-26 07:30:00,0.36,0.78,1.74,3.73,0.8294,47.02,1741.9,199.6,0.119,forest,451.7,wet,0.1797,low,True
2021-09-26 08:15:00,0.87,1.79,5.55,8.05,0.5216,31.57,1024.7,34.9,1.617,forest,80.1,normal,0.2288,low,True
2021-09-26 13:30:00,0.13,0.35,0.92,2.25,0.7464,29.05,458.3,187.5,0.836,forest,12.6,wet,0.2235,low,True
2021-09-26 16:45:00,0.25,0.96,1.38,2.22,0.4408,31.37,2403.6,272.1,0.17,urban,1418.6,normal,0.0562,low,True
2021-09-26 17:15:00,7.93,13.03,19.61,36.96,0.2853,23.78,1235.6,3.0,0.098,agriculture,357.2,dry,0.1409,low,True
2021-09-26 20:30:00,8.62,13.36,19.5,43.15,0.7221,30.42,1389.8,17.1,0.03,barren,236.9,normal,0.2467,low,True
2021-09-26 22:00:00,15.78,46.22,72.61,89.78,0.8371,31.9,2143.3,167.9,0.127,forest,1023.0,normal,0.3075,medium,True
2021-09-27 01:30:00,113.26,149.72,162.89,201.51,0.8978,21.54,1588.6,314.2,0.791,urban,171.3,normal,0.808,critical,True
2021-09-27 02:30:00,4.69,12.3,15.65,24.49,0.6388,26.39,905.6,359.2,0.596,barren,458.7,normal,0.2424,low,True
2021-09-27 02:30:00,0.23,0.44,0.69,1.51,0.5101,31.67,575.5,33.6,2.055,forest,398.2,normal,0.2118,low,True
2021-09-27 03:15:00,0.02,0.1,0.23,0.52,0.1665,31.15,1384.9,6.6,0.233,barren,405.6,dry,0.1494,low,True
2021-09-27 04:15:00,5.08,10.79,19.82,40.71,0.4342,42.12,1657.5,82.4,0.927,forest,405.7,dry,0.1915,low,True
2021-09-27 04:45:00,38.62,59.04,88.45,122.73,0.7986,35.9,2077.7,168.3,0.077,forest,13.7,normal,0.5016,medium,True
2021-09-27 11:15:00,14.3,28.21,35.83,53.93,0.99,47.41,1525.1,205.8,0.496,forest,618.6,wet,0.3566,medium,True
2021-09-27 13:15:00,0.04,0.1,0.23,0.39,0.2768,27.47,1612.0,350.5,0.377,urban,907.2,dry,0.0824,low,True
2021-09-27 16:45:00,3.5,11.1,20.0,28.34,0.9654,30.68,808.1,319.8,1.093,urban,218.8,wet,0.3277,medium,True
2021-09-27 18:45:00,27.48,45.71,60.17,96.63,0.7865,40.65,2224.8,202.4,0.726,forest,297.7,normal,0.3828,medium,True
2021-09-27 19:00:00,0.48,1.87,3.28,6.61,0.2158,49.23,3407.9,130.2,0.13,barren,147.4,dry,0.1412,low,True
2021-09-27 22:30:00,1.96,4.85,10.68,24.2,0.2718,58.74,2380.7,115.7,2.477,agriculture,548.1,dry,0.1226,low,True
2021-09-28 00:00:00,8.34,22.39,36.71,59.61,0.5265,40.37,2326.4,206.1,1.039,barren,476.9,dry,0.2267,low,True
2021-09-28 03:15:00,13.99,38.02,69.9,94.15,0.99,34.06,1807.1,259.7,0.263,forest,479.5,wet,0.3841,medium,True
2021-09-28 03:15:00,0.14,0.26,0.84,1.31,0.5652,25.76,972.9,173.4,1.049,agriculture,474.7,normal,0.0965,low,True
2021-09-28 06:00:00,0.27,1.16,2.39,3.84,0.8909,32.51,1082.9,109.6,1.887,agriculture,96.3,wet,0.2624,low,True
2021-09-28 06:15:00,0.08,0.18,0.33,0.52,0.7634,20.58,1995.2,220.7,1.326,forest,51.8,wet,0.2336,low,True
2021-09-28 11:30:00,1.01,1.69,4.54,12.88,0.5911,16.93,2134.5,200.9,0.487,forest,140.3,normal,0.1793,low,True
2021-09-28 13:30:00,0.6,1.09,1.83,5.41,0.4828,40.81,1036.5,153.9,0.516,agriculture,309.8,normal,0.179,low,True
2021-09-28 14:30:00,0.11,0.33,1.01,1.5,0.548,32.62,1872.7,269.4,0.068,forest,188.5,normal,0.0948,low,True
2021-09-28 18:00:00,10.51,17.6,23.74,42.5,0.7365,23.63,1667.9,101.6,0.108,urban,110.3,normal,0.3791,medium,True
2021-09-28 19:00:00,3.37,10.12,13.67,21.83,0.324,28.84,1897.1,174.6,2.431,forest,17.9,dry,0.3161,medium,True
2021-09-28 21:00:00,1.29,3.79,7.4,15.26,0.562,25.95,1814.7,338.5,0.881,urban,55.2,normal,0.3139,medium,True
2021-09-28 21:15:00,0.57,1.42,3.45,9.0,0.5454,32.48,1845.6,260.2,0.016,forest,49.0,normal,0.1682,low,True
2021-09-28 21:45:00,1.09,2.48,4.94,8.93,0.1607,39.31,432.8,139.7,0.476,forest,1108.4,dry,0.0686,low,True
2021-09-29 01:00:00,0.68,1.28,2.35,5.42,0.581,36.38,2694.3,196.6,0.254,forest,538.1,normal,0.1227,low,True
2021-09-29 02:00:00,0.01,0.03,0.05,0.15,0.6914,22.5,2449.2,146.0,0.224,barren,55.8,wet,0.2217,low,True
2021-09-29 09:00:00,2.85,7.41,17.85,38.87,0.7615,40.2,1591.0,40.5,0.488,barren,230.4,normal,0.3507,medium,True
2021-09-29 09:30:00,20.69,37.59,74.56,90.51,0.7865,32.32,891.9,120.6,0.232,forest,382.0,normal,0.3078,medium,True
2021-09-29 10:45:00,0.01,0.01,0.03,0.05,0.2559,37.59,1937.9,309.8,0.174,forest,1145.8,dry,0.0321,low,True
2021-09-29 14:45:00,2.4,5.23,8.63,17.65,0.8678,22.03,722.8,166.0,1.667,agriculture,119.7,wet,0.3175,medium,True
2021-09-29 16:15:00,0.15,0.29,0.87,1.62,0.5027,32.39,2606.2,210.5,0.024,agriculture,117.3,normal,0.1983,low,True
2021-09-29 17:45:00,12.62,22.52,33.33,47.83,0.99,29.73,1503.2,65.3,0.344,barren,304.0,wet,0.3863,medium,True
2021-09-29 21:45:00,0.04,0.13,0.34,1.03,0.7548,54.29,1242.1,128.2,0.429,forest,691.6,wet,0.1911,low,True
2022-06-15 02:30:00,9.11,28.88,36.25,52.91,0.99,38.7,1950.2,334.5,0.348,agriculture,124.8,wet,0.472,medium,True
2022-06-15 03:45:00,0.36,0.94,1.43,4.6,0.327,51.57,1318.3,113.1,0.642,barren,57.1,dry,0.206,low,True
2022-06-15 05:15:00,15.04,37.56,55.26,76.24,0.7911,22.56,1432.0,90.2,0.016,urban,118.3,normal,0.4661,medium,True
2022-06-15 06:00:00,64.38,98.68,120.19,154.77,0.99,34.73,1123.8,20.1,1.298,agriculture,218.6,wet,0.8296,critical,True
2022-06-15 07:45:00,71.48,109.79,122.23,180.06,0.99,34.97,1975.1,35.0,0.416,forest,166.2,wet,0.8715,critical,True
2022-06-15 09:45:00,43.23,70.06,80.32,131.12,0.99,60.45,1784.5,210.5,0.484,forest,701.2,wet,0.645,high,True
2022-06-15 10:30:00,0.2,0.4,0.63,1.31,0.5081,32.22,2230.2,237.6,0.373,agriculture,1012.3,normal,0.0934,low,True
2022-06-15 11:30:00,0.38,0.7,1.03,2.37,0.5468,22.79,624.9,231.0,0.353,agriculture,176.4,normal,0.1748,low,True
2022-06-15 15:15:00,0.38,0.73,1.07,2.25,0.2334,20.13,869.7,194.3,0.124,urban,616.9,dry,0.0806,low,True
2022-06-15 16:00:00,5.94,10.1,19.13,29.72,0.9098,25.44,1289.4,176.7,0.421,barren,34.9,wet,0.3578,medium,True
2022-06-15 16:15:00,33.82,54.83,73.21,106.86,0.8287,50.0,2266.7,26.0,0.328,agriculture,292.4,normal,0.6032,high,True
2022-06-15 19:00:00,0.25,1.01,2.64,4.78,0.2148,19.4,745.0,302.7,0.379,forest,633.7,dry,0.0776,low,True
2022-06-15 19:45:00,0.11,0.2,0.29,0.74,0.1807,39.81,1090.3,184.7,0.008,forest,199.8,dry,0.1052,low,True
2022-06-15 21:00:00,0.06,0.25,0.44,0.9,0.4559,36.03,2452.3,47.5,0.084,forest,64.2,normal,0.2249,low,True
2022-06-15 21:30:00,1.92,5.16,7.89,17.94,0.6518,31.42,1917.8,48.9,0.864,forest,127.0,normal,0.263,low,True
2022-06-16 03:00:00,0.61,2.49,3.73,8.36,0.2659,18.83,2248.2,184.7,0.326,agriculture,247.0,dry,0.0853,low,True
2022-06-16 03:00:00,29.14,64.32,91.45,132.75,0.5314,43.2,1545.3,88.0,0.815,forest,659.1,dry,0.342,medium,True
2022-06-16 03:15:00,7.05,12.66,17.7,24.72,0.2711,44.58,2661.0,331.9,0.113,forest,493.2,dry,0.1301,low,True
2022-06-16 07:15:00,2.28,7.28,13.43,28.79,0.3347,25.55,729.4,179.6,0.719,forest,40.5,dry,0.1968,low,True
2022-06-16 07:30:00,0.78,1.6,2.39,3.74,0.7453,16.41,1471.4,352.2,0.205,forest,286.5,wet,0.1429,low,True
2022-06-16 12:15:00,106.35,131.55,161.88,220.72,0.8719,26.2,1422.1,264.3,0.733,forest,730.5,normal,0.6894,high,True
2022-06-16 14:30:00,83.86,113.84,131.72,157.46,0.8275,14.83,1429.5,291.9,0.054,agriculture,311.2,normal,0.8111,critical,True
2022-06-16 15:00:00,0.68,1.75,2.86,4.85,0.7982,38.87,846.7,140.0,0.244,forest,33.5,wet,0.2488,low,True
2022-06-16 17:45:00,0.2,0.84,1.31,2.19,0.5703,29.75,1932.7,48.2,0.076,agriculture,616.3,normal,0.1306,low,True
2022-06-16 19:30:00,0.57,2.03,6.18,13.08,0.8378,27.58,865.2,248.3,0.596,agriculture,840.4,wet,0.1879,low,True
2022-06-16 21:00:00,3.12,9.52,21.61,45.38,0.99,34.2,800.6,146.5,0.299,urban,182.5,wet,0.4195,medium,True
2022-06-16 21:15:00,0.27,0.68,2.04,4.76,0.474,29.81,300.0,341.6,0.046,forest,139.9,normal,0.1316,low,True
2022-06-16 21:15:00,0.09,0.26,0.49,0.8,0.4563,18.05,1154.7,69.7,0.448,forest,284.3,normal,0.107,low,True
2022-06-16 22:15:00,71.84,94.68,121.53,169.38,0.8343,23.1,1688.0,225.5,0.015,forest,1459.2,normal,0.668,high,True
2022-06-16 23:15:00,0.11,0.33,0.78,1.94,0.8094,13.78,1773.1,311.8,1.024,agriculture,645.9,wet,0.1936,low,True
2022-06-17 05:00:00,0.03,0.09,0.14,0.38,0.1619,43.83,1465.6,145.0,1.672,urban,593.2,dry,0.1333,low,True
2022-06-17 06:30:00,8.07,15.14,26.1,43.69,0.4948,31.7,1198.2,343.3,0.997,barren,85.1,dry,0.2241,low,True
2022-06-17 10:00:00,0.52,1.57,3.69,5.3,0.8444,21.32,1356.7,27.6,1.816,agriculture,799.4,wet,0.2062,low,True
2022-06-17 11:00:00,10.36,16.88,22.76,48.78,0.99,58.37,1195.2,211.3,1.364,forest,294.1,wet,0.3544,medium,True
2022-06-17 12:15:00,0.05,0.21,0.57,1.24,0.4819,22.53,2832.4,279.9,1.352,agriculture,880.6,normal,0.1398,low,True
2022-06-17 17:30:00,5.19,10.51,21.65,37.79,0.7051,28.98,863.0,72.7,0.169,forest,379.2,normal,0.2017,low,True
2022-06-17 21:00:00,0.32,0.64,0.95,2.82,0.2022,22.25,1134.8,20.8,0.158,agriculture,638.9,dry,0.0386,low,True
2022-06-18 03:00:00,3.46,8.1,18.36,38.27,0.6491,18.95,1599.7,28.8,0.995,agriculture,73.3,normal,0.3013,medium,True
2022-06-18 05:45:00,68.02,109.66,124.1,174.95,0.99,53.61,942.3,114.9,0.406,forest,439.1,wet,0.8607,critical,True
2022-06-18 07:00:00,0.46,1.03,3.2,6.44,0.3236,59.79,1627.7,80.3,1.712,forest,114.1,dry,0.2273,low,True
2022-06-18 07:30:00,0.12,0.59,1.51,2.46,0.5096,46.81,617.1,80.6,1.365,barren,74.8,normal,0.2349,low,True
2022-06-18 08:30:00,0.03,0.11,0.29,0.67,0.8239,33.72,1674.3,165.1,1.342,forest,308.6,wet,0.2328,low,True
2022-06-18 10:45:00,2.82,4.94,12.33,23.38,0.6787,46.52,1333.5,30.6,0.237,forest,333.1,normal,0.1929,low,True
2022-06-18 10:45:00,0.28,0.94,2.57,8.0,0.8042,45.46,1152.8,358.4,0.086,forest,246.1,wet,0.2892,medium,True
2022-06-18 12:15:00,3.97,9.78,13.57,29.16,0.7349,37.27,1424.9,250.5,0.68,forest,42.6,normal,0.2665,low,True
2022-06-18 16:00:00,0.35,0.59,1.93,4.25,0.7616,27.57,1275.4,10.9,0.349,barren,108.2,wet,0.2213,low,True
2022-06-18 16:30:00,0.06,0.14,0.4,1.12,0.8276,25.94,1358.3,249.1,1.63,agriculture,104.0,wet,0.2535,low,True
2022-06-18 17:00:00,26.56,45.43,83.43,114.26,0.8133,40.76,2060.0,285.1,1.154,barren,141.8,normal,0.6809,high,True
2022-06-18 17:45:00,0.51,0.93,1.71,2.45,0.7525,33.02,2679.4,68.7,1.586,forest,356.2,wet,0.1989,low,True
2022-06-18 18:15:00,0.07,0.28,0.49,0.71,0.7713,29.63,300.0,302.5,0.503,barren,211.7,wet,0.2497,low,True
2022-06-18 19:30:00,7.21,11.44,22.4,32.57,0.9427,27.24,1460.7,220.2,0.448,barren,1218.9,wet,0.2698,low,True
2022-06-18 21:00:00,4.62,9.43,13.7,23.62,0.5877,36.29,830.3,295.5,1.127,forest,15.6,normal,0.2929,medium,True
2022-06-18 22:15:00,1.58,3.5,8.05,19.86,0.6477,13.09,1395.3,258.0,0.43,forest,95.1,normal,0.2675,low,True
2022-06-18 22:30:00,0.04,0.15,0.26,0.81,0.5053,54.52,1841.6,253.7,1.382,urban,308.2,normal,0.1585,low,True
2022-06-19 00:00:00,8.91,23.67,40.01,63.79,0.8531,40.95,3032.3,57.0,0.021,forest,750.2,normal,0.2751,low,True
2022-06-19 03:15:00,0.05,0.09,0.16,0.53,0.5366,26.72,1406.6,113.7,0.267,forest,22.1,normal,0.1627,low,True
2022-06-19 05:00:00,0.06,0.26,0.48,1.04,0.1983,28.64,1677.9,188.4,1.08,forest,762.8,dry,0.0661,low,True
2022-06-19 10:15:00,1.01,4.2,7.26,12.7,0.5023,20.0,1051.7,40.5,0.141,forest,257.7,normal,0.1301,low,True
2022-06-19 16:15:00,0.21,0.47,0.76,1.98,0.5515,31.17,1020.3,172.3,0.305,forest,548.8,normal,0.1273,low,True
2022-06-19 19:30:00,0.63,1.17,3.04,5.89,0.7873,28.73,991.7,160.3,0.006,forest,1049.2,wet,0.1326,low,True
2022-06-19 19:45:00,0.48,1.29,2.16,4.69,0.9004,17.33,1169.5,83.5,0.215,agriculture,94.9,wet,0.2572,low,True
2022-06-19 21:00:00,1.61,4.94,7.83,12.98,0.6158,36.22,1315.2,71.9,0.23,forest,320.3,normal,0.1608,low,True
2022-06-19 22:00:00,0.11,0.25,0.36,0.76,0.5028,28.19,2452.9,89.1,0.791,barren,763.0,normal,0.1058,low,True
2022-06-19 23:15:00,3.03,8.85,20.96,44.5,0.9037,33.09,1392.3,217.8,0.679,forest,661.2,wet,0.2267,low,True
2022-06-19 23:45:00,4.37,13.02,23.82,33.23,0.3814,41.11,1933.0,149.4,0.353,urban,267.6,dry,0.1782,low,True
2022-06-20 00:00:00,12.64,29.69,70.97,89.06,0.6496,34.29,1776.4,149.0,0.782,urban,1055.0,dry,0.3753,medium,True
2022-06-20 05:45:00,0.58,1.15,1.76,2.97,0.8044,30.86,2171.3,65.4,0.336,barren,441.4,wet,0.1833,low,True
2022-06-20 07:00:00,2.08,5.14,9.31,13.94,0.2376,31.67,458.7,283.5,0.342,urban,269.9,dry,0.1395,low,True
2022-06-20 07:45:00,0.88,1.82,2.62,5.32,0.8267,32.18,1805.8,252.1,0.622,barren,30.9,wet,0.3029,medium,True
2022-06-20 09:00:00,0.31,0.77,2.12,4.3,0.8459,30.02,1737.8,154.5,0.77,urban,243.8,wet,0.2257,low,True
2022-06-20 10:00:00,4.17,7.52,11.16,15.99,0.6261,24.24,1540.1,51.2,1.126,forest,201.8,normal,0.1831,low,True
2022-06-20 10:00:00,7.66,20.38,26.55,52.75,0.99,39.82,2245.8,257.3,0.835,forest,137.5,wet,0.3394,medium,True
2022-06-20 11:30:00,0.29,0.7,2.17,3.24,0.4747,35.84,1527.5,323.6,0.666,barren,1012.0,normal,0.1036,low,True
2022-06-20 11:30:00,7.47,16.27,25.83,44.82,0.99,43.8,2127.4,64.2,0.495,forest,919.9,wet,0.3569,medium,True
2022-06-20 13:45:00,4.01,7.59,15.03,30.17,0.8655,43.45,1702.0,217.0,0.221,barren,154.0,wet,0.2731,low,True
2022-06-20 16:30:00,9.57,31.55,45.97,78.26,0.5996,23.88,1748.4,152.8,0.182,barren,210.3,dry,0.2706,low,True
2022-06-20 18:00:00,8.52,14.76,21.59,30.17,0.6823,26.74,1789.7,31.6,1.112,forest,497.8,normal,0.1834,low,True
2022-06-20 21:15:00,0.09,0.44,0.75,1.81,0.5531,26.52,1480.4,261.3,0.758,barren,640.8,normal,0.0828,low,True
2022-06-21 06:15:00,3.97,10.66,20.65,49.72,0.4139,33.14,2538.4,25.6,0.657,forest,50.8,dry,0.2032,low,True
2022-06-21 07:45:00,11.1,36.05,75.43,138.78,0.99,37.61,2245.4,252.8,0.18,forest,246.2,wet,0.553,high,True
2022-06-21 08:00:00,0.3,1.05,2.6,4.63,0.5306,40.76,1564.3,101.2,2.1,agriculture,870.8,normal,0.2061,low,True
2022-06-21 09:15:00,39.46,76.6,93.97,108.4,0.8078,23.89,1702.6,203.6,0.051,forest,392.3,normal,0.4171,medium,True
2022-06-21 10:30:00,0.07,0.12,0.32,0.64,0.1544,32.66,1888.6,57.8,1.093,agriculture,284.0,dry,0.1801,low,True
2022-06-21 11:30:00,0.51,0.89,1.39,2.58,0.485,21.71,2086.0,133.5,0.142,agriculture,453.1,normal,0.0607,low,True
2022-06-21 13:15:00,0.15,0.3,0.79,2.2,0.8092,43.15,2567.6,37.5,0.299,forest,389.1,wet,0.2151,low,True
2022-06-21 17:45:00,0.74,1.56,3.78,7.39,0.5737,33.05,2144.1,168.2,0.335,barren,1008.1,normal,0.0929,low,True
2022-06-21 19:00:00,0.6,1.59,3.97,8.84,0.7906,28.48,1495.3,76.8,0.652,agriculture,863.2,wet,0.178,low,True
2022-06-22 00:45:00,10.51,25.3,34.19,47.98,0.8314,35.96,1109.5,67.7,0.475,forest,187.5,normal,0.3666,medium,True
2022-06-22 03:00:00,0.75,1.85,4.03,6.33,0.0883,43.99,2195.3,38.6,0.124,forest,21.4,dry,0.1671,low,True
2022-06-22 03:30:00,0.66,1.46,2.72,4.79,0.5613,56.6,1773.4,275.6,0.018,barren,151.6,normal,0.218,low,True
2022-06-22 06:45:00,4.97,13.94,21.21,47.8,0.4942,40.7,1010.5,230.2,0.758,barren,89.4,dry,0.2663,low,True
2022-06-22 12:15:00,0.16,0.4,1.18,2.39,0.2746,19.91,2112.0,56.5,0.422,forest,59.4,dry,0.1547,low,True
2022-06-22 14:00:00,0.24,0.68,2.02,3.2,0.2051,20.93,2509.9,170.1,0.269,forest,776.1,dry,0.1394,low,True
2022-06-22 14:30:00,0.4,0.85,2.25,3.42,0.7964,52.21,1604.3,237.9,0.201,barren,443.2,wet,0.2065,low,True
2022-06-22 14:30:00,0.51,1.02,1.8,3.16,0.909,36.25,2540.0,316.1,1.039,agriculture,21.6,wet,0.3089,medium,True
2022-06-22 15:30:00,0.39,1.2,2.79,5.71,0.1344,25.92,2059.7,21.4,0.952,forest,892.9,dry,0.0414,low,True
2022-06-22 17:00:00,0.48,1.03,1.85,5.1,0.4963,31.8,904.8,130.4,1.049,agriculture,826.6,normal,0.0912,low,True
2022-06-22 21:15:00,0.14,0.46,1.52,2.68,0.1633,39.78,1853.5,221.7,0.148,agriculture,1054.3,dry,0.1105,low,True
2022-06-22 22:15:00,1.22,2.61,5.19,10.69,0.9004,24.19,537.3,5.6,1.146,barren,629.9,wet,0.2685,low,True
2022-06-22 23:30:00,0.47,0.98,1.56,2.27,0.5119,21.44,1812.4,87.7,2.542,forest,38.8,normal,0.2977,medium,True
2022-06-23 00:15:00,0.17,0.44,0.91,1.7,0.432,31.14,985.2,268.2,0.549,agriculture,351.2,normal,0.1487,low,True
2022-06-23 03:00:00,0.51,1.62,3.86,6.27,0.4897,30.28,1715.4,128.1,0.029,forest,40.4,normal,0.1795,low,True
2022-06-23 03:30:00,0.09,0.19,0.46,0.71,0.4826,19.26,2006.5,30.4,0.727,urban,447.4,normal,0.0814,low,True
2022-06-23 04:15:00,0.37,0.69,1.91,5.32,0.5542,30.85,1247.0,225.6,0.463,barren,86.8,normal,0.2086,low,True
2022-06-23 05:00:00,58.27,79.31,105.41,119.16,0.4771,40.65,2614.3,90.0,0.747,barren,971.1,dry,0.5908,high,True
2022-06-23 07:45:00,5.13,16.09,23.69,48.65,0.5313,17.99,1047.1,252.6,0.125,agriculture,962.2,dry,0.1159,low,True
2022-06-23 12:30:00,73.24,121.56,147.7,178.24,0.8639,19.67,316.8,324.1,0.559,forest,326.0,normal,0.6867,high,True
2022-06-23 13:00:00,0.09,0.25,0.56,1.18,0.8361,37.1,1582.7,190.0,0.465,urban,499.0,wet,0.1743,low,True
2022-06-23 14:45:00,0.31,0.56,1.21,3.03,0.5312,65.0,2419.1,215.7,0.554,forest,693.6,normal,0.1785,low,True
2022-06-23 16:30:00,4.3,9.79,12.95,30.92,0.3933,26.75,1587.4,185.2,0.781,barren,182.5,dry,0.1887,low,True
2022-06-23 20:00:00,0.04,0.12,0.21,0.36,0.7013,35.61,1244.2,294.3,0.471,forest,313.0,wet,0.23,low,True
2022-06-23 20:15:00,2.26,4.15,8.6,16.95,0.3597,28.35,610.8,87.0,0.233,forest,77.8,dry,0.2319,low,True
2022-06-23 20:30:00,0.39,1.84,3.0,4.85,0.289,63.92,1257.1,144.6,0.222,agriculture,1491.7,dry,0.1989,low,True
2022-06-24 01:15:00,29.0,59.77,90.8,115.74,0.99,30.86,914.7,322.2,0.713,barren,937.8,wet,0.6116,high,True
2022-06-24 06:15:00,6.02,11.28,16.47,29.41,0.7441,46.59,1746.2,260.5,0.654,barren,241.2,normal,0.3035,medium,True
2022-06-24 06:45:00,82.48,99.21,117.84,158.01,0.8019,15.9,1797.0,115.2,0.329,agriculture,292.1,normal,0.7446,critical,True
2022-06-24 09:15:00,0.25,0.44,0.97,1.65,0.7635,20.35,1030.6,299.7,0.262,forest,210.9,wet,0.2056,low,True
2022-06-24 10:45:00,0.08,0.41,1.15,2.64,0.5069,38.34,1404.2,86.0,0.581,urban,10.6,normal,0.232,low,True
2022-06-24 11:15:00,3.17,6.79,9.05,17.62,0.2525,52.47,2467.7,228.3,0.225,forest,101.5,dry,0.189,low,True
2022-06-24 13:15:00,5.81,9.38,12.14,17.46,0.5923,27.23,1344.4,344.3,1.982,barren,47.5,normal,0.2911,medium,True
2022-06-24 18:00:00,0.04,0.1,0.27,0.4,0.5587,19.65,1329.2,206.9,0.545,agriculture,146.5,normal,0.1367,low,True
2022-06-24 19:00:00,1.15,2.65,5.91,12.67,0.8796,18.15,1711.9,287.8,0.538,forest,104.3,wet,0.1879,low,True
2022-06-24 20:45:00,77.22,108.04,133.12,148.04,0.99,22.92,754.1,264.8,0.088,forest,511.9,wet,0.7712,critical,True
2022-06-24 21:45:00,8.92,22.1,53.36,76.28,0.7942,21.96,2169.9,311.7,0.564,forest,256.0,normal,0.2605,low,True
2022-06-24 22:45:00,6.51,10.09,21.83,33.29,0.6628,44.95,1352.1,348.8,0.21,forest,604.4,normal,0.1932,low,True
2022-06-25 01:15:00,0.25,0.54,1.25,3.1,0.2085,32.93,905.2,8.0,0.361,forest,363.4,dry,0.0788,low,True
2022-06-25 05:15:00,0.6,1.27,2.1,5.07,0.2107,16.49,1922.4,10.0,0.464,forest,383.7,dry,0.0549,low,True
2022-06-25 09:30:00,0.02,0.05,0.14,0.21,0.5572,31.84,1307.4,214.0,0.39,forest,741.3,normal,0.128,low,True
2022-06-25 10:00:00,0.18,0.82,2.49,4.29,0.5409,17.69,1074.5,343.5,0.995,agriculture,667.5,normal,0.1415,low,True
2022-06-25 12:30:00,26.97,42.45,71.15,120.28,0.7998,20.24,1643.6,174.8,0.063,barren,32.9,normal,0.6256,high,True
2022-06-25 12:45:00,0.2,0.37,0.68,2.17,0.511,27.31,2231.1,302.3,0.11,forest,312.3,normal,0.0685,low,True
2022-06-25 13:15:00,0.67,1.84,3.98,6.09,0.8773,53.01,1353.6,276.4,0.102,forest,196.5,wet,0.2229,low,True
2022-06-25 20:45:00,18.7,39.79,61.41,83.95,0.99,27.5,1020.9,179.4,1.018,forest,330.4,wet,0.3954,medium,True
2022-06-25 21:00:00,9.56,22.48,31.21,43.13,0.7313,41.5,300.0,184.7,0.075,agriculture,704.8,normal,0.2404,low,True
2022-06-25 23:30:00,0.78,1.64,3.82,9.36,0.2048,24.43,730.0,157.0,2.133,barren,14.2,dry,0.2584,low,True
2022-06-26 05:15:00,43.86,86.41,124.87,167.02,0.99,39.58,1310.6,90.8,2.087,agriculture,13.9,wet,0.8233,critical,True
2022-06-26 05:15:00,0.09,0.16,0.37,1.09,0.7474,22.05,815.5,309.1,2.883,barren,32.6,wet,0.2817,medium,True
2022-06-26 06:45:00,0.06,0.3,0.46,0.82,0.1988,47.67,1180.7,75.4,2.338,agriculture,737.5,dry,0.062,low,True
2022-06-26 10:30:00,4.31,6.98,14.1,26.56,0.6443,25.08,2756.8,326.5,0.097,agriculture,162.7,normal,0.2712,low,True
2022-06-26 12:15:00,5.74,12.38,15.9,39.19,0.99,28.38,2338.7,129.5,0.643,forest,172.4,wet,0.3219,medium,True
2022-06-26 15:45:00,0.27,1.13,3.23,5.93,0.531,27.02,1109.1,9.5,0.306,barren,158.3,normal,0.1248,low,True
2022-06-26 16:00:00,0.03,0.06,0.19,0.29,0.4957,49.87,1682.9,60.6,0.79,urban,101.9,normal,0.294,medium,True
2022-06-26 16:00:00,0.59,1.74,3.08,7.8,0.1685,29.78,951.7,319.6,0.312,agriculture,23.9,dry,0.1519,low,True
2022-06-26 22:45:00,0.7,1.37,3.27,5.24,0.5117,22.8,2537.3,46.2,0.29,barren,839.5,normal,0.072,low,True
2022-06-27 00:15:00,0.65,1.96,2.92,5.23,0.5722,31.42,1642.7,266.0,1.406,forest,102.8,normal,0.2465,low,True
2022-06-27 03:00:00,0.3,1.21,3.88,6.21,0.2615,46.88,2230.1,65.8,0.409,urban,795.3,dry,0.0894,low,True
2022-06-27 03:30:00,6.15,15.92,21.79,39.02,0.6891,37.22,1128.0,179.6,0.808,forest,1101.0,normal,0.2027,low,True
2022-06-27 03:30:00,0.68,1.22,3.19,5.94,0.2719,37.91,2560.8,73.9,0.63,forest,310.8,dry,0.1985,low,True
2022-06-27 04:15:00,9.76,28.43,40.63,67.29,0.8616,42.9,1336.0,119.9,0.643,forest,173.0,normal,0.3922,medium,True
2022-06-27 06:00:00,0.13,0.25,0.56,0.99,0.9143,35.86,540.5,44.9,0.258,urban,518.0,wet,0.2079,low,True
2022-06-27 11:00:00,0.64,1.22,2.02,3.08,0.4936,54.83,1495.9,200.2,0.175,barren,19.0,normal,0.2257,low,True
2022-06-27 12:15:00,0.29,1.36,2.08,4.28,0.5122,41.2,1187.9,131.7,1.3,urban,935.1,normal,0.0873,low,True
2022-06-27 16:15:00,3.16,8.56,12.4,20.42,0.5786,37.84,2203.1,131.6,0.015,barren,193.4,normal,0.1337,low,True
2022-06-27 16:15:00,0.26,0.85,1.68,4.59,0.2261,49.12,1227.7,13.9,0.114,agriculture,139.2,dry,0.1893,low,True
2022-06-27 16:30:00,0.01,0.05,0.1,0.28,0.7672,16.89,1922.7,49.0,0.085,urban,57.5,wet,0.2225,low,True
2022-06-27 16:45:00,2.71,4.42,10.15,16.09,0.2832,34.63,1190.7,254.7,1.79,urban,1096.7,dry,0.0984,low,True
2022-06-27 17:00:00,0.05,0.09,0.25,0.62,0.2394,23.57,1092.5,105.2,0.003,agriculture,593.2,dry,0.0796,low,True
2022-06-27 21:00:00,0.03,0.07,0.11,0.35,0.5826,23.69,1600.5,159.1,0.005,forest,460.5,normal,0.1099,low,True
2022-06-27 21:15:00,9.8,22.58,31.91,43.2,0.7416,37.38,1919.1,274.7,0.154,agriculture,945.6,normal,0.242,low,True
2022-06-27 21:45:00,58.18,83.4,102.78,122.1,0.9348,32.54,663.7,160.1,0.196,urban,1135.1,normal,0.7515,critical,True
2022-06-27 23:15:00,0.04,0.07,0.2,0.47,0.1659,65.0,2153.8,81.2,0.492,barren,119.4,dry,0.1236,low,True
2022-06-28 00:15:00,0.4,2.0,3.7,6.92,0.9016,24.42,2162.2,197.9,1.95,barren,550.5,wet,0.1886,low,True
2022-06-28 01:45:00,0.08,0.17,0.42,1.31,0.503,50.43,1417.3,288.4,0.375,urban,519.8,normal,0.1674,low,True
2022-06-28 09:30:00,3.5,10.15,23.46,39.49,0.2944,40.68,1485.8,215.9,0.204,urban,295.2,dry,0.1572,low,True
2022-06-28 09:45:00,38.28,81.72,101.42,131.54,0.7436,23.14,300.0,151.3,1.019,barren,67.1,normal,0.6835,high,True
2022-06-28 11:15:00,9.1,14.78,33.08,53.76,0.4719,33.13,2681.6,45.2,0.292,barren,996.7,dry,0.2344,low,True
2022-06-28 12:00:00,0.71,1.75,3.75,6.25,0.457,24.25,1407.0,89.5,0.092,forest,142.6,normal,0.1631,low,True
2022-06-28 13:00:00,0.95,1.58,3.36,4.85,0.5231,35.39,2250.4,340.6,0.95,agriculture,312.7,normal,0.1956,low,True
2022-06-28 13:30:00,0.09,0.16,0.36,0.51,0.8116,57.56,1237.0,277.9,0.001,agriculture,16.8,wet,0.3345,medium,True
2022-06-28 14:45:00,0.3,0.6,1.19,3.96,0.2227,50.23,1601.7,31.5,0.138,barren,206.2,dry,0.1587,low,True
2022-06-28 15:00:00,84.71,121.68,141.47,183.16,0.5211,60.09,1913.8,2.0,0.605,agriculture,345.8,dry,0.6696,high,True
2022-06-28 15:15:00,5.18,15.12,20.56,34.87,0.4948,18.29,1324.6,63.2,0.065,forest,177.9,dry,0.1874,low,True
2022-06-28 16:00:00,5.45,10.45,18.55,33.98,0.3835,23.18,660.9,339.8,0.177,forest,236.9,dry,0.2373,low,True
2022-06-29 02:00:00,106.81,144.56,162.49,179.38,0.5848,28.17,1524.5,208.8,0.3,agriculture,84.6,dry,0.6989,high,True
2022-06-29 02:15:00,12.74,21.82,53.62,80.85,0.8943,24.27,751.4,301.9,0.303,agriculture,160.9,normal,0.4236,medium,True
2022-06-29 02:45:00,5.84,12.33,22.45,42.79,0.3395,24.69,1082.3,167.5,2.163,forest,459.8,dry,0.1908,low,True
2022-06-29 04:00:00,0.03,0.13,0.29,0.74,0.5451,51.89,1222.0,297.6,0.675,forest,1234.0,normal,0.1147,low,True
2022-06-29 04:00:00,0.6,1.26,3.36,6.88,0.5719,37.28,1647.4,12.2,0.023,agriculture,231.4,normal,0.1152,low,True
2022-06-29 06:30:00,0.06,0.2,0.36,0.67,0.1775,35.72,1214.2,153.7,0.15,forest,415.5,dry,0.0857,low,True
2022-06-29 07:15:00,0.01,0.02,0.03,0.08,0.5242,46.98,868.4,135.9,0.575,forest,1318.1,normal,0.0837,low,True
2022-06-29 08:45:00,0.31,1.3,2.74,3.94,0.2427,15.39,1712.7,353.4,0.75,forest,531.8,dry,0.0,low,True
2022-06-29 09:30:00,7.51,19.45,32.48,50.9,0.7926,21.24,1991.4,108.2,0.287,agriculture,13.6,normal,0.3017,medium,True
2022-06-29 09:45:00,0.16,0.47,1.5,2.19,0.5774,24.26,768.2,150.1,1.165,agriculture,969.6,normal,0.1298,low,True
2022-06-29 11:00:00,1.2,2.03,4.87,16.1,0.31,18.65,1611.4,273.2,1.723,forest,715.0,dry,0.1575,low,True
2022-06-29 11:30:00,1.19,2.17,3.27,6.23,0.4983,27.14,2051.5,317.1,0.571,barren,120.7,normal,0.1474,low,True
2022-06-29 12:00:00,0.19,0.38,1.16,3.23,0.1927,38.33,1660.9,316.2,0.496,forest,80.1,dry,0.1582,low,True
2022-06-29 13:45:00,4.79,14.71,19.02,46.81,0.99,30.61,873.7,142.0,0.834,forest,813.2,wet,0.2871,medium,True
2022-06-29 15:00:00,14.44,31.53,42.11,71.25,0.99,40.31,1743.7,341.5,0.914,forest,418.4,wet,0.3338,medium,True
2022-06-29 15:45:00,5.69,11.63,25.6,51.0,0.4068,23.54,1599.8,235.3,0.146,forest,104.7,dry,0.1839,low,True
2022-06-29 17:45:00,0.42,1.03,1.94,6.41,0.5328,39.35,1691.2,306.4,0.396,forest,448.0,normal,0.1357,low,True
2022-06-29 17:45:00,5.57,11.7,28.49,38.06,0.3157,21.3,1622.7,333.5,0.356,forest,330.9,dry,0.0678,low,True
2022-06-29 18:30:00,33.19,57.04,78.05,135.38,0.5184,20.17,388.9,84.1,1.703,agriculture,139.5,dry,0.4366,medium,True
2022-06-29 21:00:00,31.27,48.13,67.36,98.3,0.5592,55.73,1495.9,179.7,0.071,agriculture,294.8,dry,0.33,medium,True
2022-06-30 01:00:00,0.77,1.68,2.61,4.6,0.8716,33.07,2170.2,211.6,1.724,agriculture,272.2,wet,0.257,low,True
2022-06-30 02:45:00,0.13,0.44,1.02,1.49,0.5045,17.73,2462.3,288.9,0.51,barren,259.5,normal,0.1331,low,True
2022-06-30 03:45:00,3.27,8.81,16.2,34.91,0.9091,20.62,2196.6,144.4,0.204,forest,265.0,wet,0.2388,low,True
2022-06-30 04:45:00,0.02,0.08,0.18,0.32,0.4985,40.91,1615.5,75.8,1.221,urban,10.1,normal,0.2395,low,True
2022-06-30 06:45:00,3.14,9.62,12.27,26.87,0.3062,46.35,2015.1,267.6,0.031,forest,119.5,dry,0.1646,low,True
2022-06-30 07:00:00,0.51,0.89,2.67,3.82,0.8214,22.24,1925.8,213.2,0.23,agriculture,207.3,wet,0.212,low,True
2022-06-30 11:30:00,4.1,10.39,20.13,46.17,0.99,31.86,1460.8,323.4,0.838,forest,57.6,wet,0.3608,medium,True
2022-06-30 12:30:00,0.1,0.18,0.32,0.51,0.7978,22.13,2289.6,235.8,1.055,barren,494.0,wet,0.1524,low,True
2022-06-30 13:15:00,0.33,0.79,2.48,3.88,0.5288,23.91,1212.0,6.1,0.11,agriculture,666.8,normal,0.1271,low,True
2022-06-30 13:30:00,3.04,6.46,15.64,29.86,0.6869,46.33,1535.4,348.0,1.706,forest,605.9,normal,0.1518,low,True
2022-06-30 14:00:00,0.26,0.84,1.8,5.39,0.2744,20.02,2141.3,213.5,0.033,agriculture,225.4,dry,0.121,low,True
2022-06-30 14:15:00,0.11,0.3,0.5,1.13,0.1754,19.5,1049.9,214.5,0.341,forest,420.7,dry,0.1204,low,True
2022-06-30 14:30:00,40.05,67.21,80.5,101.1,0.8739,29.94,798.5,327.3,0.062,barren,38.0,normal,0.6697,high,True
2022-06-30 15:30:00,1.54,5.13,9.33,14.3,0.8663,27.7,1017.8,239.0,0.062,agriculture,87.8,wet,0.2086,low,True
2022-06-30 16:00:00,0.45,1.4,2.43,7.38,0.5145,26.98,1866.5,172.6,1.471,forest,26.8,normal,0.2182,low,True
2022-06-30 17:15:00,0.28,0.61,1.64,5.22,0.7198,21.41,2940.1,38.6,1.406,forest,1187.8,wet,0.1468,low,True
2022-06-30 18:15:00,19.73,32.72,42.5,76.94,0.6192,29.8,2318.7,346.4,0.573,forest,308.9,dry,0.1946,low,True
2022-06-30 22:30:00,18.22,34.16,54.01,65.6,0.968,53.25,2069.7,28.3,2.034,agriculture,77.4,normal,0.4983,medium,True
2022-06-30 22:45:00,0.1,0.24,0.61,1.76,0.7752,29.2,2539.6,61.3,0.405,forest,440.3,wet,0.2165,low,True
2022-06-30 23:45:00,0.03,0.15,0.3,0.51,0.5278,46.46,1773.6,295.0,0.916,agriculture,245.1,normal,0.2231,low,True
2022-07-01 00:45:00,10.69,25.57,33.21,49.46,0.726,43.34,1229.3,176.5,0.061,urban,209.4,normal,0.3165,medium,True
2022-07-01 03:30:00,0.43,1.42,3.31,5.01,0.5643,33.91,1563.2,64.2,0.302,forest,866.5,normal,0.1422,low,True
2022-07-01 03:45:00,9.36,21.27,30.46,44.13,0.7233,33.63,1439.5,103.0,0.434,urban,441.1,normal,0.3643,medium,True
2022-07-01 04:15:00,0.26,0.91,2.66,6.53,0.9054,56.03,1022.1,357.8,0.903,agriculture,420.7,wet,0.2179,low,True
2022-07-01 05:15:00,0.23,0.47,1.11,3.38,0.5316,20.4,1475.0,210.2,0.244,forest,45.8,normal,0.2268,low,True
2022-07-01 06:00:00,2.99,5.4,11.75,20.2,0.1985,52.28,664.1,144.6,2.357,forest,43.8,dry,0.208,low,True
2022-07-01 06:30:00,0.03,0.07,0.19,0.41,0.3854,55.65,1406.4,315.4,0.796,barren,392.2,normal,0.1775,low,True
2022-07-01 06:45:00,3.83,9.65,21.29,35.47,0.3642,45.01,1541.4,172.7,0.457,forest,69.6,dry,0.1783,low,True
2022-07-01 11:00:00,0.12,0.25,0.44,0.97,0.3893,47.84,1496.2,110.9,0.241,forest,221.3,normal,0.1623,low,True
2022-07-01 11:30:00,0.17,0.41,0.87,1.39,0.2142,52.73,2609.7,59.1,0.616,forest,305.2,dry,0.1615,low,True
2022-07-01 15:15:00,0.02,0.06,0.1,0.28,0.8086,51.61,1720.2,268.0,0.671,barren,181.9,wet,0.2631,low,True
2022-07-01 16:30:00,0.37,0.62,2.02,4.11,0.7701,22.95,2658.8,214.6,0.682,agriculture,41.2,wet,0.2513,low,True
2022-07-01 17:15:00,0.53,1.64,2.95,4.26,0.2507,35.13,776.5,33.2,0.529,agriculture,486.0,dry,0.11,low,True
2022-07-01 21:15:00,0.02,0.07,0.16,0.43,0.2156,22.76,2125.8,213.0,0.307,forest,767.1,dry,0.0782,low,True
2022-07-02 02:00:00,0.34,1.26,2.93,7.32,0.5462,27.63,1728.4,57.4,1.018,barren,71.7,normal,0.1856,low,True
2022-07-02 02:45:00,0.54,1.67,3.25,4.79,0.8763,32.1,1541.5,353.4,0.179,urban,683.7,wet,0.121,low,True
2022-07-02 05:00:00,0.08,0.13,0.31,0.55,0.2201,35.8,804.6,93.5,0.589,forest,554.1,dry,0.0471,low,True
2022-07-02 06:00:00,2.62,7.15,16.37,34.05,0.32,56.76,1804.1,250.6,0.383,forest,300.4,dry,0.1538,low,True
2022-07-02 11:45:00,0.12,0.53,0.89,2.93,0.4988,31.36,2964.6,236.2,1.34,urban,327.3,normal,0.2142,low,True
2022-07-02 12:30:00,0.5,1.07,2.78,4.98,0.4895,38.92,1864.4,248.9,0.536,barren,379.0,normal,0.09,low,True
2022-07-02 12:45:00,0.21,0.39,0.79,1.3,0.0878,22.24,1572.3,154.8,1.161,agriculture,270.4,dry,0.0567,low,True
2022-07-02 13:15:00,0.29,1.34,3.93,7.94,0.589,20.41,1689.2,26.8,1.839,urban,661.0,normal,0.2046,low,True
2022-07-02 13:30:00,0.25,0.56,1.58,4.05,0.8813,43.6,1953.8,352.8,0.082,agriculture,234.9,wet,0.2363,low,True
2022-07-02 14:00:00,0.08,0.34,0.84,2.39,0.236,39.43,2537.6,68.9,0.486,forest,287.2,dry,0.0914,low,True
2022-07-02 14:15:00,0.38,0.63,0.9,1.48,0.471,18.47,1378.2,277.1,1.292,barren,23.1,normal,0.2065,low,True
2022-07-02 15:30:00,0.42,0.93,2.59,6.3,0.1944,34.51,1711.0,49.5,1.234,agriculture,79.5,dry,0.1524,low,True
2022-07-02 15:30:00,0.39,0.68,1.61,3.6,0.2387,20.41,1602.9,101.2,0.131,urban,829.4,dry,0.0445,low,True
2022-07-02 17:00:00,105.68,125.01,154.58,182.48,0.524,40.2,1326.6,201.6,0.394,forest,55.4,dry,0.6165,high,True
2022-07-02 21:15:00,0.11,0.23,0.55,0.93,0.5572,63.45,1717.7,148.8,0.151,agriculture,830.4,normal,0.1395,low,True
2022-07-02 22:15:00,0.1,0.18,0.25,0.57,0.9003,25.81,2518.4,345.0,1.363,barren,363.6,wet,0.2392,low,True
2022-07-02 22:15:00,3.24,8.73,12.51,27.35,0.6217,33.6,1208.8,305.2,0.002,forest,894.5,normal,0.1148,low,True
2022-07-02 22:30:00,0.36,0.62,1.02,3.01,0.2959,41.05,1821.1,331.8,0.148,forest,599.3,dry,0.1191,low,True
2022-07-03 00:15:00,0.63,1.42,3.99,8.09,0.2922,46.35,1841.5,230.7,0.316,urban,711.6,dry,0.0922,low,True
2022-07-03 01:15:00,22.38,61.26,102.55,136.38,0.8327,28.88,1594.1,78.8,0.15,forest,270.1,normal,0.4864,medium,True
2022-07-03 01:45:00,0.17,0.53,1.31,3.8,0.1876,19.4,1858.2,186.7,2.18,agriculture,620.6,dry,0.1282,low,True
2022-07-03 02:45:00,3.42,9.75,18.61,38.34,0.7161,19.38,1832.0,275.6,0.168,urban,226.0,normal,0.2904,medium,True
2022-07-03 03:30:00,0.32,0.62,0.89,2.85,0.5097,32.35,1051.4,23.3,0.27,forest,25.8,normal,0.2183,low,True
2022-07-03 04:15:00,5.55,12.07,28.21,45.18,0.99,23.79,1563.9,310.7,0.115,urban,378.8,wet,0.3374,medium,True
2022-07-03 05:15:00,0.13,0.27,0.64,1.42,0.2892,19.22,1590.9,227.3,1.568,barren,466.3,dry,0.0747,low,True
2022-07-03 05:30:00,0.22,0.5,1.24,1.82,0.4747,65.0,970.6,260.5,0.318,agriculture,47.5,normal,0.2082,low,True
2022-07-03 09:15:00,0.25,0.59,0.94,2.69,0.1733,15.66,1635.4,249.9,0.182,forest,602.3,dry,0.076,low,True
2022-07-03 10:45:00,78.09,126.31,138.8,173.37,0.8621,34.68,1583.5,305.2,0.17,urban,37.4,normal,0.865,critical,True
2022-07-03 12:15:00,8.01,12.63,18.77,46.89,0.7227,45.72,2814.0,31.5,0.529,forest,213.9,normal,0.2923,medium,True
2022-07-03 15:30:00,9.12,16.86,22.44,31.76,0.9662,52.29,1105.2,135.7,2.28,forest,244.2,wet,0.3542,medium,True
2022-07-03 17:00:00,2.75,9.1,13.95,28.78,0.6455,59.2,2200.2,180.9,2.194,forest,23.1,normal,0.2925,medium,True
2022-07-03 17:45:00,5.33,14.7,23.38,51.11,0.7072,25.26,1884.0,196.8,2.4,forest,33.8,normal,0.3,medium,True
2022-07-03 17:45:00,0.68,1.22,1.86,4.07,0.1866,49.87,2219.8,339.3,0.293,agriculture,219.7,dry,0.1374,low,True
2022-07-03 19:45:00,0.23,0.46,1.05,3.47,0.2074,23.14,1119.3,15.3,1.475,urban,140.5,dry,0.1412,low,True
2022-07-03 21:00:00,13.05,40.9,72.16,135.35,0.8304,19.96,470.4,311.9,0.353,urban,602.3,normal,0.4659,medium,True
2022-07-03 21:30:00,6.45,19.19,31.94,44.2,0.99,30.12,1535.6,198.7,0.429,forest,197.0,wet,0.3045,medium,True
2022-07-03 22:30:00,0.73,1.62,2.58,8.07,0.5483,24.7,2062.4,199.7,0.44,forest,49.0,normal,0.2126,low,True
2022-07-03 23:15:00,0.12,0.52,1.4,4.31,0.5154,45.7,1407.1,115.3,0.039,agriculture,70.1,normal,0.1893,low,True
2022-07-04 03:45:00,0.08,0.31,0.56,1.36,0.1564,23.52,1511.5,231.7,0.117,forest,401.7,dry,0.075,low,True
2022-07-04 04:15:00,10.62,20.09,30.05,42.92,0.7067,30.42,2785.3,232.7,1.303,barren,1059.0,normal,0.2688,low,True
2022-07-04 05:15:00,3.05,5.73,9.23,16.65,0.6472,40.43,1163.5,68.1,1.36,barren,723.0,normal,0.2043,low,True
2022-07-04 05:30:00,0.33,1.22,2.08,4.53,0.3365,26.56,2155.3,243.7,0.135,barren,58.5,dry,0.1702,low,True
2022-07-04 06:45:00,1.33,4.75,7.21,11.95,0.6294,44.96,1011.5,96.0,0.216,forest,15.8,normal,0.2286,low,True
2022-07-04 07:00:00,10.77,33.85,83.57,118.26,0.99,35.2,2290.1,248.0,1.063,agriculture,19.4,wet,0.6101,high,True
2022-07-04 08:15:00,6.05,11.43,19.83,41.76,0.6529,21.63,1558.1,220.3,0.137,forest,293.3,normal,0.2225,low,True
2022-07-04 08:30:00,36.22,74.92,96.97,111.71,0.7784,42.0,1893.0,257.7,1.276,forest,242.9,normal,0.5052,medium,True
2022-07-04 11:30:00,0.13,0.54,1.22,2.22,0.8746,26.1,1214.5,7.1,1.04,agriculture,14.7,wet,0.2561,low,True
2022-07-04 11:30:00,4.91,11.76,17.47,35.01,0.7351,36.64,1656.5,45.1,0.989,urban,30.6,normal,0.3366,medium,True
2022-07-04 13:30:00,0.14,0.23,0.58,1.3,0.8223,29.08,1701.3,302.5,1.334,urban,2500.0,wet,0.2236,low,True
2022-07-04 15:30:00,0.33,0.82,1.57,4.17,0.6307,37.28,751.8,137.1,1.308,urban,1182.8,normal,0.123,low,True
2022-07-04 15:30:00,0.26,0.48,1.14,1.76,0.1914,39.53,1304.0,301.2,1.495,urban,57.4,dry,0.2984,medium,True
2022-07-04 15:45:00,0.28,0.61,1.28,4.23,0.2292,40.75,1760.3,22.6,1.27,forest,72.7,dry,0.2042,low,True
2022-07-04 17:45:00,0.13,0.29,0.71,1.55,0.2213,31.44,1147.7,277.0,0.56,agriculture,816.5,dry,0.0867,low,True
2022-07-04 23:45:00,0.52,1.78,4.87,7.11,0.4686,51.78,1705.2,30.2,0.103,forest,257.8,normal,0.1997,low,True
2022-07-05 02:30:00,14.27,26.57,37.04,68.95,0.99,36.79,1488.9,168.6,0.564,forest,1119.3,wet,0.3301,medium,True
2022-07-05 02:45:00,2.12,5.93,12.79,24.07,0.3111,36.53,1956.6,337.5,1.711,agriculture,267.1,dry,0.1992,low,True
2022-07-05 04:15:00,0.32,0.94,1.91,4.47,0.1344,32.53,1498.9,28.0,2.059,barren,311.3,dry,0.1532,low,True
2022-07-05 04:30:00,22.49,57.11,82.51,114.79,0.8147,38.31,3028.5,126.2,0.782,agriculture,97.0,normal,0.555,high,True
2022-07-05 05:45:00,11.76,30.08,39.46,71.96,0.9123,29.29,418.4,186.6,0.71,forest,740.8,normal,0.2883,medium,True
2022-07-05 07:00:00,6.76,10.6,13.54,26.91,0.6205,43.79,1124.2,323.8,1.673,forest,620.0,normal,0.2736,low,True
2022-07-05 07:15:00,10.45,19.35,46.67,66.66,0.8993,32.79,2006.9,119.7,0.207,forest,154.1,normal,0.3529,medium,True
2022-07-05 07:30:00,8.58,18.85,38.68,54.69,0.812,44.46,1711.4,290.5,0.098,forest,341.7,normal,0.2319,low,True
2022-07-05 10:15:00,0.02,0.03,0.09,0.2,0.5263,25.5,1861.8,258.5,0.205,forest,156.2,normal,0.1479,low,True
2022-07-05 10:30:00,0.01,0.02,0.05,0.13,0.8871,57.88,300.0,110.5,1.785,agriculture,228.2,wet,0.3115,medium,True
2022-07-05 11:15:00,11.83,25.7,34.66,46.52,0.4216,32.95,1490.8,122.7,0.143,barren,682.4,dry,0.1817,low,True
2022-07-05 11:30:00,0.32,0.95,2.05,4.36,0.8125,30.09,1603.7,68.8,0.153,forest,197.9,wet,0.224,low,True
2022-07-05 13:45:00,0.04,0.09,0.23,0.37,0.182,56.61,1965.0,249.5,0.129,agriculture,652.6,dry,0.0876,low,True
2022-07-05 14:00:00,3.86,11.11,16.23,27.29,0.3227,23.1,1813.3,202.7,0.398,forest,1137.7,dry,0.0758,low,True
2022-07-05 15:30:00,0.29,0.71,2.08,5.06,0.725,38.61,1607.8,55.8,0.955,urban,198.5,wet,0.2456,low,True
2022-07-05 15:45:00,3.02,6.47,13.38,27.25,0.6144,29.15,1538.8,223.2,0.289,forest,745.0,normal,0.1485,low,True
2022-07-05 17:30:00,0.08,0.18,0.36,0.58,0.9105,28.01,844.3,179.5,0.063,barren,136.8,wet,0.202,low,True
2022-07-05 19:00:00,0.45,1.03,2.23,3.9,0.4954,50.13,1807.0,33.3,0.809,urban,11.0,normal,0.2285,low,True
2022-07-05 23:00:00,0.34,1.12,2.09,4.08,0.8546,23.22,1526.2,343.3,0.565,barren,40.9,wet,0.3034,medium,True
2022-07-06 00:30:00,8.96,15.67,20.98,48.04,0.4233,31.67,1340.9,300.5,0.391,forest,477.6,dry,0.1487,low,True
2022-07-06 01:45:00,0.02,0.06,0.12,0.23,0.1535,39.99,1592.1,25.6,1.996,agriculture,46.9,dry,0.1932,low,True
2022-07-06 02:15:00,5.91,9.74,16.78,27.82,0.6656,51.68,1384.1,335.3,0.381,forest,989.8,normal,0.2303,low,True
2022-07-06 03:00:00,0.27,0.47,0.77,1.3,0.7336,39.49,731.7,330.0,0.791,forest,715.0,wet,0.1846,low,True
2022-07-06 03:00:00,2.44,6.95,11.72,16.98,0.6654,29.06,1994.1,15.2,0.104,forest,263.2,normal,0.185,low,True
2022-07-06 03:15:00,24.12,42.19,89.56,110.25,0.8739,65.0,2723.1,72.5,0.323,urban,314.9,normal,0.5866,high,True
2022-07-06 09:30:00,0.14,0.33,0.75,1.95,0.1867,55.86,1766.3,252.9,0.143,urban,424.9,dry,0.1263,low,True
2022-07-06 12:00:00,4.45,7.03,17.43,32.44,0.3806,41.52,1777.2,336.4,0.257,forest,470.2,dry,0.1054,low,True
2022-07-06 18:00:00,9.45,29.51,39.6,54.84,0.7435,52.96,2499.7,296.3,0.392,agriculture,246.5,normal,0.3251,medium,True
2022-07-06 20:15:00,4.45,12.39,17.02,24.01,0.6087,35.6,2741.9,101.5,0.115,urban,141.6,normal,0.1839,low,True
2022-07-06 23:00:00,4.82,15.62,28.61,54.48,0.8235,45.06,1494.6,12.0,0.975,agriculture,853.7,normal,0.215,low,True
2022-07-07 01:45:00,5.07,15.57,20.01,48.08,0.7709,35.19,1166.7,170.2,0.283,forest,26.7,normal,0.3026,medium,True
2022-07-07 06:00:00,1.46,2.49,7.04,10.49,0.9205,43.55,1861.9,33.1,1.361,agriculture,164.1,wet,0.3306,medium,True
2022-07-07 07:30:00,0.14,0.33,0.95,1.67,0.2459,20.64,1694.5,88.3,0.674,barren,394.3,dry,0.0153,low,True
2022-07-07 09:45:00,100.28,132.64,144.48,194.73,0.8694,36.15,2179.7,230.4,0.117,agriculture,786.0,normal,0.7899,critical,True
2022-07-07 10:15:00,0.57,2.66,4.42,6.55,0.4647,40.87,1602.2,178.2,0.616,barren,37.0,normal,0.2344,low,True
2022-07-07 12:00:00,87.76,112.29,128.26,176.3,0.8133,32.67,1646.0,135.6,0.014,forest,386.5,normal,0.747,critical,True
2022-07-07 12:00:00,58.16,78.19,93.32,137.18,0.8341,35.55,1023.8,334.8,0.988,forest,243.7,normal,0.6619,high,True
2022-07-07 12:30:00,0.13,0.21,0.31,0.94,0.67,25.47,2212.8,69.5,2.195,forest,416.0,wet,0.1632,low,True
2022-07-07 13:15:00,0.07,0.15,0.36,1.14,0.4896,56.53,1218.8,175.5,0.679,forest,143.5,normal,0.1672,low,True
2022-07-07 14:45:00,0.26,0.65,0.94,2.12,0.2143,26.24,884.0,206.5,1.566,agriculture,444.1,dry,0.0715,low,True
2022-07-07 15:00:00,0.45,0.93,2.56,4.81,0.2526,46.67,300.0,115.9,0.21,forest,79.6,dry,0.1059,low,True
2022-07-07 18:45:00,0.52,1.29,1.86,5.17,0.7466,22.88,1539.3,253.9,0.331,barren,532.7,wet,0.1183,low,True
2022-07-07 20:00:00,1.15,2.78,4.59,7.28,0.4944,32.01,1173.8,312.2,0.332,forest,494.3,normal,0.195,low,True
2022-07-07 21:45:00,0.29,1.3,2.61,4.09,0.2075,37.36,1459.8,194.9,0.071,barren,1036.7,dry,0.154,low,True
2022-07-07 23:15:00,16.73,45.07,94.93,112.52,0.6458,25.18,1306.8,281.3,0.955,urban,76.6,dry,0.5012,medium,True
2022-07-08 02:45:00,0.06,0.13,0.32,0.95,0.5696,33.65,1380.8,21.9,0.41,barren,458.0,normal,0.1352,low,True
2022-07-08 03:45:00,1.86,4.43,8.58,18.85,0.5659,63.14,1105.9,55.4,0.405,urban,146.3,normal,0.2936,medium,True
2022-07-08 07:15:00,4.89,8.02,10.71,24.07,0.3592,42.26,1151.3,166.3,0.662,agriculture,125.9,dry,0.1805,low,True
2022-07-08 07:30:00,7.23,12.53,21.77,30.25,0.5974,30.01,1030.5,331.6,0.113,forest,189.7,normal,0.2887,medium,True
2022-07-08 14:30:00,0.16,0.51,1.69,2.63,0.4408,37.44,1482.0,191.4,0.997,urban,127.5,normal,0.2365,low,True
2022-07-08 18:15:00,5.91,12.29,20.98,51.88,0.99,31.01,912.9,155.6,0.273,barren,109.8,wet,0.4201,medium,True
2022-07-08 18:45:00,13.69,38.68,62.18,114.25,0.5482,47.78,2354.7,216.0,0.05,barren,521.9,dry,0.3694,medium,True
2022-07-08 19:30:00,8.15,14.13,18.65,29.54,0.6508,35.36,1594.6,44.8,0.127,agriculture,430.8,normal,0.2473,low,True
2022-07-08 21:15:00,2.85,7.56,15.91,26.22,0.7079,28.03,678.7,235.3,0.175,agriculture,50.5,normal,0.2511,low,True
2022-07-09 02:30:00,4.29,13.23,22.24,31.27,0.2846,58.44,1731.9,33.8,0.118,forest,297.5,dry,0.104,low,True
2022-07-09 09:15:00,0.05,0.12,0.4,0.58,0.5649,18.99,1061.1,207.6,0.166,barren,150.7,normal,0.1586,low,True
2022-07-09 09:45:00,0.35,1.28,1.93,3.73,0.3063,28.49,2227.0,257.2,3.291,forest,1249.6,dry,0.1688,low,True
2022-07-09 11:45:00,1.42,2.43,5.5,8.17,0.617,34.07,1232.1,148.1,0.463,forest,203.7,normal,0.1845,low,True
2022-07-09 12:00:00,0.37,1.39,1.99,3.51,0.6014,60.34,2436.0,327.9,0.554,agriculture,24.5,normal,0.2856,medium,True
2022-07-09 12:30:00,0.33,0.65,1.22,3.16,0.1916,41.52,2199.8,54.7,0.109,agriculture,151.1,dry,0.1332,low,True
2022-07-09 13:30:00,4.77,8.83,13.1,28.45,0.3901,19.46,3600.0,61.5,0.027,forest,141.2,dry,0.2051,low,True
2022-07-09 15:15:00,0.62,1.32,2.23,3.6,0.8891,30.89,1658.5,186.1,0.223,barren,12.0,wet,0.3011,medium,True
2022-07-09 21:15:00,5.89,11.68,26.94,43.97,0.4345,27.7,2013.7,335.4,0.881,barren,244.2,dry,0.2354,low,True
2022-07-10 00:30:00,1.93,4.96,8.91,16.5,0.5744,44.89,1607.6,140.7,0.491,agriculture,836.8,normal,0.1476,low,True
2022-07-10 04:30:00,0.11,0.18,0.5,0.75,0.4351,36.21,1651.0,333.5,0.007,agriculture,577.4,normal,0.1415,low,True
2022-07-10 07:15:00,0.28,0.55,0.84,2.68,0.9258,31.82,2339.8,249.7,0.933,urban,413.9,wet,0.2014,low,True
2022-07-10 12:30:00,0.02,0.08,0.23,0.59,0.4488,38.14,2063.5,281.7,0.066,forest,157.3,normal,0.1901,low,True
2022-07-10 13:15:00,1.45,2.55,4.91,7.66,0.6073,49.78,1544.7,337.6,0.348,barren,102.4,normal,0.2606,low,True
2022-07-10 13:30:00,0.06,0.12,0.33,0.79,0.1673,16.55,2392.5,206.0,4.53,forest,156.8,dry,0.2002,low,True
2022-07-10 13:45:00,2.37,6.84,13.35,22.59,0.3658,27.99,2200.8,231.0,0.078,forest,56.0,dry,0.1782,low,True
2022-07-10 14:15:00,0.39,0.77,2.05,3.66,0.1774,27.72,2533.9,208.4,1.013,agriculture,46.7,dry,0.167,low,True
2022-07-10 14:15:00,0.17,0.54,1.25,2.24,0.5168,35.97,2332.2,282.5,0.963,barren,309.1,normal,0.1135,low,True
2022-07-10 15:45:00,29.77,56.19,87.58,131.43,0.8787,33.96,1387.9,98.4,0.353,forest,598.7,normal,0.4871,medium,True
2022-07-10 16:15:00,87.45,120.93,140.32,194.79,0.8782,22.12,1323.7,283.7,2.667,forest,46.6,normal,0.8154,critical,True
2022-07-10 18:15:00,1.63,3.36,6.01,9.51,0.4735,27.38,1344.7,256.9,0.221,agriculture,152.9,normal,0.0801,low,True
2022-07-10 18:30:00,26.76,41.62,72.14,108.66,0.806,22.68,2068.5,216.7,0.228,agriculture,55.8,normal,0.5314,high,True
2022-07-10 18:45:00,4.22,11.53,18.15,41.85,0.3831,28.13,2405.7,14.0,0.099,agriculture,140.1,dry,0.1524,low,True
2022-07-10 20:45:00,0.24,0.64,0.99,3.26,0.2471,44.88,2235.0,278.8,0.277,forest,630.7,dry,0.1306,low,True
2022-07-10 21:45:00,3.75,7.81,14.89,23.08,0.9707,34.57,743.2,47.7,0.211,agriculture,22.4,wet,0.3718,medium,True
2022-07-10 22:30:00,0.4,1.47,2.65,4.14,0.4797,39.74,1171.3,346.3,0.557,forest,374.7,normal,0.0767,low,True
2022-07-11 01:30:00,0.1,0.46,1.21,2.96,0.4996,49.28,2010.0,29.3,0.025,forest,31.6,normal,0.258,low,True
2022-07-11 01:30:00,0.29,0.63,1.26,3.33,0.4084,21.48,2337.4,259.3,0.223,agriculture,204.6,normal,0.0979,low,True
2022-07-11 02:45:00,0.67,1.75,4.81,11.95,0.5385,37.49,1784.9,129.8,0.003,agriculture,234.9,normal,0.1783,low,True
2022-07-11 05:45:00,0.56,1.02,2.49,7.82,0.2907,44.09,2516.8,264.8,0.004,forest,189.7,dry,0.2144,low,True
2022-07-11 08:30:00,2.85,4.41,8.86,15.16,0.8959,31.14,465.6,186.8,1.03,forest,365.0,wet,0.2255,low,True
2022-07-11 09:15:00,21.27,51.34,67.38,133.83,0.8008,21.58,1474.4,226.6,0.831,agriculture,1282.9,normal,0.5014,medium,True
2022-07-11 11:00:00,4.0,8.89,17.28,32.97,0.3786,22.74,2450.3,27.2,0.818,forest,118.9,dry,0.1904,low,True
2022-07-11 11:00:00,1.17,3.35,4.95,10.42,0.7971,47.4,1803.5,347.9,0.262,forest,339.4,wet,0.2015,low,True
2022-07-11 12:00:00,0.7,1.23,3.37,6.63,0.4943,37.69,1117.0,1.4,0.721,forest,163.5,normal,0.181,low,True
2022-07-11 14:00:00,33.08,63.85,95.35,113.5,0.99,19.88,2073.9,338.8,0.178,forest,2500.0,wet,0.4859,medium,True
2022-07-11 14:45:00,2.91,5.62,9.83,17.71,0.2893,53.86,1682.4,204.6,0.222,forest,1065.6,dry,0.1002,low,True
2022-07-11 16:45:00,0.41,1.05,1.55,2.42,0.2085,41.79,1322.8,93.0,0.496,barren,44.3,dry,0.2248,low,True
2022-07-11 18:15:00,7.89,13.1,25.96,36.89,0.4119,12.44,657.0,229.6,0.722,barren,1282.0,dry,0.1409,low,True
2022-07-11 19:30:00,0.16,0.7,1.66,2.44,0.2406,43.21,2017.7,242.2,0.185,agriculture,479.2,dry,0.1165,low,True
2022-07-11 21:15:00,88.75,112.96,142.21,155.01,0.99,28.59,948.0,262.9,0.682,agriculture,1715.3,wet,0.8625,critical,True
2022-07-12 00:15:00,0.07,0.12,0.36,1.08,0.5495,20.66,2885.3,5.9,1.97,barren,525.8,normal,0.1927,low,True
2022-07-12 00:15:00,0.32,0.77,1.72,3.49,0.4093,29.78,530.5,353.8,0.409,urban,58.3,normal,0.1905,low,True
2022-07-12 01:15:00,0.69,1.46,3.3,7.26,0.8501,45.4,1632.9,222.4,0.314,agriculture,495.9,wet,0.1575,low,True
2022-07-12 09:30:00,0.12,0.44,1.06,2.86,0.2651,30.19,2050.9,135.9,0.159,forest,463.9,dry,0.07,low,True
2022-07-12 09:45:00,6.44,14.52,25.21,46.92,0.99,38.04,989.8,205.4,0.264,agriculture,73.8,wet,0.3359,medium,True
2022-07-12 10:30:00,1.04,2.1,3.86,6.12,0.7685,50.25,1174.3,64.2,0.452,forest,499.7,wet,0.1897,low,True
2022-07-12 12:15:00,2.3,6.1,11.33,19.1,0.6084,45.14,2110.1,89.0,1.731,agriculture,403.1,normal,0.257,low,True
2022-07-12 15:30:00,12.8,23.92,37.91,50.55,0.4764,21.39,1029.6,30.9,0.181,agriculture,1827.5,dry,0.1082,low,True
2022-07-12 18:30:00,4.27,9.65,20.81,42.8,0.7027,40.72,2752.4,316.5,0.158,barren,347.5,normal,0.2699,low,True
2022-07-12 19:00:00,72.27,113.99,142.67,180.28,0.8979,44.89,1633.4,90.6,1.94,agriculture,197.4,normal,0.8494,critical,True
2022-07-12 21:00:00,0.04,0.16,0.45,1.01,0.7646,24.59,1348.3,266.3,0.559,forest,1087.0,wet,0.1396,low,True
2022-07-12 23:15:00,0.03,0.14,0.2,0.37,0.1947,43.6,2573.3,98.7,0.797,forest,356.0,dry,0.1467,low,True
2022-07-12 23:45:00,13.26,22.68,29.15,41.61,0.7659,30.56,964.9,52.6,1.062,forest,160.0,normal,0.2349,low,True
2022-07-13 00:30:00,1.92,6.27,9.7,18.45,0.5677,51.44,2637.9,38.9,0.051,forest,17.4,normal,0.2769,low,True
2022-07-13 01:00:00,0.0,0.01,0.02,0.03,0.1797,32.34,1010.6,309.7,0.398,forest,504.6,dry,0.0811,low,True
2022-07-13 06:45:00,0.09,0.18,0.31,0.46,0.4541,47.55,2355.7,43.1,0.091,forest,54.6,normal,0.2002,low,True
2022-07-13 08:00:00,0.05,0.16,0.37,0.54,0.1738,15.29,2718.6,31.4,0.587,forest,910.4,dry,0.0342,low,True
2022-07-13 10:00:00,6.83,10.68,21.09,33.53,0.6486,40.67,1537.6,3.4,1.844,urban,1149.0,normal,0.2646,low,True
2022-07-13 14:00:00,0.17,0.42,0.72,2.21,0.8078,36.32,1535.7,131.9,0.035,forest,104.4,wet,0.2736,low,True
2022-07-13 14:30:00,11.23,21.04,41.94,65.85,0.5522,33.74,1429.0,339.4,0.192,forest,51.9,dry,0.2603,low,True
2022-07-13 14:30:00,1.81,5.2,11.5,19.63,0.9646,15.19,1130.9,327.1,4.831,forest,326.6,wet,0.277,low,True
2022-07-13 14:45:00,0.35,1.27,2.57,4.79,0.2291,23.91,1650.9,41.4,0.003,agriculture,94.2,dry,0.1893,low,True
2022-07-13 17:15:00,1.02,2.74,5.15,9.9,0.5856,19.23,2144.0,4.5,0.09,forest,283.2,normal,0.1426,low,True
2022-07-13 18:15:00,4.19,10.78,25.6,47.06,0.99,37.47,1952.8,270.4,0.051,agriculture,197.2,wet,0.2974,medium,True
2022-07-13 19:15:00,6.01,14.65,26.5,37.41,0.6883,51.38,1905.2,110.3,0.867,forest,559.6,normal,0.2385,low,True
2022-07-13 20:30:00,0.05,0.11,0.35,0.79,0.7803,58.31,1159.9,300.5,0.834,agriculture,2500.0,wet,0.2533,low,True
2022-07-13 21:15:00,6.94,21.39,38.2,59.95,0.7844,25.94,953.4,77.6,0.902,barren,223.6,normal,0.3456,medium,True
2022-07-13 22:00:00,0.21,0.87,1.65,2.41,0.5117,36.92,2660.7,177.2,0.895,forest,414.3,normal,0.1379,low,True
2022-07-13 23:15:00,14.3,24.48,33.66,49.29,0.99,42.47,799.0,11.9,1.082,forest,156.4,wet,0.3803,medium,True
2022-07-13 23:15:00,0.21,0.57,1.32,3.61,0.2026,25.53,1508.9,322.1,0.889,agriculture,704.4,dry,0.0556,low,True
2022-07-14 09:15:00,0.35,0.77,1.41,2.3,0.1429,21.85,2051.4,64.1,0.396,barren,23.2,dry,0.1414,low,True
2022-07-14 11:00:00,5.32,9.72,13.09,23.28,0.6339,16.26,2512.7,106.1,0.821,agriculture,248.1,normal,0.1718,low,True
2022-07-14 12:15:00,6.77,11.21,22.13,33.13,0.9513,29.54,1612.9,172.7,0.546,agriculture,78.1,wet,0.3838,medium,True
2022-07-14 12:30:00,0.13,0.59,0.98,1.67,0.7959,35.55,1764.6,97.7,0.274,barren,78.1,wet,0.2666,low,True
2022-07-14 12:45:00,0.25,0.51,0.8,1.15,0.2114,27.08,1316.5,14.5,1.087,agriculture,276.5,dry,0.0573,low,True
2022-07-14 16:30:00,25.92,63.9,84.16,113.41,0.99,36.45,2638.5,10.5,0.931,forest,138.8,wet,0.6053,high,True
2022-07-14 19:15:00,0.4,0.75,1.82,5.02,0.4787,21.18,2423.4,343.9,0.114,forest,225.0,normal,0.0956,low,True
2022-07-14 21:30:00,3.59,7.71,14.84,33.99,0.959,65.0,999.7,117.2,0.015,barren,137.7,wet,0.3719,medium,True
2022-07-14 22:45:00,5.35,14.18,33.66,54.39,0.6316,37.07,1993.8,120.4,0.228,barren,222.5,normal,0.3004,medium,True
2022-07-15 02:00:00,0.37,0.62,1.24,4.03,0.544,42.7,1530.4,332.2,0.31,urban,127.9,normal,0.2314,low,True
2022-07-15 02:00:00,8.24,20.37,30.25,45.77,0.99,42.4,1787.4,301.0,0.115,urban,579.6,wet,0.4019,medium,True
2022-07-15 02:15:00,10.0,15.52,19.61,40.84,0.7489,40.87,1119.2,247.3,1.159,barren,295.6,normal,0.3277,medium,True
2022-07-15 10:45:00,0.47,1.71,3.2,5.6,0.7768,52.88,427.4,237.1,0.02,agriculture,71.6,wet,0.2993,medium,True
2022-07-15 15:15:00,0.99,1.99,3.64,5.24,0.2022,37.12,934.8,288.4,0.397,barren,13.0,dry,0.2088,low,True
2022-07-15 20:45:00,19.29,47.98,82.26,107.17,0.8575,31.49,1266.6,60.8,0.034,forest,16.2,normal,0.4422,medium,True
2022-07-15 22:30:00,0.04,0.11,0.25,0.37,0.6696,41.3,1300.7,239.1,0.462,agriculture,201.7,wet,0.181,low,True
2022-07-15 23:30:00,8.32,13.93,17.55,35.18,0.95,47.26,300.0,35.4,0.374,forest,142.0,wet,0.3151,medium,True
2022-07-16 00:45:00,43.22,71.08,86.91,120.84,0.5481,41.37,1786.8,45.5,0.909,forest,116.4,dry,0.4189,medium,True
2022-07-16 02:15:00,0.15,0.27,0.76,1.5,0.1776,33.13,754.4,87.4,0.702,barren,351.4,dry,0.0987,low,True
2022-07-16 02:30:00,1.02,1.87,3.07,9.83,0.9053,44.32,1576.5,255.5,1.115,agriculture,597.2,wet,0.2674,low,True
2022-07-16 03:00:00,14.58,30.39,43.16,66.21,0.99,18.57,889.7,321.3,0.472,forest,32.9,wet,0.4472,medium,True
2022-07-16 03:15:00,12.56,25.18,36.14,54.36,0.7373,14.89,526.4,248.7,1.037,forest,50.8,normal,0.2785,low,True
2022-07-16 03:15:00,0.98,1.83,2.83,7.21,0.6231,36.34,1570.1,150.0,0.762,barren,171.0,normal,0.2187,low,True
2022-07-16 08:45:00,6.01,13.74,17.26,42.84,0.99,15.83,1479.7,184.9,0.907,agriculture,213.9,wet,0.3524,medium,True
2022-07-16 09:15:00,1.71,4.82,7.07,17.82,0.3814,36.65,1656.7,256.4,0.551,agriculture,186.0,dry,0.1584,low,True
2022-07-16 10:00:00,0.54,0.94,1.73,2.96,0.7778,29.85,2557.7,220.8,0.763,forest,366.3,wet,0.2082,low,True
2022-07-16 15:00:00,0.28,0.49,0.93,2.33,0.5009,28.54,2025.8,190.6,0.308,forest,41.9,normal,0.1725,low,True
2022-07-16 19:30:00,0.08,0.14,0.22,0.49,0.4189,33.44,2782.6,85.2,0.053,forest,248.9,normal,0.1335,low,True
2022-07-17 00:30:00,0.53,1.35,2.06,5.78,0.4928,28.23,1415.8,222.1,0.323,agriculture,594.5,normal,0.1102,low,True
2022-07-17 02:45:00,3.39,5.94,7.67,17.98,0.617,26.01,1167.0,6.7,0.114,barren,933.1,normal,0.1151,low,True
2022-07-17 07:00:00,46.64,92.81,128.42,165.31,0.8301,50.24,1875.2,201.6,0.596,forest,297.6,normal,0.6757,high,True
2022-07-17 12:45:00,0.24,0.44,1.14,2.2,0.8726,39.64,2715.0,295.5,0.183,forest,62.1,wet,0.3033,medium,True
2022-07-17 16:15:00,2.32,3.73,6.48,15.93,0.5823,33.08,928.6,64.7,1.904,forest,465.0,normal,0.192,low,True
2022-07-17 17:30:00,10.19,20.97,26.64,53.34,0.99,27.15,2440.1,41.1,0.19,agriculture,566.9,wet,0.2999,medium,True
2022-07-17 20:15:00,4.03,9.53,13.56,24.16,0.2767,48.75,1885.1,349.3,0.062,forest,86.5,dry,0.2424,low,True
2022-07-17 22:15:00,0.35,0.77,2.28,7.27,0.8743,43.89,1335.3,303.6,1.275,agriculture,406.1,wet,0.2348,low,True
2022-07-17 22:30:00,5.72,11.23,15.8,36.99,0.3381,37.54,2502.0,108.7,0.321,agriculture,943.3,dry,0.1193,low,True
2022-07-18 00:00:00,2.41,4.48,6.51,15.12,0.2981,21.55,880.2,75.1,0.264,barren,454.1,dry,0.1588,low,True
2022-07-18 01:00:00,0.34,0.66,1.19,2.81,0.2162,26.0,2000.5,120.3,1.3,agriculture,198.0,dry,0.1531,low,True
2022-07-18 01:45:00,0.27,0.75,1.99,4.19,0.5421,23.42,1488.7,155.2,0.636,forest,214.7,normal,0.151,low,True
2022-07-18 02:15:00,0.96,1.78,3.0,4.29,0.894,32.6,2270.5,295.6,0.456,agriculture,39.0,wet,0.2698,low,True
2022-07-18 07:30:00,0.04,0.08,0.14,0.45,0.5671,38.34,1801.0,86.1,0.238,agriculture,271.4,normal,0.1419,low,True
2022-07-18 08:15:00,0.54,0.95,1.39,2.6,0.2129,34.11,2258.2,259.5,0.208,forest,578.0,dry,0.0949,low,True
2022-07-18 08:45:00,0.02,0.04,0.14,0.2,0.2217,20.56,1628.9,334.5,0.52,agriculture,1353.8,dry,0.1265,low,True
2022-07-18 15:30:00,0.16,0.52,1.64,4.4,0.5853,21.15,1339.1,136.6,0.418,urban,188.4,normal,0.1675,low,True
2022-07-18 16:30:00,0.12,0.6,1.85,3.06,0.1668,27.95,1551.5,9.4,0.194,forest,210.1,dry,0.0764,low,True
2022-07-18 19:15:00,4.8,11.43,24.85,53.17,0.7966,30.23,1709.8,297.9,0.122,agriculture,29.7,normal,0.2943,medium,True
2022-07-18 20:00:00,7.39,23.85,33.1,45.47,0.7771,40.6,1811.4,255.0,1.022,barren,532.3,normal,0.2649,low,True
2022-07-18 22:00:00,0.39,0.65,1.19,1.76,0.8517,25.19,2009.4,53.7,0.698,agriculture,451.4,wet,0.2179,low,True
2022-07-18 22:30:00,2.2,3.86,5.89,10.17,0.6051,21.48,1609.9,214.9,3.003,barren,190.5,normal,0.2429,low,True
2022-07-18 22:45:00,0.98,3.23,5.7,8.22,0.2634,44.12,2007.8,296.9,0.435,forest,442.4,dry,0.1181,low,True
2022-07-19 02:30:00,0.46,1.12,2.41,5.58,0.8045,21.38,2931.3,65.2,3.11,forest,351.5,wet,0.2594,low,True
2022-07-19 03:00:00,12.65,31.51,69.49,115.46,0.7814,29.37,1165.6,80.2,0.371,agriculture,522.9,normal,0.4403,medium,True
2022-07-19 04:30:00,0.37,1.73,2.48,5.28,0.9059,42.71,2202.8,72.6,0.459,barren,142.0,wet,0.2572,low,True
2022-07-19 04:45:00,0.04,0.08,0.16,0.36,0.2485,42.31,1191.5,359.1,0.141,urban,378.3,dry,0.0969,low,True
2022-07-19 05:00:00,0.01,0.03,0.07,0.1,0.5225,26.03,1033.9,82.6,0.097,forest,353.9,normal,0.1654,low,True
2022-07-19 06:00:00,0.94,2.58,4.01,10.27,0.8315,40.83,2461.3,96.1,1.69,agriculture,43.2,wet,0.3405,medium,True
2022-07-19 06:15:00,0.25,0.85,1.96,3.97,0.2631,27.39,1059.5,17.3,2.385,forest,125.4,dry,0.1697,low,True
2022-07-19 07:15:00,0.31,0.88,1.67,4.86,0.5101,25.61,1584.8,354.0,0.476,forest,698.6,normal,0.0311,low,True
2022-07-19 15:45:00,0.47,0.83,2.52,5.03,0.2056,32.59,1119.9,88.8,0.191,forest,69.4,dry,0.1922,low,True
2022-07-19 16:30:00,2.59,5.5,12.96,32.01,0.6789,40.69,3050.9,261.1,1.815,forest,177.1,normal,0.2388,low,True
2022-07-19 17:00:00,0.19,0.55,0.88,2.34,0.934,40.52,1583.0,9.5,0.956,forest,99.3,wet,0.2488,low,True
2022-07-19 18:15:00,0.01,0.03,0.06,0.1,0.404,43.01,939.6,282.0,0.119,forest,62.9,normal,0.2266,low,True
2022-07-19 19:30:00,9.9,17.23,25.36,40.88,0.99,32.67,1079.2,270.2,0.213,forest,61.3,wet,0.4006,medium,True
2022-07-19 21:00:00,12.05,19.7,27.66,37.96,0.679,37.0,2873.0,30.3,0.003,urban,159.7,normal,0.3552,medium,True
2022-07-19 22:15:00,0.88,1.61,3.11,4.82,0.8011,27.28,1471.5,44.1,0.523,barren,579.4,wet,0.2022,low,True
2022-07-19 22:15:00,8.85,17.41,32.72,45.15,0.7734,37.16,1551.0,106.2,0.448,forest,1196.8,normal,0.2441,low,True
2022-07-20 00:00:00,0.2,0.69,1.44,3.01,0.29,31.83,2490.6,127.7,0.107,barren,306.9,dry,0.0967,low,True
2022-07-20 01:00:00,4.05,10.4,23.13,46.82,0.7799,35.08,2364.1,282.1,0.249,agriculture,363.0,normal,0.2745,low,True
2022-07-20 01:15:00,4.57,7.87,10.81,17.54,0.5501,31.33,1073.0,22.0,1.68,urban,538.0,normal,0.1814,low,True
2022-07-20 02:15:00,13.54,36.02,66.84,122.15,0.99,22.1,1122.7,234.1,0.628,forest,389.4,wet,0.4493,medium,True
2022-07-20 04:30:00,0.29,0.59,1.69,4.05,0.5527,36.06,1268.3,82.3,1.193,agriculture,670.1,normal,0.1612,low,True
2022-07-20 04:45:00,2.08,3.92,6.47,11.82,0.5458,29.54,1403.7,137.7,1.093,urban,764.1,normal,0.1222,low,True
2022-07-20 05:45:00,5.1,16.95,29.15,43.08,0.99,41.12,2099.4,0.8,1.52,forest,355.8,wet,0.3074,medium,True
2022-07-20 07:00:00,15.7,32.07,41.78,75.63,0.99,42.38,1547.9,104.8,0.025,urban,276.5,wet,0.4932,medium,True
2022-07-20 12:30:00,1.94,3.33,6.9,10.74,0.4568,22.11,1416.3,61.7,0.183,barren,183.6,normal,0.1339,low,True
2022-07-20 14:00:00,0.99,2.6,5.37,11.1,0.9457,38.37,1603.0,181.4,0.322,urban,226.7,wet,0.2875,medium,True
2022-07-20 19:15:00,0.26,0.66,2.15,3.08,0.4864,32.78,1260.8,56.9,0.613,forest,158.3,normal,0.2043,low,True
2022-07-20 21:15:00,0.1,0.23,0.5,0.75,0.1987,30.36,2533.5,300.9,0.562,forest,204.9,dry,0.1258,low,True
2022-07-20 23:15:00,12.86,25.24,57.53,95.75,0.5468,27.15,1181.9,317.8,0.17,forest,814.9,dry,0.1514,low,True
2022-07-21 00:45:00,9.06,27.03,40.59,61.86,0.99,24.46,1616.1,304.3,0.129,urban,1266.1,wet,0.4214,medium,True
2022-07-21 05:30:00,0.05,0.15,0.32,0.92,0.167,22.44,1970.5,353.4,0.345,forest,167.0,dry,0.1649,low,True
2022-07-21 05:45:00,0.24,0.49,0.87,2.7,0.5178,31.42,2004.9,329.3,0.173,agriculture,97.2,normal,0.1569,low,True
2022-07-21 07:45:00,0.07,0.2,0.42,1.03,0.7237,19.85,1366.5,100.7,2.013,forest,38.5,wet,0.2507,low,True
2022-07-21 08:15:00,0.02,0.08,0.13,0.31,0.1877,39.79,2257.9,113.2,2.019,forest,644.8,dry,0.0997,low,True
2022-07-21 08:30:00,0.08,0.22,0.5,0.86,0.8427,29.18,2885.9,191.8,0.072,forest,725.9,wet,0.1313,low,True
2022-07-21 12:30:00,36.14,56.82,84.31,106.95,0.99,65.0,2681.3,138.6,0.733,agriculture,219.5,wet,0.6709,high,True
2022-07-21 13:00:00,0.25,0.42,0.66,1.15,0.7878,22.68,300.0,349.2,0.155,barren,283.6,wet,0.1851,low,True
2022-07-21 18:45:00,11.23,22.05,31.06,47.88,0.4536,36.51,1550.0,122.2,0.758,forest,481.2,dry,0.1979,low,True
2022-07-21 21:15:00,0.07,0.14,0.22,0.37,0.5681,29.26,1202.9,266.4,0.874,urban,175.0,normal,0.2462,low,True
2022-07-22 01:30:00,0.02,0.05,0.08,0.23,0.8559,25.23,1933.7,207.1,0.03,agriculture,88.8,wet,0.2138,low,True
2022-07-22 02:30:00,0.1,0.2,0.32,0.96,0.1309,33.01,2231.3,344.3,0.713,agriculture,52.6,dry,0.121,low,True
2022-07-22 05:00:00,55.11,99.02,118.41,169.0,0.8926,29.27,910.5,268.0,1.363,agriculture,103.9,normal,0.7585,critical,True
2022-07-22 05:15:00,0.09,0.43,1.03,1.69,0.5149,42.28,2120.8,109.3,0.146,forest,372.8,normal,0.1624,low,True
2022-07-22 11:30:00,1.2,2.61,7.05,13.05,0.2217,21.08,1584.1,70.9,0.074,forest,159.5,dry,0.1494,low,True
2022-07-22 12:00:00,3.64,8.82,19.83,31.31,0.9471,25.54,1442.6,307.7,0.502,barren,717.9,wet,0.2469,low,True
2022-07-22 12:15:00,1.19,2.47,6.46,9.84,0.5422,47.85,1917.2,328.0,0.437,forest,42.1,normal,0.2394,low,True
2022-07-22 13:00:00,7.42,12.81,21.46,31.29,0.3213,39.16,1512.9,299.2,1.302,agriculture,198.5,dry,0.1659,low,True
2022-07-22 13:30:00,4.97,11.19,21.65,37.48,0.4392,43.56,2279.7,265.5,0.36,forest,114.0,dry,0.2039,low,True
2022-07-22 15:30:00,0.07,0.12,0.22,0.44,0.2851,26.27,1363.7,115.8,0.32,barren,775.3,dry,0.0863,low,True
2022-07-22 16:15:00,0.21,0.68,1.06,2.04,0.1803,18.27,2400.0,181.9,0.751,forest,584.3,dry,0.1496,low,True
2022-07-22 17:00:00,0.34,0.62,1.07,3.04,0.471,29.54,1587.3,329.7,0.048,agriculture,1464.1,normal,0.055,low,True
2022-07-22 18:45:00,0.12,0.29,0.46,0.87,0.2054,65.0,300.0,48.6,0.035,forest,54.5,dry,0.1472,low,True
2022-07-22 21:15:00,2.85,8.07,17.08,31.89,0.7118,63.2,1118.2,178.2,0.422,urban,543.5,normal,0.2147,low,True
2022-07-22 22:00:00,94.62,115.55,137.78,175.03,0.99,24.66,1537.3,128.0,0.056,forest,57.1,wet,0.8704,critical,True
2022-07-22 22:15:00,0.4,1.49,3.3,7.14,0.5389,24.64,1821.8,243.9,1.679,agriculture,69.0,normal,0.2721,low,True
2022-07-22 22:45:00,0.21,0.35,0.61,1.38,0.242,45.23,1540.8,228.3,0.637,agriculture,24.0,dry,0.1908,low,True
2022-07-22 23:30:00,0.69,1.32,1.94,4.89,0.8031,34.95,1181.7,201.6,0.841,barren,228.7,wet,0.237,low,True
2022-07-22 23:45:00,5.15,9.29,11.8,27.54,0.3636,33.49,2668.6,100.7,0.156,forest,57.1,dry,0.1554,low,True
2022-07-23 01:15:00,0.32,0.83,1.75,3.21,0.8121,37.15,2442.5,57.4,0.409,barren,159.9,wet,0.1913,low,True
2022-07-23 03:30:00,0.74,2.76,4.04,6.47,0.5691,19.6,875.7,282.4,0.086,forest,123.1,normal,0.1675,low,True
2022-07-23 07:00:00,0.57,0.96,2.19,3.77,0.5801,25.24,1094.6,357.0,0.136,forest,1320.6,normal,0.1969,low,True
2022-07-23 09:15:00,4.88,13.19,22.69,34.73,0.9876,38.39,1791.5,60.9,0.504,agriculture,385.8,wet,0.2419,low,True
2022-07-23 14:30:00,0.23,0.41,0.9,1.37,0.5484,21.67,1508.6,27.3,0.197,barren,194.9,normal,0.2004,low,True
2022-07-23 15:45:00,4.36,13.34,28.05,39.28,0.904,43.15,300.0,268.5,1.494,agriculture,747.6,wet,0.2774,low,True
2022-07-23 16:00:00,6.25,10.99,27.35,51.22,0.99,31.9,1168.6,123.8,3.209,urban,33.1,wet,0.4611,medium,True
2022-07-23 16:15:00,0.32,0.77,1.35,3.52,0.5145,44.96,2039.8,76.7,0.002,forest,152.4,normal,0.1404,low,True
2022-07-23 16:30:00,0.0,0.0,0.01,0.02,0.4428,27.23,1667.3,189.0,0.854,urban,263.0,normal,0.2011,low,True
2022-07-23 16:45:00,0.38,1.49,2.22,5.04,0.8038,19.58,1041.3,243.1,0.074,forest,29.4,wet,0.2338,low,True
2022-07-23 16:45:00,7.96,19.71,39.22,53.37,0.784,34.59,1264.5,77.3,0.513,agriculture,65.2,normal,0.3309,medium,True
2022-07-23 18:45:00,0.15,0.33,1.07,1.86,0.8067,31.2,1466.0,358.0,0.156,agriculture,799.0,wet,0.206,low,True
2022-07-23 22:30:00,0.45,1.24,2.8,4.4,0.5497,21.16,3136.4,118.2,2.009,agriculture,79.3,normal,0.2247,low,True
2022-07-23 23:00:00,13.11,21.89,35.52,47.37,0.7897,29.79,1621.7,113.4,1.252,forest,901.3,normal,0.2711,low,True
2022-07-24 01:15:00,0.04,0.13,0.29,0.45,0.2298,26.8,1166.1,152.3,0.543,agriculture,45.4,dry,0.1634,low,True
2022-07-24 02:30:00,0.1,0.49,1.28,2.98,0.2176,41.09,2681.9,268.2,0.116,forest,776.9,dry,0.0581,low,True
2022-07-24 03:15:00,6.87,11.21,20.77,51.16,0.7285,43.63,1947.8,314.4,0.916,forest,221.6,normal,0.2386,low,True
2022-07-24 06:00:00,0.6,1.27,2.09,5.26,0.5963,54.08,1116.8,116.6,0.441,forest,308.1,normal,0.2315,low,True
2022-07-24 08:45:00,17.28,26.81,44.83,81.06,0.8536,58.74,1611.6,42.7,0.567,agriculture,125.8,normal,0.4641,medium,True
2022-07-24 10:00:00,0.11,0.29,0.51,0.79,0.4142,25.43,1485.0,92.2,0.759,forest,121.8,normal,0.1716,low,True
2022-07-24 10:15:00,0.12,0.35,0.81,1.18,0.551,36.46,1929.2,30.3,0.323,forest,247.1,normal,0.1103,low,True
2022-07-24 11:45:00,0.1,0.2,0.36,0.96,0.8338,39.79,845.5,226.9,0.005,forest,163.9,wet,0.2632,low,True
2022-07-24 12:30:00,8.9,14.68,23.46,37.62,0.3933,31.94,885.0,266.7,0.272,forest,38.3,dry,0.3135,medium,True
2022-07-24 13:45:00,0.09,0.16,0.25,0.53,0.5199,29.72,1445.7,154.5,0.32,barren,162.8,normal,0.1912,low,True
2022-07-24 15:00:00,0.03,0.08,0.15,0.26,0.1598,27.75,1071.9,343.0,0.274,urban,112.9,dry,0.1208,low,True
2022-07-24 15:30:00,0.21,0.6,1.84,3.73,0.4958,11.93,2210.3,261.9,1.067,forest,673.2,normal,0.1241,low,True
2022-07-24 16:45:00,110.1,139.5,162.38,200.25,0.5243,39.61,982.9,136.7,0.242,agriculture,648.2,dry,0.732,high,True
2022-07-24 18:15:00,0.04,0.08,0.17,0.31,0.5738,45.54,3044.5,36.8,0.323,agriculture,63.4,normal,0.1756,low,True
2022-07-24 21:45:00,73.11,96.77,118.3,128.98,0.8265,27.55,1508.9,177.7,0.038,agriculture,468.4,normal,0.662,high,True
2022-07-24 22:15:00,1.06,1.85,4.15,6.17,0.1824,45.48,1678.9,181.4,0.757,agriculture,219.8,dry,0.1239,low,True
2022-07-24 22:45:00,6.65,11.57,15.99,26.22,0.6517,16.67,1810.6,198.2,0.146,forest,720.1,normal,0.1622,low,True
2022-07-25 01:00:00,6.01,16.56,29.91,46.49,0.9548,29.18,1556.3,245.7,0.161,agriculture,122.1,wet,0.3239,medium,True
2022-07-25 02:30:00,0.61,2.67,4.06,6.7,0.2151,21.73,2307.8,95.2,0.53,forest,42.3,dry,0.1658,low,True
2022-07-25 03:00:00,6.92,14.61,23.85,43.82,0.7513,29.89,1687.3,0.9,2.465,forest,574.2,normal,0.1537,low,True
2022-07-25 08:00:00,69.8,94.97,134.64,188.81,0.8374,37.76,1287.2,292.6,0.317,agriculture,719.7,normal,0.7806,critical,True
2022-07-25 09:15:00,7.27,14.5,33.73,48.67,0.7102,33.85,781.0,296.5,0.238,agriculture,652.5,normal,0.2493,low,True
2022-07-25 09:15:00,0.05,0.13,0.36,0.89,0.1365,18.03,1834.8,328.2,0.022,forest,149.8,dry,0.1111,low,True
2022-07-25 10:15:00,0.08,0.19,0.5,0.96,0.1658,65.0,2148.6,348.9,0.929,agriculture,21.0,dry,0.2585,low,True
2022-07-25 12:30:00,0.65,1.25,2.06,4.89,0.826,40.22,839.6,57.3,0.182,barren,62.6,wet,0.2641,low,True
2022-07-25 12:45:00,8.98,26.19,44.19,56.41,0.4775,34.64,1371.3,127.4,0.879,barren,891.3,dry,0.2182,low,True
2022-07-25 13:30:00,2.97,8.1,12.41,17.63,0.3377,45.69,2179.4,306.5,0.199,agriculture,168.4,dry,0.1733,low,True
2022-07-25 14:15:00,3.27,5.21,12.97,21.69,0.5906,31.1,1089.2,336.2,0.018,agriculture,752.7,normal,0.2029,low,True
2022-07-25 15:45:00,40.12,81.36,112.51,155.09,0.7391,26.81,1083.7,5.2,0.414,agriculture,1393.7,normal,0.6053,high,True
2022-07-25 21:00:00,0.53,1.29,2.32,4.26,0.5717,23.57,1509.1,139.5,1.419,forest,186.3,normal,0.1087,low,True
2022-07-25 21:15:00,0.11,0.23,0.51,1.07,0.5845,17.63,2389.2,40.8,0.142,forest,534.3,normal,0.0806,low,True
2022-07-25 21:30:00,1.02,2.52,4.34,6.28,0.4448,31.26,2151.2,283.8,0.1,forest,74.8,normal,0.2178,low,True
2022-07-25 22:30:00,1.31,3.47,6.59,16.1,0.6149,31.09,2389.6,269.0,0.123,agriculture,179.4,normal,0.2188,low,True
2022-07-26 00:15:00,0.28,0.99,2.11,6.07,0.3193,34.81,1003.8,271.5,0.703,agriculture,437.5,dry,0.0988,low,True
2022-07-26 01:00:00,0.79,2.65,5.18,7.89,0.51,55.99,1204.3,140.5,0.275,urban,91.2,normal,0.174,low,True
2022-07-26 05:45:00,0.22,0.7,1.94,4.67,0.5445,31.37,1492.9,146.2,0.177,barren,144.9,normal,0.1959,low,True
2022-07-26 07:00:00,44.72,69.4,80.71,93.83,0.8742,48.35,1416.1,94.3,0.247,forest,300.4,normal,0.4784,medium,True
2022-07-26 07:15:00,5.36,12.28,15.39,22.13,0.5982,47.14,1133.9,129.9,0.222,forest,421.3,normal,0.1949,low,True
2022-07-26 08:00:00,0.14,0.26,0.47,1.35,0.5902,26.09,1888.5,353.9,0.471,forest,164.5,normal,0.177,low,True
2022-07-26 08:15:00,4.21,7.78,11.86,19.37,0.2512,40.8,622.1,16.8,0.086,barren,175.5,dry,0.1569,low,True
2022-07-26 09:45:00,0.45,1.68,2.6,4.79,0.358,18.79,1689.8,116.6,0.426,barren,50.7,dry,0.1917,low,True
2022-07-26 11:45:00,0.57,1.03,2.29,6.7,0.6534,29.85,2597.1,284.4,0.224,urban,1458.7,normal,0.0608,low,True
2022-07-26 12:15:00,0.31,0.71,1.27,2.33,0.5232,29.53,1647.1,137.6,1.619,agriculture,341.6,normal,0.1728,low,True
2022-07-26 12:15:00,0.63,1.27,3.73,6.03,0.3767,29.33,1100.7,342.0,0.329,barren,274.5,dry,0.1318,low,True
2022-07-26 12:30:00,0.0,0.01,0.03,0.05,0.7821,22.93,831.7,119.6,0.063,agriculture,93.1,wet,0.2577,low,True
2022-07-26 12:45:00,0.51,1.41,3.85,5.67,0.4662,55.0,1816.5,305.9,1.627,barren,244.3,normal,0.192,low,True
2022-07-26 14:00:00,60.57,96.11,111.97,150.92,0.8941,27.25,2641.8,293.4,1.664,barren,217.5,normal,0.8412,critical,True
2022-07-26 15:30:00,6.14,13.31,19.02,40.64,0.7435,32.76,1728.1,3.3,0.116,agriculture,114.7,normal,0.2806,medium,True
2022-07-26 17:15:00,44.03,70.48,87.73,139.9,0.5426,25.28,1398.9,145.1,1.017,agriculture,216.9,dry,0.482,medium,True
2022-07-26 18:45:00,0.13,0.52,1.61,2.87,0.5971,20.18,1142.2,101.0,1.188,barren,89.6,normal,0.1961,low,True
2022-07-26 19:15:00,6.86,13.07,18.57,28.76,0.6127,47.59,713.6,172.7,0.264,forest,443.5,normal,0.2281,low,True
2022-07-26 20:30:00,0.26,0.45,1.25,2.73,0.2933,36.29,1763.5,166.6,0.104,forest,848.1,dry,0.0526,low,True
2022-07-26 20:45:00,6.48,11.5,15.77,22.77,0.9323,22.48,639.1,326.0,0.961,forest,10.9,wet,0.3429,medium,True
2022-07-26 22:00:00,0.01,0.02,0.04,0.07,0.819,23.19,2149.1,66.1,0.017,agriculture,294.4,wet,0.1735,low,True
2022-07-27 00:00:00,4.45,10.28,17.11,29.98,0.3408,37.4,1976.3,65.6,0.58,agriculture,471.3,dry,0.1363,low,True
2022-07-27 01:30:00,0.96,4.5,12.41,20.7,0.6434,29.99,1470.4,38.9,0.251,forest,842.0,normal,0.1433,low,True
2022-07-27 02:15:00,0.29,0.77,2.18,3.23,0.1817,41.75,1988.7,265.9,0.544,forest,165.3,dry,0.1031,low,True
2022-07-27 08:30:00,49.29,66.73,94.77,109.96,0.99,42.99,1703.6,330.4,0.933,forest,841.9,wet,0.6874,high,True
2022-07-27 09:00:00,6.99,12.83,17.88,37.14,0.6848,42.79,1983.3,132.7,1.059,agriculture,621.1,normal,0.237,low,True
2022-07-27 13:00:00,4.58,9.4,15.25,23.55,0.6189,34.79,2136.8,22.3,3.888,forest,270.7,normal,0.2374,low,True
2022-07-27 14:15:00,0.03,0.07,0.18,0.58,0.4763,27.01,1447.0,56.2,0.613,forest,113.9,normal,0.1626,low,True
2022-07-27 14:45:00,63.72,103.67,125.9,140.56,0.8472,46.3,822.2,36.9,0.152,forest,380.3,normal,0.7017,high,True
2022-07-27 16:30:00,3.38,6.85,11.41,22.37,0.5487,32.0,2954.8,213.2,0.194,forest,115.7,normal,0.3013,medium,True
2022-07-27 18:45:00,0.13,0.29,0.81,2.47,0.5355,15.42,1472.0,101.6,0.344,barren,160.2,normal,0.1258,low,True
2022-07-27 19:45:00,35.37,56.8,85.66,107.27,0.7345,41.41,1343.2,323.1,1.132,forest,230.2,normal,0.4639,medium,True
2022-07-27 20:15:00,100.43,129.17,160.6,214.85,0.8701,40.84,1866.4,58.4,0.274,barren,251.2,normal,0.8346,critical,True
2022-07-27 20:15:00,0.63,1.14,2.87,4.5,0.5065,23.62,1484.0,334.9,0.699,agriculture,83.4,normal,0.1906,low,True
2022-07-27 20:45:00,2.67,4.37,9.84,17.42,0.2889,27.82,845.2,119.8,0.028,urban,424.2,dry,0.1269,low,True
2022-07-27 20:45:00,0.38,0.66,1.25,1.85,0.197,42.15,884.9,312.2,0.337,forest,1696.3,dry,0.056,low,True
2022-07-27 21:00:00,1.24,3.41,11.08,16.25,0.5232,36.4,1065.8,341.6,0.11,forest,107.8,normal,0.2132,low,True
2022-07-27 22:15:00,111.0,154.5,170.86,225.1,0.819,33.25,1814.4,355.1,1.673,forest,293.0,normal,0.8045,critical,True
2022-07-27 22:30:00,0.58,2.49,3.67,11.01,0.8255,24.78,1182.7,289.3,0.941,forest,222.3,wet,0.2043,low,True
2022-07-28 00:00:00,0.15,0.57,1.25,3.34,0.19,33.86,2161.3,36.6,0.09,agriculture,138.7,dry,0.1088,low,True
2022-07-28 01:00:00,0.3,0.61,1.47,3.78,0.5634,19.76,1507.0,19.9,0.308,forest,200.5,normal,0.1664,low,True
2022-07-28 01:00:00,0.25,0.47,1.0,2.41,0.2237,39.21,1552.8,266.3,0.05,forest,471.8,dry,0.135,low,True
2022-07-28 06:00:00,10.63,17.56,36.67,70.33,0.99,34.31,1636.0,322.9,0.824,barren,197.5,wet,0.4512,medium,True
2022-07-28 09:30:00,3.81,9.08,13.64,26.47,0.915,44.56,976.4,59.8,0.127,agriculture,257.4,wet,0.2642,low,True
2022-07-28 10:30:00,34.04,60.72,76.96,123.09,0.5864,28.84,2365.1,338.8,0.979,forest,237.0,dry,0.3307,medium,True
2022-07-28 13:15:00,7.93,12.25,29.42,53.41,0.724,45.11,1786.2,219.7,0.046,forest,293.6,normal,0.3378,medium,True
2022-07-28 14:00:00,15.67,42.53,91.3,137.12,0.9603,27.36,1496.1,44.6,0.511,forest,130.5,normal,0.4849,medium,True
2022-07-28 20:30:00,0.59,1.0,2.19,4.5,0.2464,53.19,1282.5,60.1,0.562,urban,259.5,dry,0.0981,low,True
2022-07-28 20:45:00,6.17,14.39,20.07,31.29,0.6856,35.7,1270.9,23.7,0.244,barren,60.7,normal,0.3114,medium,True
2022-07-28 21:15:00,0.34,0.84,2.28,4.11,0.5254,40.96,905.7,51.6,0.108,barren,483.3,normal,0.2041,low,True
2022-07-29 01:45:00,55.73,102.71,127.6,175.93,0.5646,36.76,801.0,263.6,0.235,urban,51.2,dry,0.7315,high,True
2022-07-29 04:45:00,0.17,0.32,0.7,1.92,0.4729,39.13,801.2,78.8,0.411,agriculture,547.9,normal,0.1562,low,True
2022-07-29 05:30:00,19.9,37.47,71.97,132.88,0.542,23.55,2237.8,202.2,2.086,forest,621.1,dry,0.2458,low,True
2022-07-29 06:30:00,0.02,0.06,0.14,0.21,0.491,27.79,1140.1,259.6,0.355,forest,16.7,normal,0.1911,low,True
2022-07-29 06:45:00,0.16,0.41,1.08,1.57,0.8603,24.46,954.2,322.3,0.126,barren,631.9,wet,0.1686,low,True
2022-07-29 07:30:00,6.66,10.5,15.6,23.98,0.6966,42.54,2372.8,212.4,0.016,barren,375.6,normal,0.249,low,True
2022-07-29 09:15:00,0.08,0.38,0.86,1.94,0.2872,26.54,1636.4,205.1,0.005,forest,45.7,dry,0.1299,low,True
2022-07-29 10:00:00,0.04,0.11,0.33,0.51,0.1986,38.09,895.7,328.6,0.323,agriculture,2171.4,dry,0.1043,low,True
2022-07-29 11:15:00,0.31,0.55,1.79,4.15,0.5029,46.36,1942.4,106.2,0.211,urban,344.5,normal,0.1805,low,True
2022-07-29 11:45:00,2.98,4.67,9.6,15.06,0.5831,32.86,2471.9,73.3,0.073,forest,189.3,normal,0.2046,low,True
2022-07-29 14:45:00,0.02,0.1,0.32,1.01,0.4472,29.48,2006.8,314.2,0.113,barren,767.6,normal,0.1265,low,True
2022-07-29 17:30:00,0.3,0.89,2.03,3.18,0.2951,37.91,1682.9,26.8,0.258,forest,24.9,dry,0.1973,low,True
2022-07-29 17:30:00,0.0,0.0,0.0,0.0,0.9018,50.42,1880.7,68.3,0.696,agriculture,452.2,wet,0.2812,medium,True
2022-07-29 18:30:00,2.33,5.76,9.58,19.48,0.7723,37.36,2316.9,148.1,0.564,forest,64.3,wet,0.2201,low,True
2022-07-29 20:15:00,0.43,1.18,3.57,8.93,0.8137,24.33,2636.8,130.1,0.05,agriculture,291.4,wet,0.1656,low,True
2022-07-29 21:30:00,3.34,5.7,12.02,21.74,0.5104,32.95,1029.4,254.2,0.093,agriculture,45.3,normal,0.2072,low,True
2022-07-29 21:45:00,0.34,1.4,2.07,3.45,0.4835,37.95,1613.4,33.1,1.434,forest,407.9,normal,0.1499,low,True
2022-07-29 22:00:00,6.51,15.71,21.2,33.97,0.3745,24.4,1962.7,171.8,0.044,barren,228.9,dry,0.1207,low,True
2022-07-30 02:00:00,4.93,15.38,20.03,40.26,0.9073,38.88,1703.2,291.1,0.133,agriculture,12.4,wet,0.3681,medium,True
2022-07-30 02:15:00,0.0,0.01,0.02,0.07,0.2455,51.0,1917.8,246.0,0.23,barren,35.9,dry,0.2047,low,True
2022-07-30 06:00:00,0.15,0.35,0.55,1.2,0.7273,30.47,2925.2,227.4,0.157,forest,435.0,wet,0.1613,low,True
2022-07-30 07:15:00,0.78,1.6,4.23,8.2,0.6452,27.0,1442.9,86.2,0.206,urban,188.5,normal,0.1576,low,True
2022-07-30 07:45:00,0.15,0.26,0.47,0.84,0.7907,36.21,752.4,141.7,0.781,forest,400.3,wet,0.1851,low,True
2022-07-30 07:45:00,0.23,0.57,1.36,3.18,0.5641,28.45,2710.0,65.1,0.06,forest,182.9,normal,0.1544,low,True
2022-07-30 09:15:00,7.29,13.29,17.29,39.19,0.6588,21.15,2660.7,183.2,0.261,forest,167.1,normal,0.2278,low,True
2022-07-30 12:30:00,0.05,0.09,0.22,0.62,0.8135,38.22,1926.0,210.3,0.568,forest,685.7,wet,0.2065,low,True
2022-07-30 13:00:00,0.39,0.8,2.37,4.25,0.3032,33.89,1302.9,227.2,0.03,urban,685.4,dry,0.0318,low,True
2022-07-30 13:15:00,0.25,0.55,0.84,2.78,0.7788,31.66,2114.5,315.3,0.027,forest,893.1,wet,0.1583,low,True
2022-07-30 15:30:00,6.85,14.47,19.73,30.56,0.9556,26.16,1619.6,22.3,0.414,forest,616.1,wet,0.2011,low,True
2022-07-30 19:30:00,0.09,0.2,0.41,0.93,0.8284,24.77,1414.4,139.8,1.38,barren,57.7,wet,0.2735,low,True
2022-07-30 22:45:00,17.33,29.43,45.67,66.65,0.4775,29.93,1194.2,212.7,0.353,agriculture,34.1,dry,0.383,medium,True
2022-07-30 23:30:00,6.94,13.81,19.39,41.43,0.3206,22.0,1590.2,205.2,0.313,barren,31.1,dry,0.1945,low,True
2022-07-31 02:45:00,22.65,73.28,94.28,136.02,0.8411,23.55,1928.1,7.8,0.006,forest,1382.8,normal,0.361,medium,True
2022-07-31 03:00:00,29.82,82.1,115.44,136.99,0.99,59.98,1698.5,68.2,0.792,barren,253.4,wet,0.7152,high,True
2022-07-31 04:15:00,10.37,24.67,60.76,91.38,0.5945,34.52,2130.6,304.5,0.108,forest,52.8,dry,0.3057,medium,True
2022-07-31 04:30:00,0.12,0.47,0.97,2.39,0.276,40.72,1468.5,185.5,0.719,urban,285.1,dry,0.1584,low,True
2022-07-31 08:15:00,22.45,37.89,94.28,111.45,0.4796,60.29,1348.8,148.9,0.257,agriculture,443.6,dry,0.3808,medium,True
2022-07-31 09:00:00,0.83,1.42,3.98,5.95,0.7868,27.87,1832.5,324.1,0.028,agriculture,44.7,wet,0.2118,low,True
2022-07-31 10:45:00,69.9,96.95,130.82,183.48,0.99,28.21,1651.8,27.0,0.238,forest,158.8,wet,0.843,critical,True
2022-07-31 11:00:00,3.91,10.28,20.13,39.96,0.6123,60.82,2490.4,332.0,0.647,forest,82.8,normal,0.2563,low,True
2022-07-31 11:15:00,0.43,0.89,1.28,1.99,0.2618,20.16,1392.1,10.0,0.877,forest,1307.2,dry,0.0832,low,True
2022-07-31 12:30:00,0.32,1.08,1.84,4.48,0.582,18.9,1298.6,202.6,0.606,forest,144.1,normal,0.1506,low,True
2022-07-31 12:45:00,0.35,0.86,2.31,4.03,0.3082,50.51,1498.7,199.8,0.745,forest,420.5,dry,0.1675,low,True
2022-07-31 13:45:00,7.86,18.6,26.99,42.39,0.6468,52.35,1352.1,230.1,0.161,barren,887.2,normal,0.2402,low,True
2022-07-31 14:45:00,1.13,2.18,3.3,5.29,0.4836,39.49,1221.9,10.7,2.016,forest,706.2,normal,0.154,low,True
2022-07-31 16:00:00,0.34,0.79,1.54,2.52,0.5065,35.78,620.7,191.0,0.154,barren,185.3,normal,0.1376,low,True
2022-07-31 19:30:00,29.7,75.67,104.54,136.4,0.99,18.36,907.8,40.9,0.112,forest,140.3,wet,0.6671,high,True
2022-07-31 21:45:00,0.17,0.54,0.82,2.6,0.469,16.95,1527.9,56.2,0.172,forest,589.9,normal,0.1045,low,True
2022-07-31 22:45:00,109.54,146.82,181.21,214.15,0.8587,43.97,815.5,77.5,2.147,barren,90.4,normal,0.8536,critical,True
2022-08-01 01:15:00,0.87,3.07,5.09,8.31,0.8312,50.33,1938.8,220.7,0.04,barren,452.2,wet,0.2171,low,True
2022-08-01 01:45:00,0.12,0.44,0.85,1.56,0.184,37.03,1822.0,140.4,0.891,agriculture,641.2,dry,0.098,low,True
2022-08-01 04:45:00,1.67,3.32,7.02,16.53,0.8945,9.87,1198.1,30.7,0.067,forest,672.2,wet,0.1976,low,True
2022-08-01 06:45:00,4.86,12.74,23.0,46.3,0.4167,45.65,1568.3,104.0,0.89,agriculture,13.1,dry,0.2582,low,True
2022-08-01 17:30:00,0.46,0.95,1.42,2.73,0.7953,24.19,1485.0,27.6,0.195,forest,252.5,wet,0.2141,low,True
2022-08-01 18:15:00,15.33,37.95,59.35,78.76,0.575,54.63,517.1,239.1,0.778,forest,164.9,dry,0.2786,low,True
2022-08-01 20:30:00,0.17,0.29,0.95,1.38,0.2193,49.0,1867.0,200.7,0.03,agriculture,1359.8,dry,0.0429,low,True
2022-08-01 20:30:00,5.31,10.83,25.73,36.74,0.7163,42.18,1241.5,146.8,0.244,forest,284.9,normal,0.206,low,True
2022-08-01 20:30:00,0.01,0.01,0.02,0.04,0.7805,33.79,1015.1,334.0,0.375,forest,205.2,wet,0.2519,low,True
2022-08-01 22:15:00,0.92,1.55,2.85,6.52,0.825,18.77,2006.9,186.7,0.013,urban,108.1,wet,0.2708,low,True
2022-08-02 02:30:00,6.9,19.09,25.93,40.77,0.3568,63.13,1745.9,319.5,0.12,barren,663.9,dry,0.1287,low,True
2022-08-02 03:00:00,0.08,0.36,0.6,1.0,0.2218,50.11,2146.7,208.5,0.111,forest,144.7,dry,0.0986,low,True
2022-08-02 03:45:00,1.82,4.08,7.94,15.97,0.5951,15.48,1529.3,135.6,0.394,agriculture,623.6,normal,0.1003,low,True
2022-08-02 04:15:00,10.21,21.29,49.47,68.56,0.8218,41.67,1729.2,194.0,0.086,forest,787.7,normal,0.1963,low,True
2022-08-02 06:15:00,0.18,0.34,0.59,1.25,0.842,31.57,2079.5,54.7,2.268,barren,31.0,wet,0.4155,medium,True
2022-08-02 08:15:00,11.02,18.57,27.41,38.39,0.6358,52.45,2605.8,242.9,1.308,agriculture,259.7,normal,0.3009,medium,True
2022-08-02 10:15:00,0.49,1.08,1.58,4.79,0.855,21.82,1413.1,353.6,0.152,forest,200.9,wet,0.2454,low,True
2022-08-02 10:45:00,4.67,8.44,14.14,34.42,0.7323,52.89,1748.9,89.1,0.16,forest,184.8,normal,0.2826,medium,True
2022-08-02 11:15:00,0.02,0.05,0.14,0.42,0.5011,26.43,1944.1,116.4,1.767,forest,172.5,normal,0.1659,low,True
2022-08-02 11:30:00,7.75,12.93,23.11,33.84,0.9232,40.36,1939.4,146.2,0.214,agriculture,275.7,wet,0.2504,low,True
2022-08-02 12:15:00,0.17,0.59,1.73,3.41,0.2065,33.72,1292.1,174.1,0.33,barren,58.8,dry,0.2006,low,True
2022-08-02 16:45:00,73.77,115.78,152.93,199.71,0.5395,17.7,1532.8,258.9,0.725,forest,727.6,dry,0.5033,medium,True
2022-08-02 17:45:00,0.04,0.1,0.22,0.43,0.7857,64.01,1938.3,49.2,0.253,forest,295.7,wet,0.2657,low,True
2022-08-02 18:15:00,0.34,0.72,1.27,1.91,0.1703,31.65,1705.6,108.9,1.396,forest,159.2,dry,0.081,low,True
2022-08-02 19:15:00,0.24,0.63,1.2,1.97,0.2374,24.8,2748.8,193.9,0.534,forest,107.5,dry,0.1247,low,True
2022-08-02 19:45:00,10.23,23.16,37.04,66.59,0.99,19.12,1414.3,212.2,0.503,forest,345.5,wet,0.3289,medium,True
2022-08-02 22:15:00,0.19,0.45,1.11,3.18,0.5355,43.79,1120.2,193.2,0.485,agriculture,550.8,normal,0.1551,low,True
2022-08-03 00:30:00,0.94,2.37,4.49,7.32,0.5835,50.86,1890.7,156.8,0.071,agriculture,213.5,normal,0.1787,low,True
2022-08-03 05:30:00,9.73,29.88,61.06,118.95,0.8331,39.63,1037.0,256.1,0.938,urban,1469.0,normal,0.5174,medium,True
2022-08-03 06:45:00,17.36,27.01,49.71,90.89,0.8996,34.51,1324.9,73.6,0.509,urban,278.4,normal,0.5223,high,True
2022-08-03 10:30:00,0.09,0.45,0.72,1.77,0.7209,37.74,1648.4,101.8,0.033,agriculture,1360.7,wet,0.2149,low,True
2022-08-03 15:00:00,27.61,61.49,80.85,128.84,0.5377,37.91,1580.2,160.0,1.14,barren,1160.1,dry,0.4744,medium,True
2022-08-03 15:15:00,0.2,0.69,1.32,2.09,0.4094,30.61,1563.8,250.4,0.784,urban,330.5,normal,0.2007,low,True
2022-08-03 15:15:00,0.8,1.5,2.34,3.73,0.7167,37.89,1261.9,29.6,0.205,forest,314.7,wet,0.2053,low,True
2022-08-03 16:00:00,0.44,0.88,1.31,1.9,0.3858,54.74,1821.8,41.6,0.202,forest,49.1,normal,0.2338,low,True
2022-08-03 16:30:00,69.41,118.48,139.69,183.92,0.99,29.94,2903.6,281.7,0.422,forest,937.2,wet,0.764,critical,True
2022-08-03 19:30:00,1.0,2.34,4.65,7.22,0.7945,34.67,2097.7,93.9,0.004,agriculture,579.0,wet,0.1951,low,True
2022-08-04 04:30:00,110.88,130.86,155.0,191.42,0.8057,35.64,493.8,346.9,0.995,barren,252.9,normal,0.8163,critical,True
2022-08-04 08:45:00,5.76,13.02,28.16,46.11,0.7114,32.89,1355.6,346.1,1.709,forest,138.1,normal,0.3438,medium,True
2022-08-04 10:30:00,0.04,0.11,0.25,0.65,0.4253,33.47,1919.2,246.9,0.355,agriculture,648.2,normal,0.0989,low,True
2022-08-04 10:45:00,5.71,8.95,11.23,15.93,0.9138,54.88,702.5,258.1,0.461,agriculture,130.6,wet,0.367,medium,True
2022-08-04 13:15:00,0.18,0.59,1.04,2.04,0.5358,25.19,300.0,234.4,0.996,forest,283.2,normal,0.0646,low,True
2022-08-04 15:15:00,3.43,11.42,17.28,27.37,0.6362,23.41,1165.1,63.8,0.195,forest,87.6,normal,0.2169,low,True
2022-08-04 17:15:00,4.58,10.52,16.97,22.7,0.6021,59.72,1114.8,180.2,0.406,forest,581.3,normal,0.1887,low,True
2022-08-04 19:00:00,0.75,1.39,2.03,4.57,0.1942,24.31,2584.0,285.5,0.071,forest,499.2,dry,0.0812,low,True
2022-08-04 20:30:00,0.21,0.68,1.17,2.45,0.2179,36.51,1813.3,278.9,0.726,barren,130.7,dry,0.1548,low,True
2022-08-04 21:00:00,101.9,149.85,176.42,232.78,0.99,32.48,1513.2,323.6,0.945,barren,53.7,wet,0.9635,critical,True
2022-08-04 21:30:00,0.13,0.43,0.9,1.53,0.4249,50.65,1410.4,324.3,0.042,barren,78.2,normal,0.225,low,True
2022-08-04 23:30:00,0.9,2.46,3.99,7.14,0.2657,25.11,1870.4,94.1,1.284,barren,345.3,dry,0.1205,low,True
2022-08-05 00:00:00,110.11,156.28,167.35,195.6,0.99,16.41,1718.8,259.8,0.282,barren,66.9,wet,0.8948,critical,True
2022-08-05 00:00:00,0.11,0.48,0.73,1.09,0.3993,51.79,1869.3,234.5,1.532,agriculture,145.0,normal,0.1781,low,True
2022-08-05 04:00:00,0.26,0.49,1.64,4.15,0.7704,20.82,1793.9,318.9,1.383,agriculture,649.7,wet,0.1579,low,True
2022-08-05 04:30:00,0.19,0.36,0.74,2.16,0.1537,28.7,2223.5,66.1,0.939,agriculture,39.9,dry,0.165,low,True
2022-08-05 05:45:00,0.74,1.84,3.94,7.04,0.7595,20.19,1619.7,266.3,1.064,agriculture,314.6,wet,0.2082,low,True
2022-08-05 06:15:00,1.24,2.67,5.9,8.97,0.5664,31.86,2067.2,152.4,0.205,forest,188.7,normal,0.0957,low,True
2022-08-05 08:15:00,10.26,18.85,31.39,48.03,0.7657,47.97,1814.1,142.0,0.275,barren,54.9,normal,0.3905,medium,True
2022-08-05 08:30:00,20.09,36.36,50.26,95.07,0.5358,31.01,1721.5,12.9,0.165,forest,259.3,dry,0.2353,low,True
2022-08-05 09:45:00,58.75,94.34,106.53,140.48,0.8519,30.76,1360.2,346.1,0.263,agriculture,264.5,normal,0.767,critical,True
2022-08-05 11:00:00,0.1,0.18,0.42,1.15,0.2945,20.51,1560.7,243.3,0.495,forest,176.2,dry,0.1599,low,True
2022-08-05 12:00:00,0.12,0.23,0.57,0.9,0.7789,21.52,1571.2,212.7,1.197,forest,29.9,wet,0.2626,low,True
2022-08-05 14:00:00,1.04,3.2,5.28,10.28,0.3404,21.59,2247.3,90.4,0.475,urban,91.1,dry,0.0916,low,True
2022-08-05 14:00:00,3.15,7.4,17.77,42.67,0.6868,20.49,1741.4,237.0,0.716,forest,191.6,normal,0.1976,low,True
2022-08-05 14:45:00,0.01,0.03,0.08,0.18,0.1705,30.89,1057.8,340.4,0.088,forest,123.6,dry,0.0883,low,True
2022-08-05 14:45:00,0.04,0.09,0.19,0.36,0.2031,31.93,672.0,58.8,1.684,forest,71.2,dry,0.1773,low,True
2022-08-05 20:30:00,20.09,34.41,66.42,87.43,0.9071,36.6,917.3,354.2,0.525,barren,243.6,normal,0.5038,medium,True
2022-08-05 21:30:00,89.64,113.36,137.18,187.49,0.99,18.44,1186.7,153.9,0.897,agriculture,187.4,wet,0.8455,critical,True
2022-08-06 00:00:00,2.1,4.57,6.51,16.27,0.8625,21.37,1876.5,352.2,3.928,agriculture,392.7,wet,0.2374,low,True
2022-08-06 00:30:00,0.41,1.48,4.72,13.37,0.8567,48.34,1228.5,228.2,1.178,barren,297.7,wet,0.2542,low,True
2022-08-06 01:30:00,5.75,9.68,13.04,22.29,0.8916,41.69,2335.9,116.7,0.421,forest,75.1,wet,0.3009,medium,True
2022-08-06 01:45:00,2.44,4.38,6.35,9.1,0.3046,19.38,864.0,134.8,1.215,forest,417.3,dry,0.1618,low,True
2022-08-06 02:15:00,0.25,0.77,1.88,3.95,0.7946,22.48,1997.8,104.6,0.645,forest,229.2,wet,0.2344,low,True
2022-08-06 02:45:00,21.77,35.04,72.78,135.92,0.8804,19.92,482.3,120.5,0.786,barren,52.1,normal,0.6298,high,True
2022-08-06 09:30:00,5.11,11.2,22.56,43.25,0.99,39.09,929.6,232.8,0.608,agriculture,16.5,wet,0.3511,medium,True
2022-08-06 10:00:00,1.66,2.95,4.23,11.57,0.269,34.68,1004.0,6.0,0.203,forest,354.6,dry,0.1674,low,True
2022-08-06 13:15:00,0.17,0.49,0.99,1.68,0.8687,34.74,996.6,348.3,0.244,forest,347.4,wet,0.2232,low,True
2022-08-06 14:30:00,0.01,0.06,0.16,0.33,0.2626,26.59,1217.5,276.7,0.49,forest,611.1,dry,0.05,low,True
2022-08-06 19:30:00,53.66,76.88,95.95,153.22,0.7881,23.91,2072.0,338.8,1.243,agriculture,513.1,normal,0.6546,high,True
2022-08-06 22:00:00,1.8,4.54,7.87,16.28,0.3253,22.7,2030.6,258.3,0.361,forest,744.9,dry,0.0783,low,True
2022-08-06 22:45:00,66.62,110.69,137.77,168.73,0.6403,22.76,995.9,173.2,0.467,forest,131.1,dry,0.5692,high,True
2022-08-06 23:45:00,0.1,0.19,0.49,1.28,0.5582,36.22,1482.3,68.3,0.276,forest,196.6,normal,0.1912,low,True
2022-08-07 00:15:00,1.06,2.39,4.65,9.68,0.9421,41.29,1872.6,185.9,0.011,agriculture,32.4,wet,0.3402,medium,True
2022-08-07 00:45:00,1.31,3.24,4.91,9.04,0.8406,25.99,1489.0,256.2,0.619,agriculture,195.5,wet,0.2215,low,True
2022-08-07 03:45:00,0.01,0.03,0.05,0.13,0.1975,32.74,2546.3,307.5,0.501,forest,96.9,dry,0.129,low,True
2022-08-07 08:45:00,0.17,0.31,0.54,0.9,0.1213,61.39,1829.2,116.7,2.297,agriculture,582.7,dry,0.1586,low,True
2022-08-07 09:00:00,2.85,5.23,10.92,16.77,0.5737,42.08,1082.1,183.8,0.426,agriculture,383.8,normal,0.1608,low,True
2022-08-07 10:15:00,0.55,1.11,2.75,6.2,0.8283,37.09,1141.7,223.2,0.459,urban,542.6,wet,0.2135,low,True
2022-08-07 10:45:00,33.91,75.49,98.27,116.75,0.6278,47.7,1020.0,211.9,0.199,forest,324.2,dry,0.3431,medium,True
2022-08-07 12:00:00,0.1,0.24,0.4,0.84,0.5192,35.39,1180.4,18.9,0.063,agriculture,328.9,normal,0.1575,low,True
2022-08-07 13:45:00,9.47,26.9,43.89,64.77,0.5679,49.84,1612.9,174.0,0.738,agriculture,103.9,dry,0.2547,low,True
2022-08-07 14:30:00,14.83,26.41,34.08,47.73,0.6709,17.12,1458.7,291.3,0.991,forest,397.8,normal,0.2506,low,True
2022-08-07 15:45:00,2.84,4.92,9.58,17.92,0.3133,39.17,1318.3,288.8,1.223,barren,64.4,dry,0.2364,low,True
2022-08-07 18:15:00,0.34,0.79,1.31,2.78,0.2367,15.24,1949.1,182.6,0.311,forest,123.0,dry,0.1497,low,True
2022-08-07 19:45:00,0.03,0.12,0.21,0.56,0.2148,22.62,1805.8,342.8,0.73,forest,79.4,dry,0.1494,low,True
2022-08-07 22:45:00,0.66,1.31,2.33,5.24,0.2698,24.13,652.3,297.4,0.183,forest,1055.1,dry,0.0711,low,True
2022-08-07 23:15:00,4.45,9.66,15.5,23.97,0.2962,33.16,835.6,265.4,0.175,forest,809.3,dry,0.098,low,True
2022-08-07 23:30:00,0.43,1.87,3.07,8.25,0.5682,51.19,1009.4,185.6,3.273,forest,737.3,normal,0.1805,low,True
2022-08-07 23:30:00,0.08,0.17,0.34,0.7,0.1982,32.26,1115.3,212.6,1.136,agriculture,1138.1,dry,0.0246,low,True
2022-08-07 23:30:00,0.18,0.42,0.7,1.4,0.276,29.1,1216.5,80.4,0.178,barren,341.9,dry,0.0394,low,True
2022-08-07 23:45:00,8.36,19.84,29.72,41.19,0.3802,23.86,1358.0,191.7,0.341,barren,797.8,dry,0.1269,low,True
2022-08-08 00:30:00,0.42,1.67,3.38,4.87,0.8546,48.79,1813.9,189.4,0.499,forest,130.8,wet,0.2367,low,True
2022-08-08 02:15:00,0.17,0.32,0.75,2.11,0.5549,27.71,925.6,73.0,0.008,agriculture,180.0,normal,0.1168,low,True
2022-08-08 04:30:00,60.37,110.32,129.05,144.01,0.7966,19.7,1141.3,342.4,1.921,urban,230.2,normal,0.7958,critical,True
2022-08-08 07:45:00,2.84,4.62,8.27,19.84,0.5809,23.97,649.7,88.1,0.069,forest,42.8,normal,0.2862,medium,True
2022-08-08 09:00:00,0.48,2.14,6.49,9.99,0.2206,24.81,1047.2,37.5,1.02,agriculture,619.4,dry,0.0454,low,True
2022-08-08 09:45:00,0.94,2.94,4.31,8.59,0.3095,30.32,1475.3,168.1,2.236,barren,54.4,dry,0.2674,low,True
2022-08-08 10:30:00,0.01,0.02,0.07,0.11,0.4388,23.76,1061.7,247.0,0.731,agriculture,572.7,normal,0.0847,low,True
2022-08-08 11:45:00,0.87,3.5,6.6,11.62,0.5333,32.34,980.9,70.3,2.041,forest,904.0,normal,0.1711,low,True
2022-08-08 14:45:00,0.08,0.3,0.55,1.24,0.7795,36.07,1292.5,65.8,0.012,forest,303.6,wet,0.1514,low,True
2022-08-08 16:00:00,5.58,9.1,12.12,17.24,0.8222,32.0,1741.6,94.1,0.263,agriculture,73.5,wet,0.3349,medium,True
2022-08-08 17:15:00,0.05,0.17,0.28,0.56,0.5312,40.21,1049.2,109.0,0.388,urban,210.9,normal,0.1687,low,True
2022-08-08 19:00:00,3.25,5.25,10.78,15.75,0.5177,21.21,2213.1,88.6,0.917,forest,62.3,normal,0.2589,low,True
2022-08-08 21:45:00,78.4,106.54,138.65,164.31,0.5721,44.78,1092.2,169.5,0.638,urban,54.4,dry,0.8361,critical,True
2022-08-09 00:00:00,8.05,15.18,19.16,27.5,0.381,34.34,1350.1,6.6,0.799,forest,503.8,dry,0.1314,low,True
2022-08-09 01:00:00,0.41,0.79,1.65,2.46,0.7607,46.23,2294.7,31.5,0.094,forest,184.8,wet,0.1697,low,True
2022-08-09 08:45:00,0.43,1.67,4.06,8.92,0.1855,44.79,1944.6,262.6,1.118,forest,10.0,dry,0.2405,low,True
2022-08-09 12:15:00,0.94,2.55,3.7,8.56,0.9178,26.9,1516.6,148.4,1.036,agriculture,27.4,wet,0.3046,medium,True
2022-08-09 18:45:00,20.21,32.11,61.46,110.96,0.9237,20.7,1822.9,129.7,0.879,forest,605.8,normal,0.3581,medium,True
2022-08-09 20:15:00,0.04,0.07,0.1,0.23,0.4642,24.6,839.7,3.8,1.022,forest,348.4,normal,0.0857,low,True
2022-08-09 21:30:00,37.37,68.86,86.24,145.32,0.5017,30.78,2683.9,107.4,0.144,barren,661.4,dry,0.5282,high,True
2022-08-09 22:30:00,2.25,3.88,5.91,10.85,0.523,49.32,871.1,295.6,0.091,urban,121.9,normal,0.2242,low,True
2022-08-09 22:30:00,0.06,0.19,0.37,0.9,0.5227,56.34,1725.1,122.5,1.353,forest,142.1,normal,0.1752,low,True
2022-08-10 01:00:00,8.21,18.15,39.4,70.37,0.811,27.28,2273.8,346.9,1.888,forest,345.8,normal,0.3144,medium,True
2022-08-10 06:45:00,0.33,1.23,1.82,4.56,0.1854,25.21,1757.8,140.4,0.331,barren,392.9,dry,0.0461,low,True
2022-08-10 07:15:00,0.22,0.53,0.82,2.06,0.2446,39.42,1569.2,167.1,0.355,agriculture,19.4,dry,0.1761,low,True
2022-08-10 07:45:00,0.49,1.03,3.38,6.02,0.482,31.49,2275.3,288.7,0.811,forest,842.1,normal,0.0431,low,True
2022-08-10 07:45:00,4.58,11.36,14.25,21.97,0.6278,24.5,1972.2,353.9,0.41,urban,571.8,normal,0.1816,low,True
2022-08-10 11:00:00,0.64,1.77,2.9,7.6,0.5227,26.59,1307.8,133.8,0.226,forest,59.5,normal,0.1758,low,True
2022-08-10 11:15:00,21.17,68.35,86.26,135.07,0.8914,30.22,2525.5,43.2,0.127,agriculture,13.6,normal,0.6476,high,True
2022-08-10 11:30:00,0.46,1.43,2.53,5.37,0.6637,32.63,1153.3,188.3,0.014,forest,523.1,normal,0.1207,low,True
2022-08-10 13:00:00,0.32,1.14,3.02,7.21,0.4675,44.73,2575.3,213.0,0.532,agriculture,826.1,normal,0.1094,low,True
2022-08-10 13:15:00,2.55,4.84,10.12,17.63,0.2592,35.15,1955.9,345.4,0.092,forest,146.1,dry,0.2049,low,True
2022-08-10 15:30:00,7.49,14.97,23.05,37.47,0.667,26.46,1363.9,149.0,1.173,agriculture,145.4,normal,0.2767,low,True
2022-08-10 15:30:00,0.38,1.63,2.58,4.24,0.1984,24.32,987.3,32.7,2.44,urban,263.0,dry,0.123,low,True
2022-08-10 16:15:00,0.27,0.7,1.23,1.84,0.2176,33.31,1696.0,234.3,0.367,agriculture,402.9,dry,0.0484,low,True
2022-08-10 19:15:00,13.42,28.04,43.02,68.67,0.5737,35.13,1229.4,7.6,0.074,agriculture,375.1,dry,0.2302,low,True
2022-08-10 19:15:00,0.91,1.87,3.32,5.74,0.8059,65.0,1664.7,153.2,0.525,forest,498.9,wet,0.1934,low,True
2022-08-10 20:15:00,5.46,9.99,15.01,23.42,0.3164,39.43,2058.1,147.5,0.512,urban,52.4,dry,0.2176,low,True
2022-08-10 20:30:00,54.55,79.4,112.53,141.43,0.5323,32.49,2130.4,91.7,0.086,urban,266.8,dry,0.7002,high,True
2022-08-10 21:00:00,6.87,17.18,36.24,64.67,0.7605,19.32,2433.2,347.2,0.625,barren,257.1,normal,0.3898,medium,True
2022-08-10 22:45:00,19.08,32.76,57.56,87.01,0.4946,13.89,985.0,145.2,0.228,agriculture,1057.5,dry,0.1828,low,True
2022-08-11 00:15:00,0.52,1.4,3.52,7.15,0.8581,32.9,1744.8,322.1,1.121,urban,886.4,wet,0.2018,low,True
2022-08-11 03:00:00,0.1,0.25,0.39,1.11,0.5982,25.97,751.6,185.4,0.532,forest,495.7,normal,0.1004,low,True
2022-08-11 04:45:00,0.32,0.71,1.2,2.22,0.8055,28.64,1602.4,295.4,0.34,agriculture,743.2,wet,0.2011,low,True
2022-08-11 05:30:00,0.02,0.05,0.15,0.47,0.18,25.59,667.6,162.5,1.983,agriculture,489.1,dry,0.0931,low,True
2022-08-11 06:45:00,1.06,2.62,4.73,15.3,0.2451,34.39,2871.1,357.0,0.405,agriculture,456.1,dry,0.0605,low,True
2022-08-11 11:15:00,0.91,2.88,7.42,11.88,0.6557,46.2,2376.9,230.4,1.31,barren,95.0,normal,0.2408,low,True
2022-08-11 12:45:00,0.09,0.23,0.58,1.48,0.5038,39.01,674.9,56.1,0.184,agriculture,346.1,normal,0.1811,low,True
2022-08-11 12:45:00,0.29,0.5,0.84,2.69,0.1423,17.94,1223.4,2.3,0.35,forest,877.2,dry,0.0,low,True
2022-08-11 13:30:00,13.5,36.09,45.71,72.05,0.8652,26.57,2034.0,334.4,0.053,forest,495.4,normal,0.3021,medium,True
2022-08-11 16:00:00,0.19,0.68,2.0,6.42,0.8363,26.02,1740.5,247.2,0.33,forest,334.9,wet,0.1656,low,True
2022-08-11 16:30:00,71.44,86.98,109.92,127.99,0.6157,39.62,1611.5,38.3,1.349,agriculture,114.5,dry,0.6499,high,True
2022-08-11 16:45:00,4.01,8.57,14.64,34.45,0.6592,22.37,1750.9,267.7,1.061,forest,407.3,normal,0.2245,low,True
2022-08-11 17:00:00,58.98,86.85,125.96,148.32,0.5315,33.23,2111.9,81.8,2.231,forest,159.2,dry,0.5447,high,True
2022-08-11 17:15:00,9.99,17.55,22.7,41.44,0.9486,27.48,2806.0,291.3,0.831,agriculture,33.6,wet,0.4055,medium,True
2022-08-11 19:00:00,0.11,0.38,0.92,2.66,0.4751,27.04,920.4,219.6,0.19,barren,105.8,normal,0.169,low,True
2022-08-11 20:30:00,3.74,8.42,18.66,24.96,0.2633,29.64,1477.1,44.5,0.105,urban,182.6,dry,0.1118,low,True
2022-08-11 22:15:00,0.12,0.3,0.77,2.27,0.505,22.44,520.7,25.5,0.119,urban,2006.4,normal,0.099,low,True
2022-08-11 22:15:00,11.25,19.87,25.12,42.54,0.99,32.79,1569.1,167.8,0.65,barren,509.7,wet,0.3718,medium,True
2022-08-12 00:15:00,104.32,119.77,136.25,182.25,0.7984,34.8,2584.9,337.3,0.289,forest,124.8,normal,0.7638,critical,True
2022-08-12 01:15:00,0.14,0.48,0.94,1.75,0.591,27.39,1884.1,203.3,0.321,barren,513.0,normal,0.0706,low,True
2022-08-12 01:30:00,6.3,18.77,25.67,40.11,0.7814,19.98,2063.1,273.3,1.182,forest,164.9,normal,0.2445,low,True
2022-08-12 04:15:00,0.04,0.07,0.12,0.36,0.5662,45.41,1708.9,169.0,0.778,barren,337.7,normal,0.153,low,True
2022-08-12 04:30:00,0.81,1.71,3.05,7.39,0.2104,37.34,1169.2,138.3,0.141,agriculture,516.4,dry,0.0393,low,True
2022-08-12 04:30:00,2.61,7.46,16.79,38.18,0.3328,25.86,679.1,296.0,0.113,barren,482.6,dry,0.1087,low,True
2022-08-12 06:45:00,9.68,32.09,40.35,72.89,0.8499,48.35,2470.6,166.8,1.035,forest,62.8,normal,0.3293,medium,True
2022-08-12 08:15:00,10.15,24.36,30.83,48.81,0.809,25.34,1331.5,51.0,1.842,forest,621.1,normal,0.2413,low,True
2022-08-12 09:30:00,0.11,0.19,0.37,1.1,0.2889,29.49,1491.1,98.8,0.123,agriculture,907.1,dry,0.0621,low,True
2022-08-12 10:45:00,0.33,0.57,1.04,1.57,0.8733,52.12,422.8,202.1,1.819,forest,103.0,wet,0.2804,medium,True
2022-08-12 14:30:00,24.1,60.03,99.92,134.62,0.9464,36.11,1212.1,144.9,0.337,urban,149.9,normal,0.6168,high,True
2022-08-12 15:15:00,28.53,65.96,85.96,101.32,0.906,32.36,1679.1,131.9,1.417,agriculture,984.3,normal,0.5288,high,True
2022-08-12 15:15:00,9.19,14.23,24.01,36.39,0.3446,65.0,1804.9,240.8,0.834,agriculture,1450.3,dry,0.2012,low,True
2022-08-12 16:30:00,0.04,0.16,0.26,0.4,0.5758,49.25,2565.1,229.1,1.413,urban,221.5,normal,0.1774,low,True
2022-08-12 17:15:00,0.81,1.4,2.11,4.54,0.4636,35.64,1448.6,113.0,0.622,agriculture,22.3,normal,0.2266,low,True
2022-08-12 17:15:00,6.17,12.84,20.24,36.23,0.7459,17.75,1536.0,129.4,0.102,forest,955.5,normal,0.1731,low,True
2022-08-12 17:45:00,0.47,2.08,4.2,6.21,0.2079,33.65,2513.0,270.7,0.037,forest,19.0,dry,0.1923,low,True
2022-08-12 22:30:00,0.03,0.13,0.36,0.52,0.5188,37.23,2304.1,331.7,0.592,agriculture,150.3,normal,0.2004,low,True
2022-08-12 23:45:00,0.03,0.1,0.15,0.27,0.7515,19.52,755.3,116.7,0.036,barren,42.9,wet,0.2383,low,True
2022-08-13 05:15:00,13.1,40.26,61.21,109.92,0.867,42.04,2469.1,105.1,0.162,barren,260.9,normal,0.548,high,True
2022-08-13 06:30:00,0.01,0.02,0.03,0.06,0.2481,36.0,637.1,95.5,0.139,urban,23.4,dry,0.1161,low,True
2022-08-13 08:45:00,0.07,0.27,0.47,0.81,0.8218,31.98,1882.4,50.9,0.334,forest,99.4,wet,0.2364,low,True
2022-08-13 11:30:00,10.16,17.37,30.89,46.23,0.4635,28.61,2051.4,135.8,0.546,forest,224.9,dry,0.2532,low,True
2022-08-13 12:15:00,0.51,1.51,2.51,4.15,0.2489,32.68,1712.4,185.8,1.453,forest,37.0,dry,0.1555,low,True
2022-08-13 13:30:00,0.11,0.45,1.5,3.81,0.2153,40.85,1374.7,193.5,1.651,barren,239.2,dry,0.1525,low,True
2022-08-13 16:00:00,0.1,0.39,0.61,1.42,0.2208,15.34,1331.4,248.8,2.423,forest,117.8,dry,0.1078,low,True
2022-08-13 18:45:00,0.66,1.32,1.89,3.87,0.4609,29.89,300.0,18.9,0.866,forest,118.7,normal,0.1874,low,True
2022-08-13 22:00:00,0.25,1.15,2.0,5.11,0.2665,20.1,1690.8,202.1,1.525,agriculture,977.8,dry,0.0276,low,True
2022-08-13 23:00:00,0.03,0.11,0.2,0.43,0.8143,37.54,1619.5,91.8,0.938,forest,420.2,wet,0.1824,low,True
2022-08-13 23:15:00,22.07,36.66,62.63,89.9,0.8314,38.13,2503.2,86.1,1.449,barren,938.2,normal,0.4501,medium,True
2022-08-13 23:45:00,1.3,2.36,7.13,11.47,0.5046,35.02,1436.8,284.3,0.066,agriculture,310.1,normal,0.1776,low,True
2022-08-14 02:45:00,0.01,0.03,0.1,0.25,0.4914,34.59,1284.0,55.3,1.955,forest,842.0,normal,0.1189,low,True
2022-08-14 03:00:00,0.42,0.7,1.41,2.58,0.438,48.81,1292.4,118.5,0.16,forest,645.8,normal,0.1283,low,True
2022-08-14 03:15:00,7.84,12.12,20.96,38.45,0.6847,12.82,1096.4,229.5,0.504,barren,2158.7,normal,0.1815,low,True
2022-08-14 04:15:00,0.11,0.2,0.3,0.68,0.8559,26.08,1327.0,231.4,0.436,forest,254.8,wet,0.2676,low,True
2022-08-14 08:15:00,0.06,0.16,0.4,0.61,0.8214,51.45,981.8,17.3,0.499,forest,426.9,wet,0.158,low,True
2022-08-14 08:45:00,0.43,0.78,1.75,2.7,0.4586,41.3,1968.1,26.1,0.726,forest,71.3,normal,0.1414,low,True
2022-08-14 09:00:00,0.48,0.91,1.79,4.29,0.5416,47.07,1839.3,235.9,0.465,forest,991.7,normal,0.1164,low,True
2022-08-14 09:30:00,3.0,7.97,13.1,18.06,0.8901,39.28,727.6,343.1,0.7,barren,188.1,wet,0.346,medium,True
2022-08-14 10:30:00,6.28,16.92,23.35,40.41,0.6937,20.49,1656.7,359.5,0.459,forest,879.6,normal,0.131,low,True
2022-08-14 11:15:00,0.83,3.91,7.25,13.06,0.229,45.29,2268.4,355.4,0.007,urban,47.2,dry,0.217,low,True
2022-08-14 13:45:00,0.8,1.45,2.2,3.79,0.2008,40.62,2234.6,126.6,0.592,forest,263.4,dry,0.129,low,True
2022-08-14 14:15:00,0.65,1.12,2.27,4.68,0.81,23.7,976.3,87.1,0.486,urban,10.5,wet,0.2933,medium,True
2022-08-14 16:45:00,11.19,24.89,36.06,53.73,0.4562,40.82,2399.5,35.5,0.529,barren,198.3,dry,0.3142,medium,True
2022-08-14 17:30:00,0.33,1.04,1.94,3.98,0.8263,36.26,1282.3,117.3,0.001,agriculture,40.4,wet,0.2932,medium,True
2022-08-14 20:15:00,0.28,0.47,0.69,1.23,0.2984,33.41,1612.9,99.7,0.38,agriculture,218.7,dry,0.1869,low,True
2022-08-14 21:15:00,3.93,10.68,26.62,53.3,0.8287,40.93,1388.9,207.6,1.248,forest,294.0,normal,0.3255,medium,True
2022-08-14 21:45:00,15.24,26.88,36.71,50.97,0.7624,25.86,878.1,132.8,0.243,agriculture,679.3,normal,0.2599,low,True
2022-08-15 00:30:00,0.02,0.08,0.19,0.37,0.2445,38.76,1132.1,83.4,0.353,forest,132.6,dry,0.1489,low,True
2022-08-15 00:45:00,71.66,105.06,138.29,188.69,0.8213,28.37,2347.0,220.5,0.078,forest,302.8,normal,0.7794,critical,True
2022-08-15 04:00:00,72.48,119.71,153.37,184.99,0.7908,28.56,2363.3,116.3,0.359,barren,34.1,normal,0.8225,critical,True
2022-08-15 04:45:00,0.12,0.32,0.74,1.53,0.6015,41.99,2008.5,127.3,0.302,forest,866.7,normal,0.1317,low,True
2022-08-15 05:00:00,0.06,0.16,0.45,0.73,0.4987,31.84,1464.8,215.4,1.288,barren,220.3,normal,0.2142,low,True
2022-08-15 05:00:00,0.19,0.42,0.7,1.45,0.24,25.44,2680.7,42.6,0.022,forest,111.9,dry,0.1959,low,True
2022-08-15 09:00:00,0.37,0.95,1.5,3.58,0.5154,35.92,2193.0,278.7,1.812,agriculture,227.8,normal,0.233,low,True
2022-08-15 09:45:00,4.56,13.49,17.51,27.48,0.3865,20.66,1529.8,347.6,0.515,urban,239.9,dry,0.1665,low,True
2022-08-15 14:00:00,82.25,114.78,141.01,160.74,0.9647,36.34,427.3,176.7,0.453,agriculture,485.9,normal,0.8416,critical,True
2022-08-15 14:45:00,0.04,0.08,0.12,0.3,0.7676,34.19,2116.8,201.5,1.304,agriculture,1295.2,wet,0.1496,low,True
2022-08-15 15:45:00,32.51,56.37,73.47,117.95,0.8817,30.94,2344.9,138.5,0.127,barren,82.1,normal,0.6859,high,True
2022-08-15 16:00:00,11.19,18.59,23.72,36.45,0.6636,45.91,1857.2,344.4,0.141,urban,29.6,normal,0.3302,medium,True
2022-08-15 16:30:00,0.02,0.07,0.13,0.41,0.5024,41.55,453.9,47.9,1.245,forest,383.2,normal,0.2414,low,True
2022-08-15 16:45:00,1.69,5.01,12.37,22.37,0.2534,41.52,1718.9,292.9,1.591,agriculture,765.7,dry,0.1621,low,True
2022-08-15 18:00:00,0.63,1.53,4.14,6.25,0.5214,34.07,2905.6,234.2,1.091,forest,301.4,normal,0.1804,low,True
2022-08-15 18:30:00,0.7,2.33,3.8,6.04,0.8051,38.52,1507.8,284.9,0.025,forest,39.1,wet,0.2533,low,True
2022-08-15 20:30:00,0.05,0.09,0.28,0.94,0.2659,27.4,2778.2,342.2,0.633,forest,201.7,dry,0.1725,low,True
2022-08-15 21:15:00,10.29,32.26,40.85,61.75,0.99,33.66,2021.3,178.6,0.36,forest,382.2,wet,0.2838,medium,True
2022-08-15 23:00:00,2.14,4.21,10.05,19.26,0.5946,29.48,1628.4,103.8,0.99,agriculture,149.1,normal,0.1677,low,True
2022-08-16 00:00:00,2.74,4.99,9.6,16.66,0.3352,31.73,2441.7,280.6,0.103,urban,662.3,dry,0.0672,low,True
2022-08-16 02:15:00,0.0,0.01,0.03,0.07,0.541,37.31,1235.1,304.0,1.518,barren,99.1,normal,0.2936,medium,True
2022-08-16 02:30:00,8.42,16.84,22.35,50.86,0.822,17.28,858.2,247.1,0.245,agriculture,168.7,normal,0.2363,low,True
2022-08-16 02:45:00,10.96,16.89,28.92,40.11,0.4497,34.07,870.6,305.6,0.234,forest,878.7,dry,0.1163,low,True
2022-08-16 07:00:00,7.74,13.95,21.58,40.17,0.99,30.8,1724.6,262.9,0.118,forest,308.3,wet,0.3455,medium,True
2022-08-16 09:00:00,62.41,96.35,133.05,190.67,0.99,51.29,1867.5,344.7,0.004,forest,12.2,wet,0.8802,critical,True
2022-08-16 11:30:00,2.26,7.01,14.04,21.0,0.8954,38.58,1190.7,205.4,0.225,agriculture,107.9,wet,0.2808,medium,True
2022-08-16 11:45:00,0.09,0.19,0.63,1.25,0.8086,24.18,2331.7,137.0,0.096,forest,499.9,wet,0.2002,low,True
2022-08-16 12:00:00,70.33,94.42,112.55,124.67,0.99,31.64,1653.0,245.0,0.804,agriculture,28.7,wet,0.876,critical,True
2022-08-16 12:45:00,0.06,0.12,0.24,0.5,0.7831,17.38,2097.7,24.9,0.848,urban,1749.5,wet,0.1722,low,True
2022-08-16 19:45:00,0.27,0.53,1.2,3.54,0.2365,33.57,1191.0,179.4,1.056,barren,808.7,dry,0.0819,low,True
2022-08-16 21:45:00,0.06,0.31,0.89,1.88,0.4338,60.61,1490.8,278.4,0.003,barren,98.7,normal,0.1096,low,True
2022-08-16 22:15:00,0.09,0.34,0.58,1.41,0.1209,36.98,540.7,60.8,0.26,agriculture,800.5,dry,0.06,low,True
2022-08-17 00:00:00,5.41,13.05,19.64,43.36,0.611,26.37,1431.3,144.1,0.003,forest,430.8,normal,0.2326,low,True
2022-08-17 02:30:00,0.69,1.65,2.41,3.9,0.7517,32.56,1735.3,126.1,0.425,forest,203.9,wet,0.1585,low,True
2022-08-17 03:15:00,0.12,0.38,1.05,2.49,0.1969,16.05,1263.7,120.6,1.438,barren,86.4,dry,0.2247,low,True
2022-08-17 04:00:00,0.41,0.7,1.87,5.33,0.5188,27.15,1563.6,234.2,0.314,agriculture,88.2,normal,0.1942,low,True
2022-08-17 05:15:00,0.7,1.96,3.8,10.6,0.5061,41.96,1743.4,179.1,1.241,agriculture,325.6,normal,0.1472,low,True
2022-08-17 06:45:00,0.9,1.84,2.72,4.84,0.1786,43.93,1279.1,287.0,1.769,forest,198.3,dry,0.1509,low,True
2022-08-17 07:00:00,3.92,7.48,12.49,22.04,0.2552,65.0,1441.3,20.8,0.163,agriculture,326.5,dry,0.2221,low,True
2022-08-17 09:15:00,0.03,0.13,0.41,0.63,0.5143,41.1,1161.4,163.4,0.006,forest,150.3,normal,0.138,low,True
2022-08-17 10:00:00,0.56,1.78,3.0,8.79,0.2281,32.78,1035.2,5.0,0.807,forest,101.5,dry,0.1673,low,True
2022-08-17 11:00:00,1.22,2.19,6.21,9.01,0.5529,30.07,2337.7,79.5,0.519,forest,643.9,normal,0.1153,low,True
2022-08-17 11:30:00,5.02,10.61,14.64,23.06,0.5982,42.41,742.0,279.1,0.256,forest,894.2,normal,0.1682,low,True
2022-08-17 18:15:00,20.72,38.59,56.45,99.92,0.8276,27.89,2112.3,38.2,0.275,forest,437.6,normal,0.3561,medium,True
2022-08-17 21:15:00,12.69,20.01,29.35,50.19,0.4575,31.9,781.3,38.0,0.051,forest,71.7,dry,0.24,low,True
2022-08-17 21:45:00,0.13,0.33,0.76,1.95,0.5237,65.0,2506.9,144.5,1.229,barren,43.9,normal,0.2674,low,True
2022-08-17 21:45:00,8.35,13.37,18.44,30.98,0.4161,26.68,1945.2,279.7,0.166,agriculture,281.1,dry,0.1569,low,True
2022-08-18 03:15:00,0.08,0.27,0.42,0.78,0.8356,18.97,1375.8,229.7,0.061,agriculture,289.8,wet,0.1724,low,True
2022-08-18 03:15:00,0.36,0.86,1.79,2.66,0.594,42.74,2166.4,281.4,0.907,agriculture,366.8,normal,0.1792,low,True
2022-08-18 06:45:00,0.17,0.42,1.07,2.45,0.7722,24.35,2252.3,17.8,0.398,urban,838.2,wet,0.1519,low,True
2022-08-18 07:45:00,2.53,4.46,9.92,22.07,0.5579,36.45,1947.3,202.9,0.864,forest,374.2,normal,0.167,low,True
2022-08-18 09:15:00,8.61,20.54,37.28,50.55,0.99,56.53,1884.4,163.2,1.393,forest,877.5,wet,0.3461,medium,True
2022-08-18 11:45:00,114.32,134.29,145.54,174.8,0.8851,37.33,1734.3,322.6,0.289,agriculture,53.8,normal,0.9107,critical,True
2022-08-18 14:45:00,0.25,0.5,0.9,1.93,0.1775,26.07,2450.0,265.4,0.034,forest,442.3,dry,0.1116,low,True
2022-08-18 16:00:00,86.82,126.58,147.65,180.47,0.9078,23.42,1585.1,152.8,0.175,agriculture,928.2,normal,0.7367,high,True
2022-08-18 16:30:00,3.83,10.59,13.57,20.9,0.2436,19.49,1672.0,199.4,0.031,agriculture,227.5,dry,0.1187,low,True
2022-08-18 17:00:00,0.36,0.82,2.05,3.48,0.7616,31.61,2117.4,152.9,0.097,urban,1209.5,wet,0.0874,low,True
2022-08-18 18:00:00,23.68,38.78,59.7,85.38,0.8533,21.37,1409.0,158.8,1.134,urban,291.4,normal,0.5198,medium,True
2022-08-18 18:45:00,0.62,2.76,4.7,8.25,0.9388,26.58,2260.0,228.3,1.702,urban,1012.5,wet,0.2076,low,True
2022-08-18 21:00:00,0.06,0.17,0.26,0.5,0.8305,16.86,2135.2,78.0,0.678,forest,493.1,wet,0.175,low,True
2022-08-18 22:30:00,0.22,0.47,0.77,1.45,0.2378,41.39,3307.6,119.9,0.79,barren,224.2,dry,0.1533,low,True
2022-08-19 00:30:00,110.37,156.31,169.46,214.64,0.8062,29.13,1526.0,100.5,0.789,forest,22.2,normal,0.8591,critical,True
2022-08-19 02:15:00,0.18,0.49,0.8,1.64,0.1895,65.0,1959.1,288.3,0.079,agriculture,384.9,dry,0.1089,low,True
2022-08-19 03:15:00,5.33,9.3,14.27,33.88,0.3876,39.68,1880.2,339.1,0.029,barren,112.7,dry,0.1789,low,True
2022-08-19 04:00:00,0.14,0.25,0.56,1.0,0.1179,23.22,2086.1,149.1,0.719,forest,129.2,dry,0.0795,low,True
2022-08-19 05:15:00,6.08,13.34,24.8,33.45,0.9548,37.94,1557.5,27.8,0.023,agriculture,17.0,wet,0.3833,medium,True
2022-08-19 07:30:00,6.31,10.47,18.47,35.48,0.7464,35.99,1878.8,33.7,1.002,forest,295.5,normal,0.2644,low,True
2022-08-19 09:00:00,0.08,0.29,0.58,1.53,0.5689,60.57,1687.2,143.9,0.537,forest,129.5,normal,0.1737,low,True
2022-08-19 09:30:00,0.56,1.57,4.18,7.19,0.3435,34.0,2116.0,142.2,0.072,urban,1423.7,dry,0.0436,low,True
2022-08-19 11:30:00,20.8,48.29,94.02,128.96,0.8346,37.57,447.0,52.6,0.646,forest,493.8,normal,0.3904,medium,True
2022-08-19 11:45:00,4.21,12.7,22.31,37.42,0.6152,35.55,1456.9,290.6,0.559,forest,164.8,normal,0.2093,low,True
2022-08-19 12:00:00,1.21,3.1,4.72,7.22,0.5165,22.11,2872.8,180.0,0.283,forest,132.1,normal,0.172,low,True
2022-08-19 14:30:00,21.74,39.17,80.07,126.21,0.5571,23.98,2524.5,39.3,1.021,barren,449.3,dry,0.4642,medium,True
2022-08-19 16:45:00,3.57,11.44,21.14,50.61,0.7957,21.48,1782.0,35.5,0.218,forest,112.7,normal,0.2077,low,True
2022-08-19 20:15:00,0.13,0.45,0.71,2.04,0.521,23.86,1955.3,160.5,0.285,forest,218.0,normal,0.199,low,True
2022-08-20 05:30:00,0.71,1.23,2.24,6.47,0.2565,26.28,1911.9,42.1,0.716,urban,71.2,dry,0.1107,low,True
2022-08-20 07:15:00,0.08,0.24,0.74,1.1,0.7867,29.22,1978.4,202.0,0.837,forest,112.6,wet,0.2347,low,True
2022-08-20 09:45:00,2.2,5.3,9.09,21.16,0.2894,29.1,1074.1,138.6,0.192,forest,46.2,dry,0.1755,low,True
2022-08-20 11:30:00,5.74,11.28,18.07,28.49,0.6064,38.13,1200.7,331.1,0.01,barren,205.0,normal,0.2801,medium,True
2022-08-20 14:45:00,0.05,0.1,0.19,0.58,0.138,34.47,1209.5,150.8,0.116,agriculture,925.0,dry,0.0409,low,True
2022-08-20 14:45:00,4.47,11.81,28.93,43.89,0.3967,23.46,1333.2,221.2,0.183,barren,47.2,dry,0.2066,low,True
2022-08-20 15:00:00,3.59,6.16,9.28,19.94,0.9184,36.35,2544.4,292.1,1.412,forest,211.3,wet,0.3349,medium,True
2022-08-20 15:30:00,0.18,0.46,1.19,3.2,0.8456,34.51,900.2,109.0,1.344,urban,134.0,wet,0.2847,medium,True
2022-08-20 17:45:00,88.91,124.01,136.78,161.06,0.8689,37.33,2778.3,184.3,0.649,urban,167.8,normal,0.8286,critical,True
2022-08-20 18:30:00,24.36,38.34,79.13,108.35,0.99,29.72,1843.1,43.5,0.741,forest,526.7,wet,0.5468,high,True
2022-08-20 19:45:00,0.06,0.29,0.58,1.16,0.7849,22.05,899.8,155.8,0.583,forest,209.9,wet,0.1835,low,True
2022-08-20 21:00:00,1.51,4.76,7.9,18.86,0.6698,32.13,1258.1,135.3,0.906,urban,377.8,normal,0.1671,low,True
2022-08-20 22:00:00,51.05,79.74,107.83,156.97,0.99,41.57,1863.1,154.1,0.26,agriculture,1263.9,wet,0.7741,critical,True
2022-08-20 23:00:00,0.38,0.79,1.74,2.55,0.5035,43.76,824.6,38.7,0.475,agriculture,345.4,normal,0.1313,low,True
2022-08-21 00:00:00,0.93,1.62,2.43,3.9,0.5577,29.91,1391.0,143.4,0.666,agriculture,154.0,normal,0.1731,low,True
2022-08-21 02:30:00,0.11,0.31,0.56,0.9,0.8817,33.25,917.8,313.3,0.379,barren,187.4,wet,0.2659,low,True
2022-08-21 06:00:00,0.13,0.25,0.51,1.47,0.2498,52.24,1981.3,337.3,0.889,barren,426.7,dry,0.1606,low,True
2022-08-21 07:30:00,0.24,0.52,1.09,1.77,0.8496,47.84,927.3,87.0,1.618,forest,424.8,wet,0.1941,low,True
2022-08-21 10:15:00,0.06,0.22,0.64,1.16,0.1902,38.24,695.2,108.2,0.654,forest,170.7,dry,0.1766,low,True
2022-08-21 11:15:00,0.13,0.22,0.55,0.8,0.8865,28.85,2478.5,3.4,0.047,barren,461.2,wet,0.163,low,True
2022-08-21 13:15:00,4.9,8.97,16.76,28.3,0.7113,36.43,1417.0,41.6,0.565,barren,289.9,normal,0.1853,low,True
2022-08-21 14:00:00,0.33,0.69,1.48,2.51,0.5205,27.27,1364.2,124.2,0.715,agriculture,1386.6,normal,0.107,low,True
2022-08-21 15:45:00,0.24,0.61,0.87,2.04,0.2116,29.86,1882.8,246.6,0.2,urban,845.4,dry,0.045,low,True
2022-08-21 16:00:00,0.57,1.0,1.63,3.35,0.8558,48.65,1583.4,105.2,0.233,barren,617.8,wet,0.2102,low,True
2022-08-21 16:00:00,43.86,93.2,108.15,131.81,0.5537,29.94,1106.4,27.1,0.543,forest,22.2,dry,0.4874,medium,True
2022-08-21 18:30:00,5.67,9.75,14.56,21.22,0.7036,26.71,1233.6,263.1,0.737,barren,177.6,normal,0.2397,low,True
2022-08-21 21:15:00,2.39,4.08,8.9,16.58,0.653,42.87,2031.1,168.0,1.231,forest,308.1,normal,0.1832,low,True
2022-08-22 01:15:00,0.17,0.7,1.6,2.89,0.1937,33.28,1021.5,186.9,0.863,forest,268.1,dry,0.1291,low,True
2022-08-22 05:15:00,1.03,2.12,3.52,6.66,0.8243,26.41,1578.3,117.4,0.086,forest,514.7,wet,0.1507,low,True
2022-08-22 08:00:00,0.11,0.27,0.72,1.17,0.1484,39.62,2600.7,220.7,0.257,barren,849.2,dry,0.0897,low,True
2022-08-22 10:00:00,12.55,39.18,77.97,99.67,0.932,34.39,1421.5,320.7,0.097,urban,551.5,normal,0.5548,high,True
2022-08-22 10:45:00,0.37,0.98,1.9,3.42,0.552,21.64,2339.5,199.4,0.849,forest,97.1,normal,0.2141,low,True
2022-08-22 12:30:00,28.95,44.55,94.66,113.52,0.4787,38.07,994.1,211.5,0.186,forest,242.7,dry,0.2748,low,True
2022-08-22 15:15:00,6.42,15.22,32.98,53.88,0.447,17.7,1710.7,134.5,0.079,agriculture,185.1,dry,0.2157,low,True
2022-08-22 19:15:00,39.24,59.54,99.49,155.28,0.7793,15.85,2347.6,29.7,0.061,barren,518.7,normal,0.5496,high,True
2022-08-22 21:45:00,9.81,25.87,36.29,55.17,0.99,34.1,1257.6,154.3,0.073,barren,799.2,wet,0.3199,medium,True
2022-08-22 21:45:00,0.1,0.31,0.53,0.92,0.1806,48.14,2750.3,332.9,0.17,agriculture,128.3,dry,0.1472,low,True
2022-08-22 22:00:00,73.18,103.99,137.33,181.09,0.5335,31.34,1567.7,244.9,0.915,agriculture,244.9,dry,0.6947,high,True
2022-08-22 22:00:00,0.13,0.29,0.42,0.66,0.8714,33.3,902.4,176.5,0.163,forest,470.8,wet,0.1997,low,True
2022-08-23 00:30:00,0.19,0.33,0.6,1.0,0.2197,23.37,2202.4,223.5,0.198,forest,27.9,dry,0.2166,low,True
2022-08-23 02:15:00,18.22,31.77,63.35,81.11,0.8637,27.1,2551.1,201.1,1.276,forest,1164.6,normal,0.2956,medium,True
2022-08-23 03:00:00,0.08,0.24,0.57,1.71,0.4911,20.04,851.8,328.5,0.35,urban,573.2,normal,0.1063,low,True
2022-08-23 05:45:00,8.57,18.71,26.42,43.61,0.4168,20.87,1864.9,80.6,0.427,forest,283.9,dry,0.1268,low,True
2022-08-23 11:45:00,4.01,7.81,17.11,29.37,0.6735,51.95,1196.3,319.9,0.002,agriculture,537.8,normal,0.2171,low,True
2022-08-23 13:00:00,0.19,0.66,1.4,2.47,0.8915,65.0,987.1,247.8,0.051,forest,643.5,wet,0.1651,low,True
2022-08-23 19:45:00,7.69,17.6,28.24,49.1,0.756,26.61,1070.8,46.0,0.81,agriculture,248.3,normal,0.1749,low,True
2022-08-23 20:00:00,0.26,0.65,1.64,2.74,0.4912,18.48,1726.1,133.9,0.243,forest,213.0,normal,0.1408,low,True
2022-08-23 21:15:00,0.05,0.12,0.18,0.4,0.5164,28.42,2376.1,157.1,0.097,forest,646.4,normal,0.1306,low,True
2022-08-23 23:45:00,0.71,1.75,3.76,5.42,0.5328,32.12,1563.4,29.9,0.336,forest,697.3,normal,0.1756,low,True
2022-08-24 00:30:00,15.57,41.02,71.02,91.45,0.692,43.8,1852.0,199.5,0.028,barren,56.2,dry,0.402,medium,True
2022-08-24 01:15:00,109.91,149.83,185.73,201.54,0.8393,63.11,1267.6,93.4,0.741,forest,844.5,normal,0.8217,critical,True
2022-08-24 02:00:00,91.39,128.81,153.33,170.43,0.8596,38.43,1524.2,164.9,0.05,barren,123.4,normal,0.8417,critical,True
2022-08-24 02:15:00,0.29,0.76,2.2,3.85,0.2583,49.9,1079.1,158.0,0.034,agriculture,395.0,dry,0.1528,low,True
2022-08-24 02:45:00,0.62,1.2,1.95,6.17,0.8452,46.05,513.7,187.8,0.327,agriculture,442.4,wet,0.2123,low,True
2022-08-24 07:00:00,5.23,12.58,28.7,50.99,0.99,51.34,1292.9,304.6,0.531,agriculture,124.8,wet,0.4413,medium,True
2022-08-24 11:15:00,2.35,7.24,17.35,27.92,0.9474,25.56,2277.6,281.1,0.866,urban,136.9,wet,0.3819,medium,True
2022-08-24 11:30:00,2.07,3.73,6.03,14.91,0.2581,24.27,300.0,314.3,0.044,forest,438.8,dry,0.0857,low,True
2022-08-24 12:30:00,0.08,0.2,0.4,0.89,0.8299,17.99,2260.8,206.0,0.245,forest,77.4,wet,0.3354,medium,True
2022-08-24 13:00:00,65.85,101.37,133.46,178.46,0.8679,21.81,1797.2,221.7,0.188,urban,694.2,normal,0.8069,critical,True
2022-08-24 13:45:00,0.35,0.8,2.11,3.6,0.8553,24.35,1516.9,155.0,0.817,forest,98.3,wet,0.2347,low,True
2022-08-24 14:30:00,0.52,0.95,2.4,4.37,0.8007,50.62,1284.8,258.2,0.277,barren,161.4,wet,0.2203,low,True
2022-08-24 17:00:00,7.04,12.26,24.99,44.56,0.99,39.66,1887.4,73.8,0.593,forest,118.6,wet,0.3586,medium,True
2022-08-24 22:30:00,0.2,0.46,1.21,2.67,0.8825,29.12,2439.1,171.1,0.403,agriculture,108.5,wet,0.2426,low,True
2022-08-24 23:15:00,113.57,145.24,170.22,198.86,0.4683,18.25,1754.8,257.1,0.506,forest,1359.9,dry,0.5013,medium,True
2022-08-24 23:45:00,0.31,0.59,0.86,1.33,0.5103,34.72,1473.7,280.0,0.273,urban,112.2,normal,0.18,low,True
2022-08-25 05:15:00,0.61,1.19,1.95,3.74,0.1811,21.03,3219.4,89.3,0.164,agriculture,312.2,dry,0.0725,low,True
2022-08-25 06:30:00,0.08,0.25,0.46,1.36,0.5514,44.89,1651.7,65.4,0.037,forest,488.8,normal,0.1433,low,True
2022-08-25 08:00:00,15.14,29.55,49.39,58.97,0.99,52.52,617.0,103.9,0.114,forest,25.0,wet,0.473,medium,True
2022-08-25 09:45:00,81.68,123.03,135.75,190.15,0.5196,33.9,1796.7,331.3,0.114,forest,756.7,dry,0.5059,medium,True
2022-08-25 11:30:00,8.73,18.97,27.93,49.01,0.7215,18.97,1247.0,46.5,1.639,barren,68.1,normal,0.3712,medium,True
2022-08-25 19:45:00,0.06,0.22,0.59,1.44,0.5959,23.54,1388.2,343.1,1.662,forest,320.4,normal,0.1278,low,True
2022-08-25 20:45:00,0.32,0.63,0.95,2.19,0.2041,28.24,2367.1,358.1,0.177,forest,368.7,dry,0.1191,low,True
2022-08-25 22:30:00,0.15,0.63,1.96,3.38,0.2201,30.49,2126.7,282.0,0.067,agriculture,357.6,dry,0.0729,low,True
2022-08-25 23:00:00,0.75,1.26,2.55,3.81,0.2403,25.06,542.8,273.8,0.199,forest,472.8,dry,0.0895,low,True
2022-08-25 23:15:00,27.97,48.49,72.09,109.18,0.5025,41.34,562.4,343.2,0.955,forest,947.0,dry,0.2348,low,True
2022-08-26 00:15:00,14.34,45.3,75.84,119.05,0.8983,18.33,1684.6,104.6,1.228,forest,925.5,normal,0.2829,medium,True
2022-08-26 03:30:00,0.09,0.35,0.82,1.32,0.45,17.59,2183.5,46.4,0.417,barren,312.0,normal,0.1165,low,True
2022-08-26 04:15:00,0.35,0.7,1.01,1.46,0.2461,17.76,300.0,296.3,0.466,urban,171.7,dry,0.051,low,True
2022-08-26 05:30:00,4.89,11.83,14.8,25.15,0.8945,31.46,2187.8,61.5,0.368,forest,145.8,wet,0.2759,low,True
2022-08-26 05:30:00,18.42,36.29,50.91,71.0,0.8497,37.25,3079.6,16.3,0.121,barren,772.2,normal,0.4609,medium,True
2022-08-26 06:30:00,0.38,1.21,2.56,6.73,0.5878,49.83,2311.8,70.7,0.031,forest,681.4,normal,0.2143,low,True
2022-08-26 12:15:00,0.12,0.43,0.73,1.96,0.1759,36.23,1124.1,157.6,0.583,forest,132.8,dry,0.1229,low,True
2022-08-26 14:45:00,0.78,2.11,3.22,6.53,0.5228,19.19,1985.2,178.2,0.962,agriculture,67.9,normal,0.1942,low,True
2022-08-26 19:45:00,15.58,30.31,44.37,57.12,0.7622,21.68,1739.8,22.5,0.83,forest,701.0,normal,0.2824,medium,True
2022-08-26 22:30:00,0.4,0.73,2.03,3.77,0.5401,39.36,2669.1,159.6,1.383,agriculture,338.1,normal,0.2133,low,True
2022-08-27 04:45:00,0.02,0.07,0.17,0.37,0.4469,30.37,2281.2,217.6,1.008,urban,141.5,normal,0.1755,low,True
2022-08-27 11:30:00,26.54,45.68,68.04,112.36,0.5255,26.76,1060.6,335.5,0.203,urban,340.1,dry,0.4932,medium,True
2022-08-27 13:00:00,3.29,6.76,10.93,16.75,0.8991,35.24,1952.3,81.8,0.075,forest,34.0,wet,0.2974,medium,True
2022-08-27 18:00:00,0.01,0.02,0.03,0.09,0.5999,33.59,1107.8,75.9,0.338,forest,83.8,normal,0.2103,low,True
2022-08-27 18:30:00,11.9,22.1,39.46,54.2,0.7836,35.84,2222.9,140.2,0.257,urban,286.2,normal,0.3653,medium,True
2022-08-27 19:15:00,95.74,129.98,155.67,176.84,0.99,25.79,1447.7,354.1,0.782,forest,281.2,wet,0.8532,critical,True
2022-08-27 21:30:00,2.22,6.88,13.59,26.75,0.6216,29.07,1576.3,121.0,0.042,agriculture,109.1,normal,0.1557,low,True
2022-08-27 23:00:00,13.0,24.95,32.35,49.52,0.8484,51.48,1701.7,15.8,1.719,forest,1417.8,normal,0.2461,low,True
2022-08-28 00:30:00,7.5,13.72,23.89,50.51,0.7985,30.63,1269.3,95.6,1.89,forest,196.1,normal,0.28,low,True
2022-08-28 01:45:00,0.17,0.48,0.68,1.04,0.151,26.15,1663.9,201.0,0.055,forest,441.5,dry,0.1392,low,True
2022-08-28 07:00:00,0.31,0.55,0.87,2.07,0.7108,47.48,1875.3,148.5,0.341,barren,114.7,wet,0.2501,low,True
2022-08-28 08:00:00,0.12,0.59,1.21,3.66,0.4586,47.11,1431.3,278.7,1.376,urban,203.4,normal,0.1965,low,True
2022-08-28 11:45:00,6.35,10.16,15.59,22.04,0.6185,42.47,1731.6,218.6,0.124,forest,632.7,normal,0.2107,low,True
2022-08-28 13:15:00,10.34,22.55,47.15,69.38,0.99,28.89,1153.6,201.4,0.707,barren,670.7,wet,0.433,medium,True
2022-08-28 15:00:00,1.07,2.03,3.68,5.32,0.5375,36.37,861.6,116.3,0.745,forest,60.9,normal,0.2043,low,True
2022-08-28 20:30:00,0.03,0.1,0.15,0.3,0.5885,35.41,1579.5,198.7,0.16,forest,163.3,normal,0.2059,low,True
2022-08-28 20:45:00,0.05,0.14,0.31,0.44,0.8102,42.12,2210.5,221.6,0.004,barren,89.5,wet,0.2771,low,True
2022-08-29 06:15:00,46.81,78.04,100.02,123.96,0.557,40.93,2190.9,64.5,0.655,agriculture,783.4,dry,0.4538,medium,True
2022-08-29 07:00:00,15.24,29.83,63.89,109.34,0.5403,13.21,2153.2,264.9,0.576,forest,500.7,dry,0.2309,low,True
2022-08-29 15:15:00,0.06,0.15,0.35,0.56,0.2202,31.08,2205.9,141.5,0.629,forest,300.0,dry,0.1824,low,True
2022-08-29 15:30:00,7.54,17.33,21.86,31.08,0.9885,47.65,1710.5,267.2,0.102,urban,377.5,wet,0.3429,medium,True
2022-08-29 16:45:00,49.27,74.0,104.22,118.34,0.5527,17.44,1271.0,64.0,0.555,barren,869.3,dry,0.4957,medium,True
2022-08-29 19:00:00,3.23,8.47,15.02,36.11,0.6218,30.52,1443.4,236.3,0.468,barren,136.5,normal,0.2625,low,True
2022-08-29 19:00:00,1.04,2.34,4.71,11.31,0.2069,15.24,1527.4,9.7,0.361,forest,14.8,dry,0.2165,low,True
2022-08-29 21:15:00,5.41,9.36,14.96,30.26,0.6793,38.4,1205.2,57.2,0.9,barren,19.3,normal,0.2998,medium,True
2022-08-29 22:45:00,6.6,17.79,22.62,38.66,0.6497,31.47,1955.8,320.8,0.295,forest,26.7,normal,0.2642,low,True
2022-08-29 23:45:00,0.06,0.28,0.88,2.71,0.801,16.96,1232.8,166.1,0.261,urban,58.1,wet,0.2327,low,True
2022-08-30 03:15:00,5.07,11.36,19.59,40.03,0.6093,21.85,490.2,182.8,0.467,forest,306.1,normal,0.192,low,True
2022-08-30 03:30:00,0.08,0.23,0.56,0.89,0.5513,40.86,2235.2,326.7,1.732,forest,1398.8,normal,0.145,low,True
2022-08-30 05:15:00,5.99,13.9,25.59,54.26,0.99,44.7,1906.2,174.6,0.253,forest,200.6,wet,0.3827,medium,True
2022-08-30 05:30:00,0.79,1.63,4.26,7.21,0.4309,17.22,564.8,235.7,0.354,barren,446.2,normal,0.1263,low,True
2022-08-30 06:45:00,0.09,0.17,0.39,0.85,0.8375,16.93,1211.2,79.9,0.186,barren,559.9,wet,0.1625,low,True
2022-08-30 07:30:00,19.01,33.4,52.76,72.26,0.7797,39.64,1542.2,29.4,0.683,forest,575.8,normal,0.2663,low,True
2022-08-30 08:45:00,6.7,10.69,18.06,26.02,0.5717,20.82,1598.1,127.2,0.272,agriculture,215.0,normal,0.1841,low,True
2022-08-30 14:30:00,0.33,0.57,0.91,1.37,0.8471,41.27,2862.9,287.5,0.708,barren,289.4,wet,0.2399,low,True
2022-08-30 14:45:00,4.78,10.84,17.0,24.81,0.5934,28.73,1024.5,160.9,0.094,forest,149.5,normal,0.2072,low,True
2022-08-30 15:00:00,0.54,1.66,3.07,4.78,0.3139,33.05,987.3,60.5,0.184,barren,417.5,dry,0.1027,low,True
2022-08-30 15:00:00,0.42,0.99,1.99,4.3,0.1527,30.14,2362.9,196.2,0.139,urban,178.9,dry,0.1374,low,True
2022-08-30 16:15:00,5.68,12.62,21.3,36.47,0.99,15.16,1490.0,95.0,0.901,forest,140.4,wet,0.309,medium,True
2022-08-30 16:30:00,2.36,5.49,10.43,15.98,0.8296,24.24,2304.0,340.8,0.056,forest,355.4,wet,0.1226,low,True
2022-08-30 17:30:00,84.14,107.8,137.56,153.94,0.8327,24.74,1440.5,207.9,0.174,forest,156.1,normal,0.7504,critical,True
2022-08-30 17:30:00,9.62,19.99,28.17,43.69,0.9682,35.44,2331.2,353.9,0.425,forest,193.5,wet,0.3097,medium,True
2022-08-30 20:45:00,5.86,10.18,13.0,24.34,0.6752,36.28,1433.5,15.5,0.055,agriculture,444.3,normal,0.1892,low,True
2022-08-30 22:00:00,94.41,134.3,147.62,205.15,0.9264,36.63,1525.0,4.2,0.007,barren,681.9,normal,0.8113,critical,True
2022-08-30 22:30:00,0.04,0.09,0.19,0.62,0.4825,18.91,977.7,171.8,0.705,agriculture,209.7,normal,0.1919,low,True
2022-08-30 23:00:00,0.28,0.91,2.47,6.62,0.5192,37.15,2636.8,310.3,0.57,forest,268.5,normal,0.177,low,True
2022-08-31 01:15:00,0.45,1.17,2.59,7.31,0.4604,28.42,1147.7,188.8,0.005,agriculture,490.2,normal,0.0484,low,True
2022-08-31 02:30:00,0.6,1.6,5.13,8.64,0.3013,44.0,833.7,315.4,0.03,agriculture,99.2,dry,0.2069,low,True
2022-08-31 03:45:00,0.6,1.26,2.03,4.07,0.1715,25.32,2572.1,47.0,0.149,urban,197.7,dry,0.1345,low,True
2022-08-31 05:45:00,5.22,14.69,23.19,50.05,0.986,46.41,1995.3,251.8,1.42,forest,594.0,wet,0.3698,medium,True
2022-08-31 06:30:00,0.09,0.28,0.46,1.03,0.8046,14.84,2550.7,237.6,0.635,agriculture,797.1,wet,0.1561,low,True
2022-08-31 08:30:00,2.6,4.64,9.06,15.03,0.5505,36.41,1172.1,196.2,0.981,urban,372.4,normal,0.1905,low,True
2022-08-31 08:45:00,23.14,54.35,68.82,100.24,0.99,41.31,1963.1,145.8,0.855,agriculture,185.0,wet,0.6394,high,True
2022-08-31 09:30:00,0.53,1.44,2.37,4.77,0.5155,59.08,2440.1,232.9,2.446,forest,335.9,normal,0.2352,low,True
2022-08-31 17:30:00,6.62,13.77,28.63,45.8,0.99,26.05,914.5,198.0,1.799,forest,79.0,wet,0.3504,medium,True
2022-08-31 17:30:00,18.29,34.11,47.69,63.86,0.5271,29.9,1796.0,98.1,0.042,barren,20.4,dry,0.2913,medium,True
2022-08-31 23:15:00,0.02,0.07,0.16,0.31,0.563,25.12,1328.1,37.7,0.014,forest,37.1,normal,0.2393,low,True
2022-08-31 23:15:00,0.71,1.34,4.39,6.85,0.4152,17.55,1364.1,139.2,0.412,urban,50.1,normal,0.1705,low,True
2022-08-31 23:30:00,3.73,9.5,14.23,33.18,0.3826,52.61,1107.3,184.5,0.19,barren,99.5,dry,0.2512,low,True
2022-09-01 01:15:00,0.14,0.29,0.65,1.0,0.5715,51.57,1855.7,183.1,0.421,forest,226.8,normal,0.1905,low,True
2022-09-01 05:30:00,1.31,2.62,3.84,9.83,0.8662,33.3,1457.5,153.2,0.057,agriculture,102.5,wet,0.2882,medium,True
2022-09-01 09:00:00,7.38,13.56,30.54,48.62,0.8056,26.94,1044.7,117.8,1.437,forest,317.8,normal,0.2199,low,True
2022-09-01 11:30:00,0.22,0.55,1.49,3.23,0.8515,19.81,2452.0,126.2,0.893,forest,2242.0,wet,0.2073,low,True
2022-09-01 13:00:00,0.02,0.04,0.11,0.22,0.516,22.9,1630.9,95.7,0.482,barren,251.3,normal,0.2153,low,True
2022-09-01 14:15:00,0.43,1.12,2.35,6.54,0.4628,37.27,659.7,208.8,0.375,agriculture,504.9,normal,0.1371,low,True
2022-09-01 15:00:00,4.75,13.84,19.58,31.09,0.582,48.06,1189.0,306.0,0.379,forest,131.1,normal,0.2181,low,True
2022-09-01 17:30:00,0.65,1.43,2.9,4.53,0.1654,27.61,711.8,316.7,0.575,barren,1162.8,dry,0.0481,low,True
2022-09-01 19:00:00,0.87,2.7,5.05,8.3,0.5931,23.3,1224.2,357.7,0.473,forest,110.3,normal,0.1884,low,True
2022-09-01 19:00:00,0.05,0.2,0.62,1.31,0.4961,29.09,1811.2,32.0,0.395,agriculture,327.8,normal,0.1153,low,True
2022-09-01 19:45:00,0.92,2.24,4.56,9.37,0.8586,19.46,1971.5,77.1,0.682,agriculture,1443.0,wet,0.1331,low,True
2022-09-01 21:30:00,75.01,93.03,112.74,126.11,0.8657,31.47,2107.1,262.9,0.869,forest,588.0,normal,0.622,high,True
2022-09-01 22:15:00,0.02,0.08,0.21,0.32,0.4889,34.1,1225.8,232.3,0.618,urban,1701.4,normal,0.1246,low,True
2022-09-01 22:15:00,0.26,0.84,2.08,3.8,0.2157,24.27,1386.3,48.2,0.298,agriculture,177.2,dry,0.1033,low,True
2022-09-01 22:30:00,0.31,0.72,1.07,1.75,0.8637,32.41,1863.9,227.2,0.321,agriculture,38.3,wet,0.2469,low,True
2022-09-02 01:15:00,0.11,0.3,0.88,1.4,0.4846,38.64,2117.6,146.3,0.062,agriculture,107.7,normal,0.1831,low,True
2022-09-02 01:30:00,3.77,7.39,11.19,25.02,0.9394,36.6,1515.9,344.5,0.321,forest,1116.3,wet,0.2013,low,True
2022-09-02 03:45:00,6.98,22.06,27.77,54.13,0.7365,36.25,1985.2,307.9,0.924,forest,172.0,normal,0.1981,low,True
2022-09-02 04:00:00,0.33,1.49,3.36,7.83,0.534,32.9,1263.9,26.4,0.041,agriculture,56.6,normal,0.2325,low,True
2022-09-02 07:45:00,0.35,1.21,2.04,4.01,0.5771,24.97,310.5,32.4,0.116,urban,324.7,normal,0.1054,low,True
2022-09-02 11:45:00,4.65,7.77,14.19,25.49,0.6276,33.74,2143.7,150.1,1.109,barren,252.9,normal,0.2489,low,True
2022-09-02 12:15:00,4.59,12.25,17.15,32.67,0.6336,34.41,1938.1,3.0,0.504,forest,32.6,normal,0.2852,medium,True
2022-09-02 13:15:00,22.72,39.29,54.32,82.03,0.9028,29.44,1541.6,34.0,0.667,forest,221.1,normal,0.3285,medium,True
2022-09-02 15:15:00,3.92,6.52,9.52,19.63,0.6631,18.48,1704.9,335.7,0.233,forest,360.7,normal,0.2453,low,True
2022-09-02 16:15:00,3.21,6.24,9.93,18.11,0.99,25.49,2293.9,285.3,0.403,forest,102.7,wet,0.2178,low,True
2022-09-02 20:15:00,0.15,0.33,0.81,1.68,0.2229,16.61,1594.9,242.2,0.86,agriculture,56.5,dry,0.1587,low,True
2022-09-02 23:45:00,1.74,3.1,5.91,15.84,0.5347,28.16,300.0,298.9,1.253,agriculture,710.3,normal,0.2106,low,True
2022-09-03 01:45:00,0.34,0.72,1.06,2.75,0.1792,46.62,381.8,90.0,2.195,forest,353.7,dry,0.1159,low,True
2022-09-03 04:15:00,1.45,3.07,7.11,18.36,0.2747,55.19,2403.2,261.2,1.142,agriculture,69.1,dry,0.2686,low,True
2022-09-03 07:30:00,0.7,2.1,3.95,6.96,0.566,47.96,1956.0,221.6,0.042,barren,357.1,normal,0.186,low,True
2022-09-03 08:00:00,0.04,0.12,0.19,0.41,0.1552,33.27,2281.6,305.5,0.252,forest,475.1,dry,0.0808,low,True
2022-09-03 08:30:00,7.72,24.33,35.25,47.05,0.7638,33.43,2491.8,101.8,0.829,barren,328.5,normal,0.2809,medium,True
2022-09-03 09:15:00,0.29,0.57,0.98,1.44,0.1521,35.96,2457.1,274.9,0.325,forest,53.2,dry,0.1986,low,True
2022-09-03 15:15:00,0.92,2.29,5.02,13.64,0.5575,22.83,754.4,307.0,0.344,agriculture,56.6,normal,0.2282,low,True
2022-09-03 15:30:00,0.56,1.14,3.54,5.99,0.186,25.19,1478.9,197.6,0.949,barren,26.2,dry,0.1643,low,True
2022-09-03 16:00:00,0.28,0.6,1.03,2.15,0.1826,38.44,1068.9,149.0,1.075,agriculture,103.3,dry,0.1408,low,True
2022-09-03 16:45:00,0.34,0.92,2.34,6.71,0.8955,30.99,1698.0,341.5,0.94,urban,31.5,wet,0.2374,low,True
2022-09-03 17:00:00,0.95,2.6,7.05,10.5,0.4795,31.08,787.1,60.8,0.263,forest,582.7,normal,0.1656,low,True
2022-09-03 21:15:00,9.33,21.51,29.18,56.65,0.99,16.15,1625.8,13.1,0.155,agriculture,15.4,wet,0.3852,medium,True
2022-09-03 23:45:00,6.01,12.24,25.55,39.73,0.4083,54.23,566.5,64.5,0.267,agriculture,314.5,dry,0.1683,low,True
2022-09-04 03:00:00,86.71,121.03,159.37,170.19,0.99,19.02,1391.7,246.0,0.725,agriculture,590.9,wet,0.7755,critical,True
2022-09-04 04:45:00,0.04,0.08,0.21,0.31,0.5339,49.36,2475.0,284.0,0.272,barren,798.4,normal,0.1025,low,True
2022-09-04 05:30:00,0.01,0.03,0.08,0.21,0.2013,23.84,1190.7,258.1,0.034,barren,194.3,dry,0.0866,low,True
2022-09-04 05:45:00,0.28,0.9,2.16,3.84,0.4679,49.72,1184.4,151.2,0.968,barren,349.5,normal,0.2217,low,True
2022-09-04 10:30:00,0.17,0.29,0.54,0.97,0.6484,43.1,1675.5,348.3,0.039,forest,1066.8,normal,0.0918,low,True
2022-09-04 11:15:00,4.31,9.24,17.44,38.04,0.6424,30.94,1709.2,159.9,3.333,forest,399.7,normal,0.2324,low,True
2022-09-04 12:00:00,0.02,0.04,0.12,0.27,0.5688,30.75,1788.3,353.3,1.186,agriculture,819.7,normal,0.1751,low,True
2022-09-04 13:15:00,14.64,27.06,53.6,66.89,0.7755,37.52,1123.0,330.5,1.879,agriculture,413.5,normal,0.4251,medium,True
2022-09-04 14:15:00,83.59,106.23,127.31,164.65,0.9716,65.0,1239.2,146.6,1.075,urban,34.6,normal,0.8996,critical,True
2022-09-04 15:45:00,20.15,34.97,43.83,70.66,0.7899,35.5,1641.0,58.0,0.064,forest,86.7,normal,0.3378,medium,True
2022-09-04 15:45:00,0.05,0.16,0.31,0.61,0.776,48.27,2190.1,32.3,0.326,forest,997.3,wet,0.1072,low,True
2022-09-04 16:00:00,3.99,9.99,19.36,36.64,0.5933,47.84,1161.8,191.3,1.431,agriculture,660.9,normal,0.1737,low,True
2022-09-04 17:15:00,3.84,12.47,17.43,34.93,0.6452,45.3,1481.7,274.8,0.057,barren,202.3,normal,0.2644,low,True
2022-09-04 19:00:00,30.73,50.26,99.21,130.54,0.866,36.49,438.8,63.4,0.219,urban,71.5,normal,0.6922,high,True
2022-09-04 23:30:00,8.63,14.03,21.71,47.06,0.99,17.81,1338.2,114.6,0.378,forest,69.8,wet,0.4071,medium,True
2022-09-05 00:45:00,0.46,0.84,1.49,3.21,0.5829,39.05,1720.9,227.0,0.359,forest,833.3,normal,0.1696,low,True
2022-09-05 02:15:00,0.46,2.23,6.41,13.89,0.2709,19.28,2122.2,165.9,1.728,forest,73.6,dry,0.1595,low,True
2022-09-05 02:15:00,1.21,2.94,4.29,6.72,0.5557,24.35,1128.3,217.4,0.302,forest,180.9,normal,0.1286,low,True
2022-09-05 04:45:00,0.38,1.12,2.98,4.54,0.5236,25.48,1703.0,243.5,0.164,urban,818.7,normal,0.1149,low,True
2022-09-05 09:00:00,6.12,12.84,17.42,24.39,0.5873,35.3,1763.0,137.1,0.353,forest,21.9,normal,0.2594,low,True
2022-09-05 09:00:00,18.55,34.16,66.16,80.09,0.9526,36.87,524.8,282.9,0.303,forest,358.7,normal,0.3784,medium,True
2022-09-05 09:45:00,4.91,15.94,24.11,41.02,0.7231,26.83,845.8,253.0,0.586,forest,161.1,normal,0.2308,low,True
2022-09-05 10:45:00,6.51,13.03,20.68,36.31,0.9772,14.52,1901.5,247.5,3.084,forest,49.9,wet,0.3794,medium,True
2022-09-05 16:00:00,3.19,10.47,13.49,18.5,0.5296,36.44,1636.3,53.8,0.481,barren,303.4,normal,0.1799,low,True
2022-09-05 18:15:00,76.93,117.58,135.97,177.93,0.8868,27.35,1657.0,170.7,0.372,forest,242.2,normal,0.7722,critical,True
2022-09-05 18:15:00,4.31,7.87,11.22,23.69,0.6085,22.05,1042.3,207.8,0.541,forest,46.6,normal,0.2972,medium,True
2022-09-05 20:00:00,8.8,16.54,22.93,50.36,0.4796,41.78,731.2,81.5,2.341,urban,118.8,dry,0.305,medium,True
2022-09-05 21:30:00,5.06,14.18,17.81,25.81,0.9289,48.22,1887.3,273.1,0.588,forest,482.0,wet,0.2657,low,True
2022-09-05 21:30:00,2.39,6.4,14.06,30.19,0.7102,49.17,1700.4,43.6,0.079,barren,503.5,normal,0.1586,low,True
2022-09-05 22:45:00,7.08,20.08,26.29,36.92,0.7683,21.83,435.7,53.9,1.463,forest,329.6,normal,0.2626,low,True
2022-09-06 02:00:00,2.35,3.97,8.45,17.05,0.8703,44.73,1540.7,148.8,0.536,agriculture,51.0,wet,0.2904,medium,True
2022-09-06 02:30:00,1.29,2.81,7.17,20.12,0.315,38.06,2668.6,48.7,0.103,forest,681.3,dry,0.1461,low,True
2022-09-06 04:00:00,23.43,36.12,63.83,117.34,0.99,46.81,1959.8,4.2,0.157,forest,76.4,wet,0.5919,high,True
2022-09-06 04:30:00,40.55,65.54,79.27,130.3,0.99,22.05,1062.8,148.1,0.077,agriculture,456.7,wet,0.7141,high,True
2022-09-06 05:30:00,3.83,10.79,14.88,28.75,0.9153,17.38,1700.1,233.5,1.943,forest,25.2,wet,0.3262,medium,True
2022-09-06 05:45:00,1.95,5.71,9.49,18.87,0.2869,32.98,1476.5,178.2,0.044,agriculture,151.1,dry,0.0859,low,True
2022-09-06 12:45:00,0.21,0.42,0.67,1.26,0.4515,65.0,2587.8,18.8,0.867,forest,237.8,normal,0.1649,low,True
2022-09-06 14:45:00,0.24,1.15,2.23,4.33,0.2077,24.27,924.7,83.7,0.247,agriculture,19.9,dry,0.1643,low,True
2022-09-06 17:30:00,0.42,0.89,1.76,3.27,0.4973,15.4,2379.7,188.8,0.051,urban,75.9,normal,0.1526,low,True
2022-09-06 18:00:00,0.04,0.1,0.19,0.62,0.6202,53.97,883.8,265.7,0.341,forest,144.4,normal,0.267,low,True
2022-09-06 19:30:00,0.05,0.18,0.53,1.0,0.1715,39.6,1800.3,285.8,0.0,forest,1426.1,dry,0.1279,low,True
2022-09-06 19:30:00,0.91,2.63,5.03,8.64,0.6393,32.26,1987.1,187.0,1.02,barren,539.1,normal,0.1496,low,True
2022-09-06 20:30:00,0.09,0.18,0.48,0.75,0.4638,30.01,2292.3,232.6,0.468,agriculture,652.9,normal,0.1162,low,True
2022-09-06 21:30:00,0.94,1.65,2.38,5.65,0.8408,21.18,2061.0,325.2,0.361,forest,395.4,wet,0.1336,low,True
2022-09-06 21:45:00,3.4,7.5,9.55,22.25,0.6216,47.21,685.4,23.5,1.06,agriculture,131.1,normal,0.2442,low,True
2022-09-06 22:45:00,7.4,15.18,21.62,34.48,0.7324,25.56,1600.7,35.7,0.44,forest,442.6,normal,0.2407,low,True
2022-09-06 23:15:00,13.14,31.6,46.8,59.08,0.8486,19.88,1906.7,164.8,0.543,forest,402.0,normal,0.2368,low,True
2022-09-07 03:30:00,0.09,0.42,0.81,2.55,0.9036,34.01,2251.8,219.5,1.012,urban,339.5,wet,0.2175,low,True
2022-09-07 05:00:00,0.06,0.2,0.61,0.97,0.516,40.28,921.7,1.7,0.765,barren,134.0,normal,0.1235,low,True
2022-09-07 07:00:00,0.31,0.9,2.56,3.69,0.5684,44.95,1036.5,162.9,0.646,agriculture,116.9,normal,0.1972,low,True
2022-09-07 14:30:00,3.85,10.53,14.51,29.95,0.3158,29.33,721.9,62.2,0.731,forest,153.5,dry,0.0891,low,True
2022-09-07 15:00:00,0.18,0.48,0.75,1.1,0.4722,46.23,1599.8,232.2,0.183,forest,141.1,normal,0.1322,low,True
2022-09-07 18:30:00,4.58,10.74,22.21,42.3,0.99,32.46,1762.3,96.4,0.075,barren,38.4,wet,0.4704,medium,True
2022-09-07 19:30:00,0.1,0.2,0.37,0.89,0.8303,45.01,1812.7,324.7,0.585,forest,577.3,wet,0.1778,low,True
2022-09-07 19:30:00,71.49,120.42,139.57,195.16,0.6198,33.12,1440.5,23.0,0.152,forest,171.3,dry,0.6336,high,True
2022-09-07 20:15:00,0.92,2.36,3.72,5.32,0.5234,23.99,1532.1,291.3,0.029,forest,439.2,normal,0.1073,low,True
2022-09-07 21:00:00,44.97,93.79,125.41,177.31,0.5556,48.34,1536.8,141.2,0.176,agriculture,124.9,dry,0.5955,high,True
2022-09-07 23:45:00,0.12,0.28,0.86,2.6,0.7524,19.54,1460.4,308.6,0.764,forest,332.5,wet,0.2016,low,True
2022-09-08 05:30:00,0.67,1.36,3.07,4.49,0.5868,28.01,498.9,293.4,0.739,forest,22.4,normal,0.2516,low,True
2022-09-08 06:00:00,18.27,45.01,67.08,126.71,0.99,21.02,1026.0,86.1,1.401,barren,49.2,wet,0.6341,high,True
2022-09-08 06:00:00,9.96,23.97,40.17,69.51,0.7619,47.28,1922.6,18.2,0.675,agriculture,168.7,normal,0.3219,medium,True
2022-09-08 10:30:00,0.07,0.27,0.79,2.21,0.8954,16.5,1333.3,250.4,0.348,forest,119.5,wet,0.2004,low,True
2022-09-08 11:15:00,77.73,106.77,136.69,181.35,0.99,53.13,1299.5,73.6,0.181,barren,162.6,wet,0.9186,critical,True
2022-09-08 15:00:00,4.87,9.3,14.88,24.09,0.3161,32.35,2359.8,335.0,0.852,forest,944.2,dry,0.1627,low,True
2022-09-08 16:30:00,2.39,8.09,12.41,17.86,0.8942,22.23,2245.2,24.2,0.319,forest,36.9,wet,0.311,medium,True
2022-09-08 17:00:00,3.21,7.07,14.43,20.02,0.99,26.88,1161.7,116.6,1.014,agriculture,227.4,wet,0.2852,medium,True
2022-09-08 18:15:00,86.49,114.31,131.47,181.11,0.9065,41.82,2494.7,4.6,1.145,forest,87.3,normal,0.8133,critical,True
2022-09-08 20:15:00,7.23,11.76,17.2,34.09,0.9803,30.16,1482.6,114.1,0.26,forest,163.9,wet,0.3198,medium,True
2022-09-08 20:15:00,7.48,12.1,15.76,37.45,0.6642,27.82,2080.0,194.9,0.253,barren,405.6,normal,0.2437,low,True
2022-09-08 21:45:00,0.17,0.81,2.09,4.64,0.8724,39.72,1579.3,235.8,1.469,urban,1273.4,wet,0.1857,low,True
2022-09-08 23:15:00,0.04,0.15,0.29,0.95,0.2104,62.41,1216.1,261.5,0.304,agriculture,425.3,dry,0.1,low,True
2022-09-09 01:00:00,0.18,0.43,0.95,2.17,0.5087,22.69,2081.1,300.0,0.736,forest,766.5,normal,0.1159,low,True
2022-09-09 01:00:00,101.72,140.15,153.46,191.81,0.5453,42.11,1058.7,39.9,0.285,forest,65.8,dry,0.6434,high,True
2022-09-09 01:00:00,4.28,6.81,17.01,27.44,0.99,39.34,1505.6,274.3,0.788,forest,80.1,wet,0.2963,medium,True
2022-09-09 02:00:00,1.02,2.41,3.66,9.46,0.8876,36.84,1598.3,100.2,0.114,forest,742.8,wet,0.2202,low,True
2022-09-09 06:45:00,0.36,0.66,0.97,1.54,0.451,30.03,1368.8,49.8,1.084,forest,337.3,normal,0.1415,low,True
2022-09-09 09:30:00,1.94,6.21,8.45,15.17,0.5366,21.7,784.2,95.6,2.45,agriculture,559.8,normal,0.1448,low,True
2022-09-09 10:00:00,7.28,11.96,23.71,35.04,0.7152,58.78,1904.0,308.9,0.871,forest,98.2,normal,0.3147,medium,True
2022-09-09 10:30:00,1.3,2.54,6.72,12.08,0.4882,37.18,2152.4,225.9,0.267,forest,160.0,normal,0.1883,low,True
2022-09-09 10:30:00,0.23,0.47,1.02,2.1,0.5304,20.92,1698.5,215.1,0.486,agriculture,39.6,normal,0.1361,low,True
2022-09-09 11:15:00,0.2,0.62,1.73,2.87,0.4685,29.74,1143.6,210.5,0.664,forest,800.8,normal,0.1629,low,True
2022-09-09 11:15:00,0.23,0.68,1.58,3.39,0.183,35.71,2900.6,147.1,0.129,urban,1106.1,dry,0.0538,low,True
2022-09-09 12:00:00,72.56,102.21,133.4,178.03,0.5586,39.39,1461.3,150.1,0.2,forest,691.9,dry,0.5202,high,True
2022-09-09 12:30:00,0.26,0.9,1.92,4.95,0.5104,17.98,1451.1,53.4,0.971,barren,211.2,normal,0.1747,low,True
2022-09-09 12:45:00,0.5,1.07,2.39,3.51,0.4294,26.4,300.0,119.7,1.743,urban,156.0,normal,0.1766,low,True
2022-09-09 13:00:00,0.05,0.26,0.53,0.8,0.7953,24.52,855.4,184.3,0.191,barren,227.4,wet,0.1647,low,True
2022-09-09 14:15:00,0.0,0.01,0.01,0.02,0.5328,55.06,2296.3,218.2,0.096,forest,365.3,normal,0.1826,low,True
2022-09-09 15:30:00,2.85,6.14,9.36,16.11,0.3011,16.71,3575.7,25.8,2.398,urban,207.7,dry,0.1676,low,True
2022-09-09 17:45:00,0.24,0.62,1.14,2.49,0.5796,14.3,2371.5,120.2,0.231,forest,201.6,normal,0.1987,low,True
2022-09-09 18:45:00,0.01,0.04,0.13,0.35,0.4474,23.1,974.8,122.2,0.904,forest,207.4,normal,0.1107,low,True
2022-09-09 21:15:00,0.15,0.71,1.77,3.7,0.5467,28.88,1885.7,185.4,0.286,forest,487.7,normal,0.1285,low,True
2022-09-09 21:15:00,0.18,0.76,1.76,4.4,0.5156,40.63,1366.7,255.6,1.786,forest,550.9,normal,0.1505,low,True
2022-09-09 22:15:00,0.58,1.0,2.88,6.53,0.5221,48.12,1385.0,228.7,0.549,forest,725.5,normal,0.2276,low,True
2022-09-09 23:45:00,0.01,0.06,0.19,0.37,0.5214,22.78,818.9,205.5,0.322,forest,107.4,normal,0.1457,low,True
2022-09-10 01:45:00,0.42,1.74,2.63,4.52,0.196,29.41,1911.7,104.9,0.118,forest,70.0,dry,0.1461,low,True
2022-09-10 07:00:00,0.42,0.8,1.25,2.59,0.4806,35.39,838.9,302.1,0.177,agriculture,158.2,normal,0.1805,low,True
2022-09-10 07:30:00,0.24,1.0,1.95,6.03,0.1925,27.67,300.0,282.7,1.167,forest,200.9,dry,0.1505,low,True
2022-09-10 08:30:00,4.94,8.84,14.27,35.13,0.3788,26.74,1354.4,66.1,0.035,agriculture,433.6,dry,0.0607,low,True
2022-09-10 08:45:00,0.12,0.3,0.64,1.33,0.2101,37.02,300.0,235.8,0.102,urban,506.5,dry,0.09,low,True
2022-09-10 12:30:00,0.72,1.33,2.28,5.36,0.2077,40.23,1115.2,326.4,0.128,forest,1460.7,dry,0.0725,low,True
2022-09-10 15:00:00,6.23,10.11,25.24,41.88,0.99,38.12,1959.8,156.8,0.044,agriculture,176.3,wet,0.3472,medium,True
2022-09-10 15:15:00,1.89,4.38,10.55,22.78,0.3067,35.4,2279.1,332.9,0.694,urban,190.3,dry,0.2131,low,True
2022-09-10 16:00:00,13.44,22.33,44.14,63.27,0.6193,32.97,1982.6,7.9,2.387,forest,283.4,dry,0.2546,low,True
2022-09-10 16:30:00,0.89,2.86,5.16,7.68,0.9123,28.15,1461.5,185.8,0.09,forest,610.8,wet,0.198,low,True
2022-09-10 16:45:00,0.25,0.73,2.24,3.99,0.4054,17.83,1273.5,92.3,0.962,barren,388.5,normal,0.0963,low,True
2022-09-10 18:15:00,0.07,0.32,0.87,1.64,0.4593,41.09,1044.1,94.4,0.117,urban,307.6,normal,0.1425,low,True
2022-09-10 18:30:00,0.19,0.56,1.02,3.36,0.4967,65.0,2491.8,315.9,2.185,agriculture,375.6,normal,0.2018,low,True
2022-09-10 22:30:00,22.93,57.69,73.15,121.54,0.9205,45.0,844.8,112.1,0.424,forest,228.6,normal,0.4782,medium,True
2022-09-11 00:00:00,0.02,0.03,0.07,0.11,0.3569,29.7,1674.5,8.4,1.128,urban,508.1,normal,0.0556,low,True
2022-09-11 01:15:00,84.46,105.21,125.29,160.91,0.4687,30.32,1956.1,194.3,0.112,forest,37.4,dry,0.6379,high,True
2022-09-11 03:15:00,4.21,11.21,18.98,38.66,0.99,30.19,408.8,349.5,1.299,forest,259.0,wet,0.2898,medium,True
2022-09-11 04:00:00,0.23,0.55,0.89,1.35,0.2604,25.01,300.0,28.5,0.051,forest,585.0,dry,0.0,low,True
2022-09-11 07:00:00,0.24,0.5,1.59,3.6,0.1811,28.45,1954.8,103.1,0.014,forest,136.1,dry,0.1944,low,True
2022-09-11 12:15:00,0.12,0.39,0.6,1.07,0.499,45.93,726.9,169.0,0.741,barren,659.0,normal,0.1445,low,True
2022-09-11 13:45:00,7.31,18.33,23.9,50.43,0.7302,55.17,1785.7,299.0,0.068,barren,544.5,normal,0.2922,medium,True
2022-09-11 16:45:00,52.42,80.05,96.89,135.52,0.9296,26.19,1074.6,96.8,1.205,barren,314.2,normal,0.7261,high,True
2022-09-11 17:45:00,0.23,0.87,2.61,4.43,0.8975,34.33,1760.6,123.7,0.583,forest,111.7,wet,0.2003,low,True
2022-09-11 18:15:00,4.13,7.41,11.13,17.65,0.8062,36.06,1841.9,138.4,0.241,agriculture,700.8,wet,0.239,low,True
2022-09-11 22:45:00,0.05,0.1,0.31,0.66,0.7776,55.17,2203.0,136.7,0.195,barren,20.6,wet,0.31,medium,True
2022-09-11 23:15:00,9.28,16.43,21.39,50.39,0.4305,41.78,1865.8,72.1,0.051,forest,324.2,dry,0.1972,low,True
2022-09-11 23:15:00,0.09,0.14,0.29,0.44,0.8363,25.65,1734.7,329.6,0.696,urban,544.0,wet,0.1412,low,True
2022-09-12 03:00:00,8.0,13.78,23.97,42.52,0.8109,44.52,2643.7,285.4,1.494,barren,242.5,normal,0.3089,medium,True
2022-09-12 04:45:00,0.26,0.48,1.26,2.76,0.1967,33.21,1013.7,351.2,0.848,agriculture,48.0,dry,0.2473,low,True
2022-09-12 08:15:00,52.66,78.22,106.0,132.31,0.8883,27.9,1631.4,133.6,0.58,forest,638.5,normal,0.513,medium,True
2022-09-12 15:00:00,0.0,0.0,0.01,0.02,0.4427,32.53,2146.3,16.3,0.076,agriculture,849.3,normal,0.0467,low,True
2022-09-12 15:00:00,7.38,13.84,21.93,41.24,0.4078,44.26,300.0,41.6,1.055,urban,300.0,dry,0.2474,low,True
2022-09-12 15:45:00,0.23,0.65,1.1,2.16,0.5532,52.42,2515.0,128.7,2.018,forest,551.5,normal,0.1913,low,True
2022-09-12 19:15:00,0.03,0.12,0.23,0.38,0.8132,40.43,1500.3,328.0,0.183,barren,340.2,wet,0.1971,low,True
2022-09-12 20:15:00,5.43,13.36,29.81,47.48,0.4605,38.23,1857.4,353.2,0.327,forest,308.1,dry,0.1726,low,True
2022-09-12 20:30:00,2.01,6.44,12.81,19.86,0.6774,35.79,1304.1,295.9,0.008,agriculture,59.1,normal,0.2121,low,True
2022-09-12 22:15:00,3.48,9.24,16.89,25.6,0.7509,33.14,1864.1,85.8,1.07,agriculture,210.9,normal,0.1569,low,True
2022-09-12 23:45:00,24.24,54.81,69.87,85.2,0.8748,36.14,1759.2,237.5,0.013,agriculture,407.5,normal,0.4009,medium,True
2022-09-13 02:30:00,7.21,13.77,19.44,30.86,0.4225,25.78,925.5,214.8,0.4,urban,222.1,dry,0.1688,low,True
2022-09-13 03:15:00,0.28,0.5,0.95,1.47,0.5853,30.82,1336.1,296.4,0.515,forest,346.6,normal,0.215,low,True
2022-09-13 06:45:00,0.17,0.44,0.66,1.22,0.6183,26.27,1901.7,183.5,0.034,forest,798.2,normal,0.1504,low,True
2022-09-13 07:30:00,0.1,0.31,0.48,1.0,0.7755,22.13,2482.4,114.5,0.116,barren,169.6,wet,0.2025,low,True
2022-09-13 10:15:00,79.3,100.35,132.65,165.6,0.99,32.95,1374.4,6.9,0.939,forest,627.1,wet,0.771,critical,True
2022-09-13 12:30:00,0.39,1.04,3.33,5.63,0.8632,19.31,825.3,286.2,0.175,agriculture,20.3,wet,0.1929,low,True
2022-09-13 13:45:00,0.09,0.16,0.38,1.18,0.2723,53.01,1811.9,190.9,0.774,forest,680.3,dry,0.1223,low,True
2022-09-13 14:15:00,1.35,2.45,3.59,6.18,0.2354,25.39,1419.4,192.3,0.83,forest,49.5,dry,0.1821,low,True
2022-09-13 17:00:00,11.1,25.78,34.42,56.98,0.7974,39.31,2081.5,344.5,0.314,agriculture,145.7,normal,0.3298,medium,True
2022-09-13 17:45:00,0.51,1.63,5.08,10.56,0.5895,21.49,1152.5,175.0,0.04,barren,262.1,normal,0.199,low,True
2022-09-13 18:00:00,103.46,146.1,186.02,218.02,0.99,35.71,783.5,113.7,0.007,forest,377.5,wet,0.7886,critical,True
2022-09-13 20:00:00,0.04,0.09,0.24,0.57,0.7382,24.58,2541.6,122.3,0.407,forest,1081.0,wet,0.1721,low,True
2022-09-13 21:00:00,8.15,18.64,31.27,47.14,0.6357,26.67,1316.0,4.2,0.044,forest,138.4,normal,0.2309,low,True
2022-09-13 23:30:00,0.34,0.66,1.66,3.46,0.1312,26.76,1056.6,44.0,0.778,forest,41.2,dry,0.1486,low,True
2022-09-14 00:30:00,4.14,11.14,17.74,37.73,0.9742,35.05,1189.6,15.8,0.288,forest,224.9,wet,0.2786,low,True
2022-09-14 01:00:00,5.71,8.89,14.43,21.9,0.312,42.18,2446.2,87.6,0.69,forest,158.2,dry,0.1937,low,True
2022-09-14 02:15:00,0.15,0.37,0.7,1.1,0.1847,21.07,2976.0,23.3,0.315,barren,330.8,dry,0.0867,low,True
2022-09-14 13:45:00,0.09,0.22,0.58,1.92,0.7406,40.15,1126.2,119.2,0.594,agriculture,906.4,wet,0.1421,low,True
2022-09-14 16:30:00,0.41,0.88,2.17,3.35,0.5003,26.02,1483.1,45.4,1.074,forest,370.9,normal,0.1835,low,True
2022-09-14 16:45:00,0.91,1.95,2.8,6.87,0.2186,47.2,1793.1,330.5,1.295,agriculture,312.0,dry,0.1878,low,True
2022-09-14 17:15:00,0.0,0.0,0.01,0.02,0.5481,31.54,482.1,337.8,0.01,urban,108.9,normal,0.1712,low,True
2022-09-14 18:15:00,0.09,0.16,0.31,0.74,0.2199,31.02,1293.5,217.2,0.622,forest,117.6,dry,0.1412,low,True
2022-09-14 19:45:00,0.02,0.05,0.1,0.17,0.495,39.21,2734.0,290.0,0.498,forest,210.5,normal,0.1334,low,True
2022-09-14 20:15:00,0.69,1.86,3.47,8.1,0.2397,33.27,1404.8,243.8,0.608,agriculture,786.7,dry,0.1585,low,True
2022-09-14 20:15:00,1.17,2.65,4.2,8.76,0.7845,37.6,2358.3,292.0,0.036,forest,313.2,wet,0.2376,low,True
2022-09-15 04:00:00,0.02,0.03,0.06,0.1,0.5153,35.66,1559.3,230.3,0.043,agriculture,248.9,normal,0.1316,low,True
2022-09-15 05:00:00,6.54,15.45,21.91,47.79,0.7855,21.75,323.3,154.9,0.412,barren,283.7,normal,0.3388,medium,True
2022-09-15 06:45:00,15.12,37.08,61.89,93.4,0.5591,34.03,2195.2,314.6,0.035,agriculture,638.1,dry,0.1921,low,True
2022-09-15 07:00:00,0.16,0.36,1.01,1.99,0.168,33.6,1391.0,157.7,0.899,agriculture,406.5,dry,0.0907,low,True
2022-09-15 08:30:00,2.44,5.08,10.48,16.13,0.624,22.25,2459.1,142.6,0.888,agriculture,928.1,normal,0.1333,low,True
2022-09-15 09:00:00,1.74,5.21,12.6,24.39,0.6522,28.03,1721.3,224.8,0.075,forest,315.1,normal,0.155,low,True
2022-09-15 12:30:00,0.84,2.42,3.53,6.02,0.2744,18.38,1603.8,337.7,0.364,forest,86.4,dry,0.1122,low,True
2022-09-15 12:45:00,0.06,0.1,0.27,0.43,0.5107,24.2,1882.6,159.2,0.542,urban,16.6,normal,0.2339,low,True
2022-09-15 19:00:00,0.3,0.78,2.0,4.17,0.8515,15.59,1827.9,207.0,1.177,urban,143.5,wet,0.291,medium,True
2022-09-15 19:00:00,0.16,0.68,2.04,3.93,0.5208,31.35,559.5,177.2,2.676,barren,32.7,normal,0.2373,low,True
2022-09-15 20:00:00,7.18,20.27,42.87,80.63,0.5693,28.88,2236.5,327.5,0.01,urban,192.9,dry,0.2615,low,True
2022-09-15 20:45:00,0.02,0.05,0.07,0.19,0.4817,27.49,1580.2,243.6,0.388,forest,82.8,normal,0.1446,low,True
2022-09-15 23:45:00,0.45,1.35,4.1,6.23,0.5322,32.28,1616.3,151.1,0.976,forest,191.7,normal,0.1941,low,True
2022-09-16 00:15:00,100.49,136.74,167.21,205.19,0.5445,33.07,1850.9,218.5,0.953,forest,188.3,dry,0.5711,high,True
2022-09-16 00:30:00,0.34,1.03,3.01,7.61,0.5728,37.41,2142.5,56.2,0.468,forest,123.2,normal,0.1706,low,True
2022-09-16 02:15:00,9.5,17.12,31.51,50.2,0.7359,40.54,2233.1,123.1,0.121,barren,380.3,normal,0.2921,medium,True
2022-09-16 02:30:00,4.73,10.46,22.92,51.92,0.99,16.0,1999.5,265.0,0.491,urban,208.9,wet,0.3892,medium,True
2022-09-16 03:15:00,0.44,1.07,3.17,5.92,0.4695,24.78,552.4,202.5,0.298,barren,793.7,normal,0.0477,low,True
2022-09-16 05:30:00,0.13,0.22,0.7,2.09,0.099,48.2,1557.4,113.1,0.316,agriculture,37.7,dry,0.1876,low,True
2022-09-16 05:45:00,7.42,17.15,26.19,41.13,0.6451,43.7,1038.4,130.4,0.239,forest,195.0,normal,0.2249,low,True
2022-09-16 06:00:00,0.39,1.75,4.65,10.38,0.2464,29.34,1707.5,291.5,0.094,forest,533.6,dry,0.0838,low,True
2022-09-16 07:30:00,0.04,0.12,0.32,0.56,0.248,15.36,1480.8,194.7,0.804,forest,248.8,dry,0.1192,low,True
2022-09-16 08:30:00,0.37,0.74,1.56,2.29,0.4701,30.72,2821.6,86.0,0.74,agriculture,1194.3,normal,0.0685,low,True
2022-09-16 11:15:00,80.6,106.72,144.96,180.87,0.99,38.2,782.1,106.9,0.47,forest,77.3,wet,0.8401,critical,True
2022-09-16 11:15:00,3.16,5.54,9.54,19.9,0.8594,52.02,1606.1,168.4,0.263,urban,142.9,wet,0.3368,medium,True
2022-09-16 12:00:00,100.26,149.49,188.01,219.15,0.5868,49.05,1667.9,274.6,1.038,barren,53.2,dry,0.8098,critical,True
2022-09-16 13:45:00,0.0,0.02,0.05,0.1,0.7854,33.31,1320.1,359.1,0.105,forest,109.2,wet,0.248,low,True
2022-09-16 17:00:00,1.85,3.71,6.25,9.12,0.238,41.29,1586.2,66.9,0.342,forest,400.7,dry,0.0964,low,True
2022-09-16 18:15:00,0.13,0.59,1.78,3.34,0.2644,36.14,2884.9,271.8,0.636,agriculture,243.6,dry,0.1574,low,True
2022-09-16 20:30:00,0.61,1.78,3.32,6.33,0.8136,61.72,1817.5,222.2,1.034,forest,71.9,wet,0.3189,medium,True
2022-09-16 22:30:00,5.55,13.37,25.42,53.54,0.99,23.79,2507.0,191.2,0.629,barren,235.3,wet,0.3831,medium,True
2022-09-16 23:45:00,23.27,37.86,69.18,99.02,0.5456,45.24,1318.0,347.9,0.075,agriculture,668.0,dry,0.3507,medium,True
2022-09-17 03:15:00,0.21,0.51,0.95,2.44,0.1719,16.24,2063.4,116.2,0.064,forest,212.8,dry,0.1098,low,True
2022-09-17 04:15:00,0.28,0.92,2.48,7.1,0.2707,21.94,1113.5,63.7,0.031,agriculture,14.7,dry,0.146,low,True
2022-09-17 06:45:00,4.3,7.29,11.03,23.14,0.6451,23.53,1076.8,315.9,0.493,forest,29.8,normal,0.2995,medium,True
2022-09-17 09:00:00,6.02,14.17,22.9,36.5,0.99,62.71,531.1,24.7,0.167,barren,211.8,wet,0.3645,medium,True
2022-09-17 10:30:00,6.61,17.27,26.41,42.5,0.5191,44.69,960.4,294.2,0.104,forest,324.8,dry,0.1629,low,True
2022-09-17 10:45:00,109.18,158.9,185.57,206.76,0.8925,27.41,1633.6,212.1,0.053,urban,771.7,normal,0.7703,critical,True
2022-09-17 11:15:00,0.29,1.2,2.2,5.38,0.1694,22.53,2527.6,59.0,0.616,agriculture,1415.3,dry,0.0386,low,True
2022-09-17 11:30:00,21.24,70.79,99.62,126.49,0.5618,63.25,1530.1,81.9,0.84,barren,1385.9,dry,0.3798,medium,True
2022-09-17 14:30:00,0.54,1.3,2.16,3.56,0.853,26.72,1739.3,56.1,1.17,forest,295.7,wet,0.2391,low,True
2022-09-17 17:45:00,0.03,0.1,0.25,0.37,0.8171,27.29,2287.4,258.6,0.543,agriculture,22.7,wet,0.2937,medium,True
2022-09-17 17:45:00,0.01,0.03,0.07,0.1,0.1623,41.24,1405.8,53.0,0.262,agriculture,94.0,dry,0.156,low,True
2022-09-17 20:15:00,0.14,0.55,1.29,2.84,0.1735,42.15,1014.3,245.3,0.381,agriculture,209.4,dry,0.1575,low,True
2022-09-17 20:45:00,1.12,2.24,4.24,6.86,0.1735,30.7,1082.7,46.1,0.607,barren,751.1,dry,0.1067,low,True
2022-09-17 22:00:00,4.77,8.52,14.2,19.62,0.6141,23.23,2272.8,288.8,0.749,agriculture,17.6,normal,0.2892,medium,True
2022-09-18 01:45:00,12.53,24.02,36.46,50.17,0.4234,31.79,1686.7,331.0,0.621,barren,259.2,dry,0.2082,low,True
2022-09-18 02:45:00,0.11,0.33,0.82,1.51,0.4682,43.65,1686.8,201.4,1.961,forest,380.9,normal,0.1817,low,True
2022-09-18 03:30:00,0.68,1.81,3.07,5.56,0.5037,28.88,1065.2,347.8,0.832,barren,129.0,normal,0.1685,low,True
2022-09-18 05:30:00,2.78,8.89,19.72,33.63,0.3211,28.54,2406.0,140.5,0.833,forest,142.8,dry,0.1219,low,True
2022-09-18 05:45:00,7.8,19.68,26.64,50.62,0.99,18.88,2708.4,88.1,1.028,barren,182.1,wet,0.3274,medium,True
2022-09-18 07:15:00,4.07,7.83,15.76,38.28,0.3887,27.75,1703.9,63.8,0.37,urban,122.4,dry,0.2732,low,True
2022-09-18 08:00:00,0.43,0.91,2.08,3.57,0.847,37.52,2150.9,172.4,0.184,forest,211.2,wet,0.2271,low,True
2022-09-18 09:15:00,6.61,17.1,33.52,54.49,0.7433,41.24,1213.1,47.1,1.016,agriculture,70.2,normal,0.2945,medium,True
2022-09-18 12:30:00,1.77,3.7,9.17,19.14,0.9027,25.85,2364.6,315.3,0.374,agriculture,87.8,wet,0.2361,low,True
2022-09-18 15:15:00,6.12,13.02,17.71,35.43,0.385,36.79,1945.3,282.5,0.561,forest,23.2,dry,0.1763,low,True
2022-09-18 15:45:00,9.45,27.6,37.29,54.46,0.7938,58.14,861.8,202.4,0.337,agriculture,195.5,normal,0.3324,medium,True
2022-09-18 17:00:00,0.68,3.17,10.0,23.28,0.3206,27.74,1871.3,259.7,0.303,forest,440.1,dry,0.1701,low,True
2022-09-18 20:00:00,17.14,33.38,55.12,91.91,0.99,30.53,1868.2,18.0,0.667,barren,256.9,wet,0.5379,high,True
2022-09-18 20:15:00,5.67,11.52,22.85,32.71,0.6891,21.1,1709.0,73.3,0.657,barren,274.7,normal,0.207,low,True
2022-09-19 00:45:00,6.85,11.77,16.26,32.71,0.6978,49.67,1905.1,223.6,0.222,barren,219.2,normal,0.2205,low,True
2022-09-19 03:00:00,0.22,0.97,1.48,3.71,0.523,20.74,1571.9,171.9,0.126,agriculture,317.7,normal,0.1508,low,True
2022-09-19 03:15:00,0.79,1.67,2.71,4.2,0.8059,20.77,1490.0,217.7,0.084,barren,101.3,wet,0.2357,low,True
2022-09-19 08:45:00,14.55,25.89,48.09,57.06,0.99,22.14,1749.8,32.0,0.072,forest,91.4,wet,0.3815,medium,True
2022-09-19 09:30:00,0.37,0.67,1.39,2.14,0.8358,46.3,1390.2,234.9,1.021,forest,1006.3,wet,0.2108,low,True
2022-09-19 11:45:00,0.08,0.2,0.61,1.23,0.8283,25.96,1211.3,289.3,0.202,agriculture,219.5,wet,0.1554,low,True
2022-09-19 12:15:00,2.75,4.87,8.55,17.75,0.8974,40.51,2266.2,196.7,0.681,urban,624.4,wet,0.1825,low,True
2022-09-19 15:15:00,5.62,10.53,22.77,50.49,0.73,20.63,1255.9,128.7,0.203,barren,880.4,normal,0.1807,low,True
2022-09-19 15:30:00,0.21,0.44,1.1,2.14,0.2471,34.04,1503.5,62.9,0.659,agriculture,344.0,dry,0.075,low,True
2022-09-19 16:00:00,2.11,5.32,7.76,15.49,0.2589,21.84,1312.2,95.5,2.486,barren,134.2,dry,0.1813,low,True
2022-09-19 16:45:00,0.8,1.52,2.47,5.65,0.56,30.4,1077.8,188.1,0.041,forest,408.6,normal,0.1128,low,True
2022-09-19 16:45:00,26.33,43.61,61.15,91.75,0.7895,41.44,2525.1,92.0,0.636,barren,207.3,normal,0.5823,high,True
2022-09-19 16:45:00,0.0,0.02,0.04,0.09,0.5383,24.68,735.4,280.1,0.199,forest,1275.1,normal,0.1555,low,True
2022-09-19 19:15:00,0.39,0.66,1.38,1.99,0.2176,39.17,1838.4,47.4,0.052,forest,593.6,dry,0.0663,low,True
2022-09-19 20:00:00,4.58,9.1,16.22,25.12,0.6419,46.67,1521.5,185.9,0.049,agriculture,600.5,normal,0.1735,low,True
2022-09-19 21:00:00,0.42,1.81,3.78,10.74,0.3242,30.65,1887.2,178.5,0.279,agriculture,320.9,dry,0.0835,low,True
2022-09-19 22:30:00,0.05,0.09,0.22,0.32,0.4968,33.1,1497.7,50.0,0.467,agriculture,13.0,normal,0.2327,low,True
2022-09-20 01:45:00,2.55,5.11,9.26,20.62,0.6066,42.62,1895.5,358.2,0.625,agriculture,634.0,normal,0.1948,low,True
2022-09-20 02:30:00,0.86,1.96,3.01,5.84,0.217,21.42,1769.8,296.3,0.503,agriculture,19.0,dry,0.2003,low,True
2022-09-20 02:45:00,0.48,1.27,2.33,4.31,0.8764,27.32,1953.2,139.2,1.369,barren,55.7,wet,0.2743,low,True
2022-09-20 03:00:00,0.17,0.35,1.12,1.84,0.4682,23.76,2646.2,246.6,0.1,urban,648.5,normal,0.0793,low,True
2022-09-20 03:30:00,12.96,21.64,52.87,92.06,0.99,26.83,479.9,258.0,1.06,forest,96.4,wet,0.4526,medium,True
2022-09-20 09:00:00,0.02,0.04,0.09,0.18,0.2354,29.84,1648.8,234.4,0.451,urban,653.9,dry,0.1323,low,True
2022-09-20 10:15:00,0.61,1.81,4.86,7.22,0.3016,28.04,1003.7,155.7,1.182,agriculture,104.4,dry,0.152,low,True
2022-09-20 11:15:00,21.19,38.12,62.67,102.25,0.5779,28.35,1165.2,318.6,0.334,barren,525.5,dry,0.3875,medium,True
2022-09-20 12:30:00,14.06,26.41,38.58,52.34,0.4405,38.88,1028.7,277.8,0.394,agriculture,283.4,dry,0.2094,low,True
2022-09-20 15:15:00,1.14,1.99,3.06,6.12,0.2194,32.29,1424.7,195.1,0.329,forest,399.1,dry,0.0365,low,True
2022-09-20 15:30:00,0.55,2.51,5.32,9.44,0.2412,17.69,2273.3,0.9,0.061,forest,647.2,dry,0.057,low,True
2022-09-20 19:45:00,7.87,17.19,30.63,50.73,0.99,24.99,1373.3,80.4,0.094,barren,1457.9,wet,0.2774,low,True
2022-09-20 23:15:00,1.81,5.83,10.81,22.93,0.8719,29.76,1807.5,183.2,0.437,agriculture,41.4,wet,0.2793,low,True
2022-09-21 00:45:00,8.45,15.46,23.47,32.93,0.9498,44.37,2138.1,323.6,0.457,barren,414.7,wet,0.2985,medium,True
2022-09-21 01:30:00,8.27,17.64,23.04,31.72,0.9491,23.74,1089.0,226.3,0.378,agriculture,1125.6,wet,0.2555,low,True
2022-09-21 04:00:00,9.11,18.24,28.07,54.4,0.836,19.72,1121.4,150.4,0.008,forest,173.8,normal,0.241,low,True
2022-09-21 04:30:00,0.4,1.92,3.79,10.82,0.5985,21.78,1600.2,17.2,0.423,forest,152.1,normal,0.1511,low,True
2022-09-21 07:45:00,0.41,1.77,2.75,4.5,0.1957,30.19,518.9,215.0,0.086,barren,408.8,dry,0.1097,low,True
2022-09-21 07:45:00,0.21,0.37,0.93,2.05,0.2328,50.67,2805.5,126.3,0.501,forest,189.9,dry,0.1335,low,True
2022-09-21 10:30:00,77.71,115.71,148.2,185.39,0.99,32.28,1603.4,193.5,0.204,barren,94.5,wet,0.8842,critical,True
2022-09-21 12:45:00,7.89,19.21,29.22,54.39,0.9856,26.27,1935.8,275.9,2.86,forest,71.6,wet,0.4092,medium,True
2022-09-21 15:45:00,0.01,0.02,0.04,0.11,0.7683,38.6,1482.8,289.3,0.267,barren,84.9,wet,0.2175,low,True
2022-09-21 17:30:00,0.12,0.32,1.03,3.11,0.9566,22.86,1981.6,311.1,1.032,forest,436.5,wet,0.2127,low,True
2022-09-21 18:30:00,0.66,1.24,1.96,3.89,0.2556,27.9,1495.4,229.0,0.169,forest,888.3,dry,0.0465,low,True
2022-09-21 21:30:00,1.5,2.54,6.39,9.49,0.6264,25.78,1935.0,326.0,0.126,agriculture,584.0,normal,0.1306,low,True
2022-09-22 04:00:00,5.42,12.83,30.31,60.52,0.8239,21.78,2378.0,248.6,0.15,agriculture,218.1,normal,0.2589,low,True
2022-09-22 05:00:00,99.64,132.3,151.19,163.94,0.99,25.11,300.0,282.2,0.243,forest,273.2,wet,0.843,critical,True
2022-09-22 05:15:00,0.02,0.04,0.05,0.15,0.775,28.52,1999.8,246.8,1.134,urban,348.8,wet,0.2151,low,True
2022-09-22 06:15:00,25.94,49.22,104.76,131.03,0.9431,27.34,1282.4,313.9,0.866,forest,313.6,normal,0.404,medium,True
2022-09-22 08:15:00,10.23,24.72,34.82,51.72,0.4852,16.87,937.2,80.2,0.343,forest,1219.9,dry,0.0993,low,True
2022-09-22 13:15:00,0.16,0.42,0.71,1.84,0.2385,25.99,733.9,273.6,0.125,forest,772.2,dry,0.0333,low,True
2022-09-22 15:45:00,0.4,0.94,1.41,4.29,0.6016,21.0,1658.6,42.2,0.03,forest,25.6,normal,0.2024,low,True
2022-09-22 20:15:00,71.88,95.6,122.03,146.39,0.99,26.81,1769.2,33.1,0.578,agriculture,642.3,wet,0.8551,critical,True
2022-09-22 21:45:00,0.67,1.46,3.31,8.78,0.2366,18.28,1224.6,177.0,0.736,forest,52.4,dry,0.0985,low,True
2022-09-22 22:45:00,1.89,5.86,14.26,19.6,0.347,41.27,845.0,108.1,0.559,barren,420.2,dry,0.1482,low,True
2022-09-23 01:45:00,7.09,17.67,29.03,45.86,0.7037,36.43,1668.8,202.8,0.417,forest,127.7,normal,0.29,medium,True
2022-09-23 01:45:00,8.58,18.46,31.73,42.95,0.9514,31.45,1641.6,244.0,2.164,barren,529.6,wet,0.3421,medium,True
2022-09-23 05:45:00,12.85,20.27,39.06,54.72,0.805,12.85,1960.8,81.6,0.015,forest,13.0,normal,0.3203,medium,True
2022-09-23 06:15:00,0.21,0.61,1.43,2.19,0.5391,49.72,2012.4,252.0,2.674,forest,178.6,normal,0.2535,low,True
2022-09-23 07:30:00,18.8,39.56,77.62,93.34,0.8189,18.87,2298.7,358.4,0.194,forest,17.6,normal,0.3729,medium,True
2022-09-23 09:45:00,65.62,100.37,137.32,196.86,0.5557,24.34,2004.4,273.6,0.29,barren,1084.1,dry,0.6715,high,True
2022-09-23 10:30:00,0.04,0.09,0.25,0.77,0.209,26.04,620.7,62.6,0.838,agriculture,15.4,dry,0.2522,low,True
2022-09-23 11:00:00,1.12,2.19,3.77,5.53,0.8116,23.02,1594.4,228.1,0.155,barren,69.1,wet,0.2165,low,True
2022-09-23 11:15:00,0.41,1.0,1.8,2.86,0.8235,42.95,2200.0,3.4,0.742,agriculture,281.2,wet,0.2299,low,True
2022-09-23 14:00:00,0.32,0.82,1.54,3.69,0.5991,49.02,2108.8,169.1,0.243,barren,373.6,normal,0.1338,low,True
2022-09-23 15:30:00,1.56,2.74,4.15,7.78,0.5388,21.32,3057.8,192.0,1.694,agriculture,467.0,normal,0.183,low,True
2022-09-23 17:30:00,76.41,115.14,152.0,196.01,0.99,37.19,2133.5,350.1,0.113,forest,109.2,wet,0.8093,critical,True
2022-09-23 17:45:00,0.06,0.18,0.56,1.2,0.5094,22.92,792.0,265.4,1.611,forest,135.3,normal,0.1845,low,True
2022-09-23 18:15:00,0.5,1.59,4.3,7.02,0.2019,26.41,651.9,254.1,0.939,agriculture,106.0,dry,0.1372,low,True
2022-09-23 19:00:00,80.6,104.32,115.99,164.26,0.9532,30.93,1633.6,191.7,0.112,agriculture,107.9,normal,0.859,critical,True
2022-09-23 19:30:00,0.21,0.49,1.63,4.53,0.4794,34.55,1690.5,184.7,0.294,forest,542.8,normal,0.1815,low,True
2022-09-23 19:45:00,0.07,0.18,0.32,0.56,0.4048,32.32,1271.0,357.1,0.066,barren,1044.8,normal,0.0939,low,True
2022-09-23 20:15:00,42.09,73.39,86.52,146.23,0.99,41.53,2060.9,7.7,0.549,agriculture,327.0,wet,0.668,high,True
2022-09-23 22:30:00,0.0,0.0,0.0,0.01,0.9261,19.51,300.0,109.2,1.939,agriculture,70.0,wet,0.2669,low,True
2022-09-24 00:30:00,0.17,0.6,1.64,2.36,0.1904,28.91,1321.6,48.2,0.05,forest,33.7,dry,0.1424,low,True
2022-09-24 01:00:00,0.65,1.13,2.32,5.51,0.5343,41.84,300.0,113.4,0.179,agriculture,105.7,normal,0.2568,low,True
2022-09-24 01:45:00,7.9,14.37,24.24,52.88,0.7261,65.0,1148.8,166.9,0.845,forest,78.5,normal,0.3048,medium,True
2022-09-24 04:00:00,3.91,10.61,25.43,37.0,0.6814,40.59,1391.7,123.1,0.368,forest,312.4,normal,0.1898,low,True
2022-09-24 09:45:00,0.85,1.76,3.45,5.22,0.4851,21.27,2230.7,346.6,0.248,barren,429.0,normal,0.1405,low,True
2022-09-24 16:15:00,1.33,4.25,6.82,10.33,0.5967,47.9,866.9,245.0,0.552,forest,11.6,normal,0.3697,medium,True
2022-09-24 16:45:00,0.12,0.26,0.65,2.15,0.8752,23.24,1518.0,262.1,0.209,forest,212.7,wet,0.1392,low,True
2022-09-24 23:15:00,0.86,1.78,3.94,12.66,0.4989,32.37,1285.6,267.2,0.239,forest,351.4,normal,0.1202,low,True
2022-09-25 04:15:00,0.18,0.32,0.85,2.77,0.8779,48.75,1526.9,323.7,0.984,forest,85.0,wet,0.2557,low,True
2022-09-25 05:45:00,0.21,0.76,1.94,5.7,0.1857,26.24,1367.1,276.5,0.298,forest,819.3,dry,0.0422,low,True
2022-09-25 09:00:00,0.15,0.37,0.63,1.2,0.5239,36.3,1447.9,5.8,0.723,forest,288.7,normal,0.1648,low,True
2022-09-25 09:30:00,0.39,1.37,2.47,4.75,0.5711,40.34,1209.0,94.1,0.098,agriculture,158.3,normal,0.2624,low,True
2022-09-25 10:30:00,10.2,32.14,52.15,82.86,0.99,27.25,1821.9,356.1,0.305,agriculture,16.6,wet,0.5602,high,True
2022-09-25 12:00:00,0.64,1.48,4.14,6.7,0.4738,27.05,2261.4,234.8,0.482,urban,241.8,normal,0.1312,low,True
2022-09-25 13:00:00,0.05,0.09,0.19,0.31,0.1557,15.59,1625.1,24.5,0.187,forest,153.3,dry,0.1515,low,True
2022-09-25 13:00:00,0.73,1.73,3.65,6.58,0.5797,35.14,2805.0,168.0,0.328,forest,1232.0,normal,0.1504,low,True
2022-09-25 16:15:00,8.76,17.72,42.11,61.45,0.8628,41.62,1647.1,353.1,0.856,agriculture,176.6,normal,0.3924,medium,True
2022-09-25 20:30:00,4.22,12.98,32.13,47.3,0.9578,27.28,2083.6,357.4,0.106,forest,898.4,wet,0.2891,medium,True
2022-09-25 22:30:00,3.81,6.43,13.05,22.31,0.6857,35.04,1144.2,155.7,0.417,barren,415.5,normal,0.1421,low,True
2022-09-25 23:00:00,4.36,10.3,15.52,32.42,0.9254,32.62,1530.9,321.5,0.182,agriculture,36.9,wet,0.3187,medium,True
2022-09-26 03:00:00,0.2,0.5,1.57,4.41,0.7961,42.16,1413.8,213.1,0.317,forest,954.6,wet,0.1844,low,True
2022-09-26 03:30:00,0.04,0.07,0.13,0.38,0.2247,31.35,866.4,183.4,0.282,barren,74.6,dry,0.1493,low,True
2022-09-26 06:30:00,109.55,157.3,187.43,243.73,0.7428,30.46,1138.9,148.3,0.639,forest,218.0,normal,0.8265,critical,True
2022-09-26 06:45:00,0.5,1.51,2.22,3.68,0.5327,28.6,1814.4,321.2,0.874,urban,907.4,normal,0.0853,low,True
2022-09-26 07:00:00,0.29,0.53,1.07,2.07,0.8048,23.11,2370.3,223.6,0.416,barren,627.1,wet,0.177,low,True
2022-09-26 07:30:00,7.21,11.36,15.35,30.8,0.3847,22.83,1936.9,120.2,0.109,agriculture,244.0,dry,0.1461,low,True
2022-09-26 09:30:00,0.48,1.18,1.69,2.78,0.2088,47.89,1801.7,177.1,1.218,forest,91.1,dry,0.1877,low,True
2022-09-26 11:15:00,8.24,20.96,27.81,52.33,0.515,46.97,1085.3,159.9,0.124,forest,259.1,dry,0.2748,low,True
2022-09-26 11:30:00,6.01,18.37,33.37,53.24,0.7251,15.91,1891.3,162.4,0.518,forest,287.6,normal,0.2041,low,True
2022-09-26 12:45:00,1.2,2.33,3.64,5.23,0.2573,17.45,1220.5,112.2,0.45,forest,2035.9,dry,0.0797,low,True
2022-09-26 13:30:00,0.86,1.44,3.34,5.29,0.5132,15.86,896.6,227.9,0.203,agriculture,618.1,normal,0.0896,low,True
2022-09-26 18:45:00,0.25,0.53,0.76,1.98,0.7251,24.24,1060.5,18.8,1.834,urban,701.4,wet,0.1007,low,True
2022-09-26 19:00:00,0.67,1.81,4.67,14.39,0.5392,39.89,1528.0,319.0,0.677,forest,1508.8,normal,0.1289,low,True
2022-09-26 19:45:00,1.34,4.47,12.26,23.16,0.6222,26.47,1276.0,149.5,0.381,agriculture,269.3,normal,0.1941,low,True
2022-09-26 20:00:00,0.41,0.92,2.19,5.18,0.8232,37.83,1772.5,288.3,0.352,agriculture,318.0,wet,0.2339,low,True
2022-09-26 20:15:00,0.44,1.22,2.58,4.98,0.4956,26.07,1373.3,262.6,0.058,barren,222.1,normal,0.1311,low,True
2022-09-26 22:45:00,0.09,0.21,0.55,1.1,0.1641,37.87,1766.7,169.9,0.91,forest,56.9,dry,0.1491,low,True
2022-09-26 23:00:00,6.68,11.29,14.57,33.31,0.6689,40.07,1413.4,71.5,0.052,forest,270.7,normal,0.2791,low,True
2022-09-26 23:30:00,111.28,139.17,150.14,181.95,0.9255,37.77,1570.9,202.4,0.134,barren,315.8,normal,0.9016,critical,True
2022-09-27 00:15:00,0.81,1.37,2.91,4.9,0.2179,21.91,1011.4,341.3,0.108,barren,104.8,dry,0.0772,low,True
2022-09-27 00:30:00,1.47,2.9,5.66,9.31,0.485,39.58,2461.1,66.9,0.042,urban,544.5,normal,0.1397,low,True
2022-09-27 01:45:00,3.54,7.48,12.71,21.67,0.99,31.61,621.6,92.2,1.062,barren,56.5,wet,0.3698,medium,True
2022-09-27 03:15:00,0.21,0.57,0.99,1.94,0.3991,15.34,3093.7,357.5,1.421,forest,254.0,normal,0.1511,low,True
2022-09-27 03:30:00,9.31,15.38,27.18,39.7,0.7886,24.23,1884.3,321.3,0.589,agriculture,390.4,normal,0.2701,low,True
2022-09-27 04:45:00,1.7,2.92,6.29,9.24,0.5539,38.64,662.4,197.8,1.261,forest,29.8,normal,0.2669,low,True
2022-09-27 06:00:00,3.1,8.32,10.85,17.28,0.8725,14.05,1659.4,250.1,0.674,agriculture,580.5,wet,0.1408,low,True
2022-09-27 08:30:00,14.21,28.9,52.33,72.59,0.99,43.29,1733.4,159.5,0.693,agriculture,136.9,wet,0.4886,medium,True
2022-09-27 10:45:00,0.31,0.53,1.05,2.09,0.5,34.09,2495.6,145.5,1.321,agriculture,452.7,normal,0.1591,low,True
2022-09-27 13:15:00,4.95,9.65,15.38,20.89,0.5966,63.9,790.7,159.5,0.058,urban,50.1,normal,0.2481,low,True
2022-09-27 13:30:00,0.13,0.32,0.51,1.44,0.5972,51.01,791.4,149.2,0.034,agriculture,348.9,normal,0.1321,low,True
2022-09-27 13:45:00,0.16,0.59,1.03,2.35,0.455,45.89,1806.9,243.2,0.033,forest,295.1,normal,0.1078,low,True
2022-09-27 15:30:00,109.82,152.16,173.91,193.32,0.5416,48.54,1716.0,119.0,0.325,forest,66.9,dry,0.5631,high,True
2022-09-27 20:45:00,2.11,5.71,8.5,19.74,0.5929,44.82,2480.3,61.5,1.756,barren,353.1,normal,0.2224,low,True
2022-09-28 02:00:00,4.33,8.23,12.67,29.21,0.6441,24.79,1001.1,254.4,1.224,forest,421.4,normal,0.1464,low,True
2022-09-28 03:30:00,0.28,0.65,1.14,1.72,0.2991,32.36,951.9,11.3,0.914,forest,251.6,dry,0.143,low,True
2022-09-28 05:45:00,0.58,2.65,5.07,7.41,0.2272,49.29,2722.1,258.8,0.31,forest,312.4,dry,0.1025,low,True
2022-09-28 06:15:00,0.52,1.1,2.6,4.15,0.1766,26.6,1572.7,94.8,1.043,agriculture,774.4,dry,0.1338,low,True
2022-09-28 06:45:00,0.12,0.24,0.73,1.73,0.61,21.39,1152.7,68.5,0.148,forest,428.7,normal,0.1191,low,True
2022-09-28 08:30:00,0.06,0.23,0.35,0.98,0.4759,20.63,2023.4,136.4,0.528,urban,837.4,normal,0.0884,low,True
2022-09-28 09:30:00,5.69,11.52,14.71,35.79,0.3819,28.43,369.5,42.3,0.822,urban,291.3,dry,0.1841,low,True
2022-09-28 10:15:00,0.06,0.21,0.53,1.25,0.771,58.94,1827.0,138.4,0.058,urban,77.3,wet,0.2451,low,True
2022-09-28 10:30:00,0.19,0.73,1.74,2.94,0.4988,44.87,1220.8,36.8,1.244,forest,109.0,normal,0.168,low,True
2022-09-28 11:00:00,0.14,0.5,1.15,1.86,0.2447,25.01,1298.7,174.1,0.78,urban,77.9,dry,0.1763,low,True
2022-09-28 12:45:00,28.61,58.47,93.65,111.29,0.5609,18.75,2377.2,63.4,0.457,urban,152.9,dry,0.5526,high,True
2022-09-28 13:15:00,15.64,36.03,72.71,106.91,0.827,26.4,1857.5,46.8,0.039,urban,237.2,normal,0.5112,medium,True
2022-09-28 14:00:00,0.24,0.92,1.6,3.32,0.2264,22.55,923.3,208.5,0.712,agriculture,113.5,dry,0.1388,low,True
2022-09-28 16:15:00,7.28,12.69,30.63,44.5,0.4955,38.46,1630.9,225.1,0.356,barren,235.9,dry,0.2685,low,True
2022-09-28 16:15:00,1.79,4.6,8.82,15.81,0.5388,56.85,1670.2,2.0,0.801,forest,168.6,normal,0.2441,low,True
2022-09-28 16:30:00,0.16,0.47,0.71,1.17,0.5411,28.27,1442.7,139.6,0.022,barren,293.7,normal,0.1613,low,True
2022-09-28 20:15:00,0.1,0.23,0.71,1.39,0.7434,21.75,1023.8,28.1,0.513,forest,205.8,wet,0.1663,low,True
2022-09-28 23:45:00,12.67,25.76,61.94,96.86,0.99,25.74,1736.1,265.9,0.355,forest,209.3,wet,0.457,medium,True
2022-09-29 01:00:00,0.25,0.42,1.05,2.48,0.8214,36.93,2020.5,245.3,0.337,urban,246.1,wet,0.1904,low,True
2022-09-29 02:30:00,4.05,6.88,10.1,19.78,0.2774,53.15,1872.2,17.9,0.437,forest,1554.4,dry,0.1576,low,True
2022-09-29 03:15:00,0.78,1.36,4.1,9.22,0.3277,65.0,1172.3,338.9,0.079,forest,294.6,dry,0.1488,low,True
2022-09-29 04:30:00,0.01,0.02,0.05,0.09,0.8435,31.09,1505.3,345.6,1.644,urban,459.7,wet,0.2567,low,True
2022-09-29 06:45:00,5.93,9.4,14.58,24.7,0.6708,28.74,300.0,120.5,0.732,urban,198.7,normal,0.2609,low,True
2022-09-29 07:15:00,0.12,0.57,1.17,2.78,0.6159,28.41,2559.0,47.0,0.053,forest,148.0,normal,0.1424,low,True
2022-09-29 08:30:00,3.09,5.9,8.57,17.64,0.2506,20.38,1239.0,41.2,0.05,barren,879.3,dry,0.0555,low,True
2022-09-29 08:45:00,11.23,19.86,25.53,35.21,0.3294,29.78,1287.9,302.7,0.142,forest,484.7,dry,0.0985,low,True
2022-09-29 09:30:00,0.01,0.03,0.09,0.17,0.2189,51.53,811.3,165.3,0.164,forest,315.7,dry,0.0762,low,True
2022-09-29 10:00:00,0.18,0.67,1.25,3.86,0.5258,33.87,2116.5,3.4,0.407,forest,153.5,normal,0.1469,low,True
2022-09-29 11:00:00,0.15,0.29,0.61,1.54,0.2154,24.82,2216.8,333.1,0.461,forest,114.4,dry,0.1124,low,True
2022-09-29 14:45:00,0.3,0.71,1.26,2.86,0.494,28.18,1258.2,213.4,0.095,forest,111.7,normal,0.1891,low,True
2022-09-29 15:45:00,4.37,13.83,31.35,54.29,0.7299,30.99,917.3,248.5,2.179,forest,255.2,normal,0.2478,low,True
2022-09-29 20:15:00,0.29,0.65,1.02,1.74,0.1987,25.81,1612.3,296.5,1.045,urban,737.3,dry,0.038,low,True
2022-09-29 21:45:00,0.23,1.04,2.42,7.5,0.2096,19.47,1402.4,294.7,0.602,agriculture,755.2,dry,0.0618,low,True
2023-06-15 04:45:00,17.13,36.21,52.31,62.58,0.8684,32.08,2046.6,27.3,0.195,urban,488.3,normal,0.388,medium,True
2023-06-15 06:00:00,0.48,0.85,1.72,3.08,0.2164,20.27,1521.2,206.6,1.447,barren,283.7,dry,0.072,low,True
2023-06-15 06:15:00,0.06,0.18,0.34,0.55,0.2587,32.28,1478.5,250.6,0.227,forest,103.7,dry,0.1732,low,True
2023-06-15 09:15:00,6.15,19.25,30.68,52.56,0.4157,17.52,2002.3,30.8,0.231,urban,238.1,dry,0.1948,low,True
2023-06-15 15:30:00,0.01,0.03,0.04,0.08,0.5046,25.72,654.4,80.1,0.261,urban,425.3,normal,0.1441,low,True
2023-06-15 15:30:00,8.2,13.49,32.35,46.39,0.6994,62.06,1413.2,142.5,0.029,forest,326.4,normal,0.2629,low,True
2023-06-15 16:00:00,4.39,11.94,22.96,42.36,0.3998,37.14,1715.3,319.1,0.038,forest,262.6,dry,0.1583,low,True
2023-06-15 17:45:00,62.33,108.07,119.76,166.07,0.8989,44.36,1343.3,306.2,0.388,barren,205.6,normal,0.9306,critical,True
2023-06-15 18:00:00,0.06,0.11,0.19,0.5,0.8767,20.62,1768.4,281.6,1.281,barren,498.7,wet,0.1919,low,True
2023-06-15 18:15:00,0.13,0.28,0.59,1.07,0.5733,30.85,1733.0,356.5,1.712,urban,656.3,normal,0.1409,low,True
2023-06-15 20:45:00,0.16,0.51,1.07,2.46,0.1682,20.14,2127.5,87.4,0.897,forest,459.2,dry,0.0379,low,True
2023-06-15 20:45:00,0.44,1.01,2.5,4.4,0.5597,31.4,1435.4,168.4,0.311,forest,982.8,normal,0.1675,low,True
2023-06-15 21:15:00,18.99,32.13,61.39,100.66,0.8085,13.19,380.4,160.8,0.223,agriculture,539.7,normal,0.405,medium,True
2023-06-15 22:45:00,0.21,0.44,0.68,1.22,0.8453,23.86,671.4,244.4,0.146,agriculture,219.6,wet,0.2322,low,True
2023-06-16 00:15:00,0.29,0.49,1.05,1.67,0.7518,46.7,1878.1,306.1,0.464,forest,345.7,wet,0.1717,low,True
2023-06-16 01:45:00,1.14,3.11,4.61,9.52,0.5639,30.77,1708.9,177.0,0.395,forest,255.7,normal,0.1852,low,True
2023-06-16 02:15:00,0.18,0.33,0.98,3.11,0.4705,50.12,1464.5,177.0,0.377,agriculture,286.6,normal,0.157,low,True
2023-06-16 04:00:00,0.31,0.7,1.59,3.95,0.8698,22.85,1508.0,219.0,0.228,barren,801.2,wet,0.1841,low,True
2023-06-16 05:30:00,0.45,1.58,2.62,5.18,0.777,21.79,1211.2,267.3,0.523,forest,135.3,wet,0.2198,low,True
2023-06-16 06:30:00,2.36,6.84,14.42,27.53,0.6592,28.94,1213.3,72.5,0.562,agriculture,14.6,normal,0.2624,low,True
2023-06-16 07:00:00,105.51,153.63,175.44,223.61,0.5827,22.51,1271.8,346.3,1.249,barren,426.3,dry,0.7305,high,True
2023-06-16 09:45:00,6.28,10.9,15.06,20.67,0.2756,20.49,1432.5,33.1,0.86,urban,79.9,dry,0.1681,low,True
2023-06-16 11:15:00,20.97,55.04,68.87,85.0,0.8285,28.73,1673.2,8.3,0.24,forest,68.6,normal,0.3716,medium,True
2023-06-16 12:00:00,0.06,0.13,0.21,0.46,0.518,34.46,1554.0,129.2,0.286,forest,1721.4,normal,0.1433,low,True
2023-06-16 12:45:00,0.45,0.86,1.36,3.06,0.8601,50.42,1403.5,252.5,0.164,urban,118.6,wet,0.3242,medium,True
2023-06-16 16:15:00,8.24,17.04,24.58,36.01,0.99,28.47,2017.4,352.1,0.112,forest,89.8,wet,0.3594,medium,True
2023-06-16 17:00:00,7.91,13.14,20.24,30.07,0.3968,32.51,2121.4,335.8,0.069,barren,84.2,dry,0.2536,low,True
2023-06-16 21:00:00,3.24,7.83,15.3,30.55,0.7071,30.2,2403.2,247.9,0.021,agriculture,196.1,normal,0.1713,low,True
2023-06-16 22:30:00,0.96,2.44,3.74,10.71,0.279,32.27,1486.9,157.2,0.324,forest,194.3,dry,0.1515,low,True
2023-06-17 02:00:00,26.44,59.5,105.73,134.27,0.8423,61.31,1287.7,214.5,1.918,agriculture,360.4,normal,0.5665,high,True
2023-06-17 02:30:00,13.34,27.8,53.85,83.62,0.874,27.98,1561.8,348.7,0.463,agriculture,48.3,normal,0.424,medium,True
2023-06-17 02:45:00,6.61,10.19,18.91,41.52,0.408,63.37,1270.9,95.6,0.813,agriculture,363.2,dry,0.1963,low,True
2023-06-17 04:15:00,0.11,0.3,0.72,1.86,0.2358,42.01,1590.5,172.2,0.304,forest,221.6,dry,0.1243,low,True
2023-06-17 08:15:00,113.93,157.36,174.58,191.45,0.4342,13.68,1844.2,249.4,0.291,urban,91.5,dry,0.8066,critical,True
2023-06-17 09:00:00,6.07,11.25,23.53,50.05,0.5253,37.55,1663.9,3.7,0.08,forest,537.1,dry,0.1112,low,True
2023-06-17 09:00:00,0.01,0.03,0.07,0.17,0.9006,38.91,1503.1,137.3,0.214,agriculture,234.9,wet,0.155,low,True
2023-06-17 10:00:00,4.41,11.76,20.88,41.93,0.3467,40.04,1983.2,204.4,1.584,urban,451.9,dry,0.1618,low,True
2023-06-17 10:30:00,0.14,0.28,0.69,1.03,0.2528,25.79,2605.9,324.3,0.404,forest,896.5,dry,0.0575,low,True
2023-06-17 11:45:00,0.28,1.17,3.82,8.96,0.3007,46.19,1175.4,357.1,0.137,barren,162.6,dry,0.1781,low,True
2023-06-17 13:30:00,0.13,0.43,0.84,1.48,0.8168,31.12,1800.6,200.3,0.654,urban,808.6,wet,0.181,low,True
2023-06-17 16:30:00,19.92,31.35,43.51,60.58,0.703,51.68,1485.6,340.0,0.312,forest,88.2,normal,0.3967,medium,True
2023-06-17 18:00:00,0.17,0.42,1.35,3.38,0.203,31.77,1093.7,35.7,1.054,forest,97.9,dry,0.09,low,True
2023-06-17 20:45:00,0.09,0.21,0.51,1.29,0.4725,33.75,1168.2,252.5,0.058,urban,391.4,normal,0.1529,low,True
2023-06-17 22:00:00,7.6,16.17,21.78,43.83,0.7941,13.08,1356.1,144.2,0.443,forest,47.9,normal,0.2852,medium,True
2023-06-17 22:45:00,0.06,0.15,0.47,1.04,0.5046,27.22,2544.0,270.4,0.969,forest,222.3,normal,0.1602,low,True
2023-06-17 23:45:00,4.44,13.87,18.9,36.74,0.6997,24.84,2171.9,312.4,1.154,urban,94.2,normal,0.3117,medium,True
2023-06-18 00:30:00,0.02,0.04,0.09,0.21,0.2428,37.48,1064.0,19.3,0.303,barren,306.1,dry,0.1392,low,True
2023-06-18 03:15:00,0.02,0.04,0.07,0.14,0.7928,16.85,1926.7,336.8,0.811,urban,585.5,wet,0.1929,low,True
2023-06-18 04:45:00,57.5,89.95,110.1,134.91,0.8169,21.42,1017.5,24.5,2.024,forest,25.2,normal,0.6763,high,True
2023-06-18 05:00:00,0.2,0.69,2.02,3.81,0.562,31.69,1224.2,271.2,0.584,forest,196.6,normal,0.1985,low,True
2023-06-18 09:30:00,0.39,0.65,1.4,2.31,0.2261,44.62,2387.8,24.9,1.001,forest,469.1,dry,0.0783,low,True
2023-06-18 11:00:00,9.07,14.58,22.22,30.0,0.9391,12.52,2790.1,310.2,0.512,agriculture,156.6,wet,0.3555,medium,True
2023-06-18 11:45:00,0.72,1.21,2.16,3.26,0.4894,22.2,463.9,73.8,0.937,agriculture,24.9,normal,0.2266,low,True
2023-06-18 11:45:00,114.66,157.38,175.74,228.42,0.4371,19.85,1618.5,156.3,1.695,forest,323.2,dry,0.5771,high,True
2023-06-18 17:15:00,4.24,7.73,10.31,19.25,0.3639,23.62,1844.6,335.7,0.746,forest,54.8,dry,0.2517,low,True
2023-06-18 18:30:00,0.4,1.38,2.56,3.8,0.5703,28.35,1435.3,285.1,0.101,agriculture,171.7,normal,0.2065,low,True
2023-06-18 21:15:00,88.55,112.87,141.44,183.66,0.99,39.48,1684.4,282.9,0.051,agriculture,1641.0,wet,0.8154,critical,True
2023-06-18 21:15:00,0.23,0.69,2.25,5.4,0.8949,33.49,1356.6,274.8,1.003,forest,187.6,wet,0.216,low,True
2023-06-18 23:30:00,4.41,11.99,26.55,38.07,0.739,47.51,1976.4,205.0,0.179,urban,657.7,normal,0.2238,low,True
2023-06-19 02:30:00,0.75,1.46,3.35,6.15,0.5502,52.92,1395.0,342.5,1.249,forest,697.7,normal,0.1341,low,True
2023-06-19 06:15:00,0.58,1.15,2.45,3.82,0.1848,16.88,1935.6,299.4,0.131,barren,116.7,dry,0.118,low,True
2023-06-19 06:30:00,80.25,127.02,150.68,175.62,0.8848,40.26,2191.2,158.5,1.452,urban,326.8,normal,0.8407,critical,True
2023-06-19 08:30:00,0.05,0.18,0.37,0.85,0.8053,23.37,2106.9,267.3,0.982,agriculture,1041.2,wet,0.2055,low,True
2023-06-19 09:45:00,9.85,22.01,28.58,52.52,0.8343,22.0,1489.6,359.3,1.279,forest,336.3,normal,0.178,low,True
2023-06-19 10:15:00,1.64,2.88,5.18,7.84,0.245,56.62,300.0,313.6,0.159,forest,597.3,dry,0.096,low,True
2023-06-19 11:15:00,0.22,0.41,0.99,1.54,0.2086,28.74,1893.9,0.4,1.265,urban,227.3,dry,0.1508,low,True
2023-06-19 13:45:00,1.13,1.93,2.98,4.75,0.1802,37.74,732.6,265.6,0.531,forest,454.7,dry,0.093,low,True
2023-06-19 21:00:00,0.29,0.65,2.15,3.14,0.5805,29.1,1877.4,323.2,0.053,barren,17.7,normal,0.2398,low,True
2023-06-19 21:30:00,0.16,0.34,0.77,2.32,0.7692,20.7,1829.6,118.0,1.605,urban,552.0,wet,0.1322,low,True
2023-06-19 22:30:00,6.86,11.12,20.7,37.45,0.4199,48.02,1475.6,351.9,0.13,urban,400.0,dry,0.2093,low,True
2023-06-20 00:00:00,0.34,1.08,1.64,4.61,0.5907,53.91,1640.1,144.5,0.144,agriculture,165.6,normal,0.1698,low,True
2023-06-20 00:15:00,0.14,0.36,0.55,0.81,0.5069,22.41,2472.9,151.6,0.731,barren,198.8,normal,0.1735,low,True
2023-06-20 05:15:00,0.94,2.11,6.44,9.4,0.8617,46.36,2377.3,57.9,0.525,urban,148.4,wet,0.2749,low,True
2023-06-20 11:15:00,23.33,41.73,77.73,114.2,0.7793,36.86,1389.2,34.8,1.4,forest,270.0,normal,0.3881,medium,True
2023-06-20 11:30:00,20.79,34.56,73.98,109.33,0.4831,28.75,466.2,193.2,0.22,forest,50.3,dry,0.2742,low,True
2023-06-20 13:15:00,0.42,0.9,2.58,5.87,0.1713,40.02,2542.6,217.0,0.026,forest,662.3,dry,0.0983,low,True
2023-06-20 15:45:00,0.07,0.17,0.41,0.65,0.5467,37.73,653.2,132.1,3.179,forest,237.6,normal,0.2101,low,True
2023-06-20 17:45:00,0.05,0.19,0.57,1.13,0.7573,36.88,1654.7,218.4,0.225,barren,25.4,wet,0.3014,medium,True
2023-06-20 18:00:00,0.16,0.35,0.71,1.78,0.2547,43.13,1556.0,142.1,0.106,agriculture,291.8,dry,0.1171,low,True
2023-06-20 23:30:00,0.01,0.06,0.08,0.15,0.4384,22.58,1861.2,312.5,2.496,barren,943.3,normal,0.1315,low,True
2023-06-21 03:15:00,0.01,0.02,0.05,0.12,0.4957,27.05,2379.6,343.4,0.497,barren,42.0,normal,0.2201,low,True
2023-06-21 07:45:00,6.04,11.49,17.05,32.32,0.6315,19.61,1636.4,213.7,0.097,agriculture,56.0,normal,0.2913,medium,True
2023-06-21 09:00:00,0.08,0.35,0.75,1.65,0.1925,29.91,1297.2,303.2,1.084,agriculture,181.4,dry,0.1518,low,True
2023-06-21 09:45:00,0.24,0.96,2.87,4.27,0.8874,51.13,1770.8,307.3,1.745,forest,475.6,wet,0.2561,low,True
2023-06-21 13:30:00,0.26,0.46,0.73,1.18,0.3996,33.36,782.2,257.0,1.279,barren,334.8,normal,0.1331,low,True
2023-06-21 13:45:00,5.21,13.46,19.98,33.35,0.7436,29.93,1189.6,69.1,0.133,forest,224.3,normal,0.2387,low,True
2023-06-21 14:45:00,0.39,0.69,1.75,2.89,0.5376,36.88,1473.1,55.8,0.032,agriculture,1734.2,normal,0.1126,low,True
2023-06-21 15:15:00,0.11,0.41,1.18,2.73,0.754,26.17,1925.8,331.0,0.278,forest,81.9,wet,0.2695,low,True
2023-06-21 15:30:00,9.21,26.47,45.79,84.73,0.8897,35.74,2431.8,95.4,0.263,urban,613.6,normal,0.4522,medium,True
2023-06-21 16:15:00,2.11,6.42,9.52,15.96,0.5519,33.14,2248.8,88.7,0.312,urban,56.3,normal,0.2412,low,True
2023-06-21 21:30:00,0.51,0.94,2.79,5.96,0.5191,39.46,2152.4,59.8,0.963,agriculture,79.3,normal,0.2106,low,True
2023-06-21 22:30:00,2.26,7.35,11.73,22.48,0.6837,33.59,2255.3,189.9,0.006,agriculture,132.6,normal,0.2344,low,True
2023-06-21 22:45:00,0.16,0.44,1.12,1.67,0.1456,54.98,1953.5,243.7,0.674,barren,732.5,dry,0.1228,low,True
2023-06-22 00:00:00,0.05,0.14,0.23,0.55,0.7984,45.28,1646.5,243.4,2.526,forest,215.6,wet,0.2829,medium,True
2023-06-22 00:00:00,0.01,0.02,0.04,0.07,0.8383,14.53,999.9,94.0,0.306,forest,186.3,wet,0.1709,low,True
2023-06-22 03:45:00,0.14,0.36,0.8,1.36,0.4694,45.07,1619.1,34.1,0.398,agriculture,246.2,normal,0.1609,low,True
2023-06-22 05:15:00,24.03,56.78,95.75,131.1,0.7534,56.19,614.5,111.7,0.593,forest,358.8,normal,0.4785,medium,True
2023-06-22 06:30:00,16.17,37.03,73.94,132.57,0.5032,45.53,1286.8,181.2,0.202,agriculture,202.8,dry,0.3271,medium,True
2023-06-22 09:00:00,71.58,105.56,116.72,130.13,0.99,37.31,1638.9,220.5,0.761,agriculture,1159.5,wet,0.8609,critical,True
2023-06-22 09:15:00,0.65,3.09,5.98,10.01,0.4399,42.38,1635.8,97.4,0.136,forest,60.9,normal,0.2195,low,True
2023-06-22 09:15:00,0.3,0.79,1.5,3.98,0.4206,21.34,1222.4,65.9,0.04,forest,236.0,normal,0.1169,low,True
2023-06-22 10:00:00,0.37,0.64,1.64,2.51,0.8323,20.37,565.7,303.0,0.97,forest,197.9,wet,0.2453,low,True
2023-06-22 10:30:00,0.28,0.88,1.44,2.44,0.4573,47.24,1263.5,308.9,0.117,forest,423.0,normal,0.117,low,True
2023-06-22 11:15:00,0.19,0.86,1.69,3.93,0.8696,51.73,1446.9,100.8,0.789,agriculture,1164.7,wet,0.2122,low,True
2023-06-22 19:30:00,0.24,0.65,1.33,3.99,0.5464,28.61,1713.5,201.6,1.23,agriculture,129.1,normal,0.1919,low,True
2023-06-22 21:45:00,1.6,5.81,11.71,16.98,0.5662,29.61,2015.3,158.3,0.028,urban,1097.9,normal,0.1374,low,True
2023-06-23 01:15:00,0.75,1.44,3.3,7.53,0.5753,29.03,1415.3,51.1,0.736,forest,625.5,normal,0.125,low,True
2023-06-23 02:45:00,4.13,11.58,18.15,31.21,0.6618,31.64,1369.1,338.6,0.623,barren,592.1,normal,0.1403,low,True
2023-06-23 08:00:00,0.25,0.83,2.07,2.96,0.8123,33.03,1216.1,3.5,0.587,forest,36.6,wet,0.2659,low,True
2023-06-23 15:15:00,2.94,9.34,11.92,28.4,0.6565,21.2,1557.8,67.5,0.21,agriculture,998.1,normal,0.1446,low,True
2023-06-23 16:00:00,24.57,66.66,88.57,124.08,0.8343,22.65,2160.6,124.4,0.028,agriculture,649.1,normal,0.4851,medium,True
2023-06-23 16:00:00,49.99,80.53,120.42,130.88,0.5672,43.97,971.7,308.3,0.062,agriculture,413.9,dry,0.5484,high,True
2023-06-23 17:15:00,0.52,1.07,2.05,5.08,0.159,46.57,422.8,283.9,0.191,barren,57.9,dry,0.2467,low,True
2023-06-23 18:30:00,5.23,10.99,16.22,37.27,0.7988,24.46,1725.5,208.8,0.313,forest,200.7,normal,0.2102,low,True
2023-06-23 20:45:00,2.64,5.29,6.94,17.29,0.6408,38.46,2305.4,250.2,1.501,forest,651.9,normal,0.1707,low,True
2023-06-23 21:15:00,49.29,88.95,120.17,175.92,0.99,36.67,1783.7,122.7,0.691,barren,211.4,wet,0.7989,critical,True
2023-06-23 23:30:00,96.36,140.71,175.77,200.46,0.9071,40.46,1005.1,338.6,0.016,forest,210.7,normal,0.8974,critical,True
2023-06-24 06:15:00,0.01,0.03,0.05,0.14,0.5592,39.78,1536.8,9.6,1.513,forest,120.2,normal,0.2929,medium,True
2023-06-24 08:30:00,0.88,1.93,4.04,10.56,0.8509,25.33,1633.3,36.3,0.765,forest,28.4,wet,0.2909,medium,True
2023-06-24 09:15:00,0.18,0.52,1.11,1.81,0.4677,36.02,2029.4,333.2,0.407,forest,261.8,normal,0.1209,low,True
2023-06-24 09:45:00,1.97,3.34,5.6,8.0,0.778,20.56,1079.3,340.2,0.373,agriculture,531.3,wet,0.1175,low,True
2023-06-24 10:15:00,0.27,1.16,2.28,3.49,0.5581,60.49,2544.1,176.6,1.623,agriculture,65.3,normal,0.2119,low,True
2023-06-24 14:30:00,3.13,7.89,10.69,20.56,0.3756,22.63,1352.3,207.5,0.479,forest,794.8,dry,0.1255,low,True
2023-06-24 14:30:00,109.76,153.3,192.34,207.58,0.8239,18.81,1204.4,324.9,0.419,forest,293.6,normal,0.7969,critical,True
2023-06-24 18:15:00,1.19,2.16,3.57,6.27,0.249,32.55,1772.9,307.2,0.894,barren,595.5,dry,0.131,low,True
2023-06-24 21:00:00,1.43,5.89,8.67,14.36,0.6294,26.3,763.7,310.3,0.54,barren,394.9,normal,0.2017,low,True
2023-06-24 23:15:00,0.58,1.12,2.28,6.78,0.2715,36.84,2834.4,133.8,0.172,urban,60.7,dry,0.2014,low,True
2023-06-25 00:00:00,0.64,1.12,3.48,5.06,0.5551,30.27,1879.6,299.0,4.076,urban,839.8,normal,0.1853,low,True
2023-06-25 00:15:00,0.01,0.02,0.04,0.1,0.3174,40.36,1433.0,25.0,0.198,urban,453.2,dry,0.1362,low,True
2023-06-25 04:30:00,5.7,8.81,16.81,33.09,0.3473,26.28,1008.8,175.3,0.69,barren,22.7,dry,0.1867,low,True
2023-06-25 05:00:00,3.06,8.18,11.84,16.66,0.5808,18.58,1486.7,85.5,0.404,agriculture,313.7,normal,0.1985,low,True
2023-06-25 07:30:00,0.11,0.42,0.73,1.89,0.167,47.35,2183.2,12.9,0.078,forest,239.0,dry,0.1227,low,True
2023-06-25 08:15:00,0.56,1.4,2.3,4.05,0.1653,47.78,1370.5,222.2,1.916,agriculture,696.0,dry,0.1468,low,True
2023-06-25 09:30:00,0.19,0.43,0.75,1.66,0.5206,37.92,1147.0,27.4,0.245,forest,55.9,normal,0.2275,low,True
2023-06-25 09:45:00,0.25,0.48,0.83,2.57,0.1536,38.59,2022.6,43.3,0.642,urban,322.8,dry,0.1512,low,True
2023-06-25 10:15:00,4.46,8.38,11.17,15.82,0.1671,34.26,970.3,29.4,0.803,agriculture,140.0,dry,0.2046,low,True
2023-06-25 11:00:00,57.28,103.52,123.95,163.0,0.5267,46.54,1740.4,351.0,0.301,agriculture,108.7,dry,0.6684,high,True
2023-06-25 12:15:00,0.55,1.51,3.5,8.68,0.8308,30.18,1847.2,14.1,0.181,forest,18.0,wet,0.3056,medium,True
2023-06-25 15:15:00,4.35,9.98,13.89,27.73,0.6972,19.84,1830.4,97.1,0.036,agriculture,151.3,normal,0.2842,medium,True
2023-06-25 16:45:00,6.6,14.03,23.96,50.02,0.6704,37.78,1858.8,234.7,1.817,forest,186.5,normal,0.2821,medium,True
2023-06-25 16:45:00,0.91,4.31,6.94,10.03,0.7847,45.16,1029.7,296.4,0.523,forest,217.8,wet,0.1798,low,True
2023-06-25 21:45:00,0.03,0.08,0.26,0.5,0.1707,52.34,1487.3,219.0,0.756,forest,474.4,dry,0.1382,low,True
2023-06-26 00:15:00,2.17,6.7,15.28,27.08,0.6155,56.93,1449.1,351.5,0.38,forest,190.9,normal,0.2074,low,True
2023-06-26 02:00:00,0.01,0.01,0.03,0.05,0.7354,62.54,1682.5,121.6,0.159,agriculture,86.0,wet,0.2987,medium,True
2023-06-26 02:00:00,3.1,4.81,11.61,24.06,0.6248,25.07,520.5,169.9,3.231,agriculture,187.7,normal,0.2536,low,True
2023-06-26 03:00:00,0.31,0.61,1.67,2.61,0.8293,11.19,760.5,295.7,2.054,barren,35.2,wet,0.2555,low,True
2023-06-26 06:15:00,0.05,0.19,0.58,1.45,0.7337,29.02,2896.3,245.4,1.18,forest,1262.4,wet,0.181,low,True
2023-06-26 09:00:00,2.33,6.9,13.67,18.44,0.3201,24.91,2035.3,77.1,1.487,forest,34.0,dry,0.2598,low,True
2023-06-26 09:15:00,0.12,0.24,0.43,1.29,0.8394,29.35,1472.3,179.5,0.513,urban,88.9,wet,0.2459,low,True
2023-06-26 12:45:00,0.61,1.31,1.89,3.39,0.7525,38.51,1645.6,351.3,0.275,agriculture,205.5,wet,0.17,low,True
2023-06-26 20:00:00,0.32,0.65,1.82,4.43,0.5864,55.38,2810.8,310.7,0.252,agriculture,958.2,normal,0.1634,low,True
2023-06-26 22:30:00,0.58,1.94,3.94,12.14,0.9079,36.77,475.6,69.0,1.628,agriculture,78.9,wet,0.3029,medium,True
2023-06-27 00:00:00,75.4,91.89,103.1,139.91,0.5178,16.94,1668.4,64.7,1.915,barren,188.7,dry,0.6858,high,True
2023-06-27 00:00:00,0.01,0.02,0.05,0.09,0.4605,29.17,1395.1,298.2,0.348,forest,1598.7,normal,0.0543,low,True
2023-06-27 00:30:00,9.38,14.91,25.1,44.21,0.3413,39.55,2345.6,71.6,0.561,forest,332.5,dry,0.1348,low,True
2023-06-27 00:45:00,1.98,5.83,10.28,18.61,0.2211,35.43,1944.3,163.0,0.982,barren,343.7,dry,0.1463,low,True
2023-06-27 01:15:00,5.95,11.04,13.94,26.26,0.6045,38.3,2898.5,65.1,0.727,forest,1289.1,normal,0.1582,low,True
2023-06-27 01:30:00,4.54,7.76,11.32,19.21,0.5871,27.13,2088.6,5.3,1.223,barren,256.9,normal,0.1604,low,True
2023-06-27 01:45:00,2.38,5.38,12.25,18.6,0.6126,29.19,1334.6,315.1,0.563,forest,10.9,normal,0.3196,medium,True
2023-06-27 02:30:00,0.12,0.47,0.87,1.35,0.5503,23.08,1458.8,280.4,0.524,agriculture,21.0,normal,0.2246,low,True
2023-06-27 04:45:00,0.02,0.07,0.16,0.33,0.4461,26.48,2010.9,169.4,0.283,barren,410.3,normal,0.1349,low,True
2023-06-27 07:30:00,12.69,23.99,31.24,48.99,0.4434,21.11,2471.7,57.4,0.046,forest,93.2,dry,0.239,low,True
2023-06-27 09:15:00,2.11,3.66,7.57,18.75,0.6197,22.49,1174.9,290.3,0.034,urban,237.9,normal,0.1919,low,True
2023-06-27 09:30:00,109.34,132.37,147.43,199.21,0.99,34.21,1753.6,129.4,0.099,urban,290.5,wet,0.7626,critical,True
2023-06-27 10:00:00,1.92,4.53,10.43,15.25,0.5463,25.21,424.4,238.3,0.036,agriculture,395.2,normal,0.1338,low,True
2023-06-27 10:45:00,9.07,16.36,30.1,40.6,0.7267,17.53,1424.1,114.0,0.46,urban,40.6,normal,0.3905,medium,True
2023-06-27 18:45:00,0.23,0.64,1.06,2.94,0.5414,25.22,2635.4,155.6,0.31,forest,509.6,normal,0.1165,low,True
2023-06-27 22:30:00,0.0,0.01,0.02,0.05,0.5738,37.72,2511.3,192.8,0.016,urban,894.7,normal,0.0848,low,True
2023-06-27 23:15:00,0.12,0.22,0.47,0.67,0.4992,33.69,2049.6,274.3,0.013,forest,113.4,normal,0.1758,low,True
2023-06-27 23:45:00,0.31,1.36,1.96,3.01,0.8061,25.74,2667.5,299.5,0.444,forest,177.6,wet,0.2726,low,True
2023-06-28 01:00:00,5.85,9.55,19.86,33.74,0.6328,22.5,1443.0,159.7,0.478,forest,486.7,normal,0.1742,low,True
2023-06-28 02:30:00,0.07,0.24,0.35,0.6,0.455,28.92,1560.8,83.9,0.023,forest,110.0,normal,0.1029,low,True
2023-06-28 03:00:00,0.04,0.07,0.12,0.27,0.4796,22.93,1432.2,55.3,0.665,forest,283.5,normal,0.1038,low,True
2023-06-28 05:45:00,0.17,0.6,1.95,3.17,0.452,22.34,1992.7,122.7,0.081,urban,387.5,normal,0.0485,low,True
2023-06-28 11:45:00,0.02,0.06,0.2,0.54,0.4782,26.58,3351.8,288.6,0.409,urban,750.0,normal,0.0942,low,True
2023-06-28 15:45:00,0.16,0.3,0.59,1.38,0.4401,24.94,1820.0,98.6,0.104,forest,158.3,normal,0.2293,low,True
2023-06-28 17:30:00,113.01,156.6,178.29,232.07,0.7847,54.27,915.4,17.1,0.024,forest,247.5,normal,0.8225,critical,True
2023-06-28 20:15:00,3.73,11.79,21.78,51.49,0.7105,21.72,938.2,203.1,0.143,barren,81.4,normal,0.2683,low,True
2023-06-29 00:00:00,0.28,0.59,0.87,1.32,0.5276,29.73,1077.3,12.1,0.374,forest,138.7,normal,0.2143,low,True
2023-06-29 02:30:00,0.0,0.01,0.02,0.03,0.8304,30.88,1113.0,318.6,0.817,forest,44.9,wet,0.2223,low,True
2023-06-29 05:45:00,0.34,0.6,1.16,3.28,0.5115,27.97,1059.6,244.1,0.185,agriculture,87.1,normal,0.2002,low,True
2023-06-29 07:15:00,9.34,20.02,25.64,52.66,0.99,34.36,1731.4,92.5,0.693,forest,158.7,wet,0.3158,medium,True
2023-06-29 09:00:00,4.21,11.51,20.02,26.76,0.3625,27.22,744.1,168.9,1.191,forest,203.2,dry,0.2189,low,True
2023-06-29 09:00:00,0.08,0.21,0.56,1.18,0.186,25.31,1894.0,266.1,0.189,barren,439.5,dry,0.0693,low,True
2023-06-29 10:00:00,0.16,0.36,0.54,1.34,0.5167,26.95,2192.8,329.6,0.443,agriculture,224.7,normal,0.1327,low,True
2023-06-29 15:00:00,0.82,2.38,5.47,9.8,0.8003,36.58,1227.4,314.8,0.316,forest,27.6,wet,0.2655,low,True
2023-06-29 15:30:00,1.45,3.08,9.44,14.65,0.5936,30.28,1806.8,25.0,0.017,urban,503.3,normal,0.1486,low,True
2023-06-29 15:45:00,0.63,1.69,3.63,6.61,0.2247,20.3,1999.3,29.2,0.298,agriculture,276.3,dry,0.0696,low,True
2023-06-29 16:45:00,10.58,18.48,24.51,41.19,0.4204,31.37,2127.0,215.2,0.284,forest,991.3,dry,0.0652,low,True
2023-06-29 18:45:00,1.11,2.13,3.13,8.22,0.5238,47.35,1666.1,178.7,0.584,forest,363.0,normal,0.1791,low,True
2023-06-29 19:15:00,21.25,40.93,81.91,112.51,0.6175,17.2,1031.3,105.5,1.208,forest,277.2,dry,0.3009,medium,True
2023-06-29 20:45:00,0.09,0.17,0.3,0.67,0.5672,23.62,1664.7,351.4,0.669,forest,132.1,normal,0.2252,low,True
2023-06-29 20:45:00,0.07,0.23,0.5,1.37,0.5701,30.84,1506.1,268.7,0.263,forest,104.4,normal,0.2669,low,True
2023-06-30 04:30:00,70.78,89.3,121.37,131.59,0.7667,21.73,1683.9,247.4,0.357,forest,101.5,normal,0.6951,high,True
2023-06-30 04:30:00,4.29,6.72,14.33,27.27,0.3549,37.42,1005.1,65.3,1.309,forest,193.0,dry,0.2069,low,True
2023-06-30 06:00:00,0.1,0.24,0.48,1.33,0.2895,33.52,689.2,102.2,0.611,agriculture,75.8,dry,0.2215,low,True
2023-06-30 07:00:00,0.8,1.41,2.22,4.26,0.524,23.8,390.4,217.8,0.296,barren,660.7,normal,0.0968,low,True
2023-06-30 07:15:00,7.0,11.49,24.6,40.21,0.4159,21.14,547.6,286.4,0.55,agriculture,582.5,dry,0.0831,low,True
2023-06-30 08:45:00,0.54,1.48,2.24,4.7,0.5356,62.43,506.6,335.2,0.62,agriculture,466.8,normal,0.186,low,True
2023-06-30 11:00:00,0.09,0.17,0.43,0.83,0.9121,29.1,2214.8,251.2,0.395,urban,27.5,wet,0.2392,low,True
2023-06-30 13:45:00,0.13,0.41,1.23,2.21,0.2463,65.0,1750.7,150.7,1.203,agriculture,36.1,dry,0.2147,low,True
2023-06-30 14:30:00,22.74,45.1,74.52,128.28,0.6017,22.34,1623.9,248.8,1.005,forest,364.1,dry,0.2717,low,True
2023-06-30 16:45:00,0.24,0.42,1.18,1.71,0.206,31.9,1394.3,24.9,0.446,forest,493.8,dry,0.093,low,True
2023-06-30 17:30:00,0.06,0.18,0.44,1.09,0.8377,49.51,452.0,216.0,1.907,barren,19.5,wet,0.3288,medium,True
2023-06-30 19:00:00,1.14,1.94,3.01,7.39,0.2194,37.47,1831.0,322.1,1.837,forest,130.1,dry,0.1826,low,True
2023-06-30 21:15:00,0.33,1.03,1.61,3.33,0.9069,31.47,1735.8,229.3,2.03,forest,61.3,wet,0.2738,low,True
2023-06-30 23:45:00,4.29,13.32,21.12,34.03,0.623,26.47,1627.5,2.7,0.149,agriculture,102.1,normal,0.1957,low,True
2023-07-01 00:30:00,0.38,1.35,2.92,7.03,0.4772,22.8,1139.2,250.0,0.065,agriculture,265.7,normal,0.1227,low,True
2023-07-01 01:00:00,51.77,77.52,110.13,144.19,0.4886,14.67,1184.7,261.5,0.579,barren,50.5,dry,0.6708,high,True
2023-07-01 01:30:00,9.04,18.88,34.37,52.42,0.7798,39.14,1913.9,194.8,0.78,forest,101.4,normal,0.3102,medium,True
2023-07-01 03:30:00,57.29,74.59,104.57,147.66,0.9474,45.59,1139.5,293.8,0.22,forest,301.3,normal,0.6168,high,True
2023-07-01 04:30:00,3.68,10.89,15.18,21.39,0.6097,29.9,2237.7,72.8,0.463,urban,258.3,normal,0.2153,low,True
2023-07-01 07:15:00,15.63,25.93,45.38,58.32,0.9117,26.26,2559.7,147.2,0.626,forest,692.2,normal,0.2585,low,True
2023-07-01 09:30:00,2.32,6.59,8.43,17.43,0.6572,48.96,2271.3,290.7,0.373,forest,67.1,normal,0.253,low,True
2023-07-01 12:30:00,0.05,0.12,0.39,0.67,0.5346,23.34,1657.2,217.3,0.468,agriculture,171.6,normal,0.1872,low,True
2023-07-01 13:30:00,0.29,1.07,1.86,4.65,0.4663,23.24,1544.2,358.0,0.047,barren,913.6,normal,0.1,low,True
2023-07-01 13:45:00,66.7,114.09,135.61,151.31,0.8908,25.48,1659.0,24.9,3.08,barren,566.0,normal,0.8227,critical,True
2023-07-01 19:30:00,0.17,0.68,1.17,2.43,0.631,49.35,2007.7,88.0,0.286,urban,328.4,normal,0.1743,low,True
2023-07-02 00:00:00,0.06,0.21,0.56,1.17,0.2602,22.03,2473.0,71.7,0.138,forest,522.9,dry,0.0051,low,True
2023-07-02 00:30:00,0.15,0.29,0.52,1.43,0.5602,48.67,1931.9,351.5,0.392,forest,218.2,normal,0.2025,low,True
2023-07-02 00:45:00,8.6,13.24,19.64,48.36,0.7019,31.34,580.6,312.9,0.229,forest,855.5,normal,0.1921,low,True
2023-07-02 03:30:00,4.17,9.05,15.31,25.63,0.3495,45.2,1043.4,47.9,0.298,barren,330.4,dry,0.11,low,True
2023-07-02 04:15:00,3.42,5.34,8.87,20.07,0.6836,21.22,1509.3,127.4,0.497,agriculture,426.3,normal,0.1917,low,True
2023-07-02 08:00:00,0.09,0.28,0.93,1.85,0.2465,28.54,2191.7,18.9,0.196,forest,379.4,dry,0.0948,low,True
2023-07-02 08:45:00,0.56,1.28,2.33,4.89,0.1627,47.8,2975.0,227.7,0.659,barren,401.0,dry,0.1243,low,True
2023-07-02 09:45:00,0.01,0.03,0.06,0.14,0.8225,33.63,1643.3,119.2,0.339,forest,368.6,wet,0.2491,low,True
2023-07-02 11:45:00,9.87,24.89,56.19,90.16,0.8534,27.05,2000.8,92.7,0.053,agriculture,36.8,normal,0.4462,medium,True
2023-07-02 14:00:00,1.37,2.4,4.17,6.85,0.5193,41.77,671.4,188.3,1.308,urban,334.1,normal,0.196,low,True
2023-07-02 17:00:00,0.1,0.2,0.34,1.07,0.8347,26.53,1177.9,286.4,0.389,forest,545.4,wet,0.1495,low,True
2023-07-02 19:30:00,0.79,1.89,3.65,6.26,0.2062,27.86,1813.3,145.4,1.538,forest,10.1,dry,0.1866,low,True
2023-07-02 19:45:00,6.57,12.06,28.1,54.93,0.99,16.66,368.6,272.7,0.287,forest,787.9,wet,0.2425,low,True
2023-07-02 21:15:00,1.24,3.67,6.21,9.01,0.2238,33.47,1747.8,160.6,0.469,forest,1074.5,dry,0.0971,low,True
2023-07-02 22:15:00,0.03,0.07,0.14,0.47,0.4744,14.52,1372.7,77.2,1.241,forest,58.0,normal,0.2195,low,True
2023-07-03 00:45:00,0.31,0.61,1.32,2.31,0.4671,45.93,1627.2,160.6,0.372,agriculture,278.0,normal,0.1496,low,True
2023-07-03 04:30:00,6.24,11.56,25.82,41.86,0.99,35.9,1171.0,193.7,0.602,forest,51.0,wet,0.3368,medium,True
2023-07-03 05:30:00,82.38,117.48,145.43,204.78,0.8625,16.07,1913.9,166.2,0.17,urban,126.4,normal,0.8322,critical,True
2023-07-03 06:00:00,0.04,0.08,0.23,0.45,0.5221,38.18,2235.0,98.8,0.163,forest,350.0,normal,0.1253,low,True
2023-07-03 06:30:00,0.94,3.64,8.07,21.76,0.5908,55.68,2047.4,66.6,0.469,forest,136.3,normal,0.2078,low,True
2023-07-03 08:45:00,0.14,0.48,1.58,2.65,0.2518,38.29,2029.2,340.9,0.57,forest,169.2,dry,0.1906,low,True
2023-07-03 10:15:00,0.29,0.75,1.51,3.67,0.6299,33.78,1941.5,107.1,0.64,barren,489.8,normal,0.1158,low,True
2023-07-03 11:45:00,16.6,27.34,37.12,50.04,0.5092,23.2,1589.6,253.9,0.878,forest,309.5,dry,0.2244,low,True
2023-07-03 13:45:00,28.16,51.36,71.64,125.33,0.8415,15.74,1337.2,122.6,1.535,barren,265.5,normal,0.6774,high,True
2023-07-03 16:30:00,0.05,0.09,0.24,0.77,0.5046,37.8,2154.3,349.1,0.165,barren,147.1,normal,0.1093,low,True
2023-07-03 20:15:00,0.42,0.83,1.66,2.37,0.862,38.59,1069.2,355.8,0.58,urban,436.3,wet,0.1927,low,True
2023-07-03 22:00:00,98.6,144.38,164.36,181.99,0.8549,49.56,1900.5,297.0,0.351,barren,203.1,normal,0.8536,critical,True
2023-07-03 23:00:00,4.7,15.05,23.97,39.38,0.99,25.46,1884.5,209.3,0.056,forest,811.8,wet,0.2987,medium,True
2023-07-03 23:45:00,0.17,0.76,1.4,4.46,0.2049,18.81,970.0,195.1,0.363,barren,332.1,dry,0.0457,low,True
2023-07-04 00:00:00,1.34,2.46,5.91,8.89,0.322,44.05,1033.5,118.4,0.938,urban,280.5,dry,0.1442,low,True
2023-07-04 04:30:00,0.16,0.48,1.04,2.12,0.5145,51.36,1906.2,43.9,0.049,urban,578.8,normal,0.1135,low,True
2023-07-04 05:30:00,8.57,13.94,30.93,42.05,0.7179,14.52,1726.5,28.5,0.559,forest,242.6,normal,0.2839,medium,True
2023-07-04 05:45:00,2.48,5.52,12.37,26.31,0.6844,34.43,1815.6,167.6,0.317,agriculture,124.6,normal,0.2211,low,True
2023-07-04 05:45:00,0.44,0.9,1.57,3.37,0.5035,39.74,1470.9,352.4,0.637,forest,69.0,normal,0.189,low,True
2023-07-04 07:00:00,76.2,110.51,126.36,164.06,0.5469,18.42,2519.4,88.9,1.033,forest,298.8,dry,0.5168,medium,True
2023-07-04 07:15:00,0.48,1.31,1.88,3.38,0.5535,27.33,1953.4,147.9,0.468,barren,203.6,normal,0.1911,low,True
2023-07-04 08:00:00,0.15,0.33,0.97,2.41,0.1905,41.91,2406.8,230.9,0.217,urban,187.3,dry,0.1874,low,True
2023-07-04 08:00:00,0.22,0.46,0.68,2.25,0.1891,34.96,1442.0,126.4,0.057,agriculture,160.5,dry,0.0935,low,True
2023-07-04 09:45:00,0.13,0.28,0.55,1.29,0.1896,41.06,2199.2,1.3,0.204,barren,399.7,dry,0.1353,low,True
2023-07-04 15:00:00,0.38,0.95,1.42,4.32,0.5157,31.32,1410.8,142.6,0.272,forest,266.2,normal,0.165,low,True
2023-07-04 17:00:00,16.21,50.06,70.19,109.61,0.8215,52.92,1402.5,289.7,0.615,forest,279.7,normal,0.4065,medium,True
2023-07-04 18:00:00,0.22,0.5,0.76,1.19,0.1924,37.53,866.3,339.8,0.295,agriculture,138.9,dry,0.0992,low,True
2023-07-04 18:45:00,0.26,0.51,1.08,1.97,0.5471,39.37,1872.9,99.0,0.309,forest,342.9,normal,0.1314,low,True
2023-07-05 00:30:00,0.33,0.61,1.06,2.82,0.6034,32.65,985.8,331.8,0.206,urban,190.8,normal,0.1532,low,True
2023-07-05 03:45:00,0.55,1.52,3.9,12.38,0.869,26.21,1230.0,312.2,0.27,forest,523.6,wet,0.162,low,True
2023-07-05 04:30:00,0.79,1.74,4.13,6.31,0.5211,31.39,787.8,146.4,0.186,forest,273.9,normal,0.1847,low,True
2023-07-05 12:00:00,0.03,0.1,0.34,0.78,0.1609,34.66,462.0,1.7,0.795,agriculture,129.6,dry,0.1635,low,True
2023-07-05 12:15:00,2.06,3.45,6.03,9.15,0.8691,41.85,1550.3,304.2,2.443,forest,65.9,wet,0.3036,medium,True
2023-07-05 12:30:00,0.07,0.22,0.59,0.9,0.2177,26.87,1171.7,103.2,0.796,urban,431.3,dry,0.0232,low,True
2023-07-05 12:30:00,87.7,107.23,135.53,160.67,0.8043,26.16,1798.2,272.1,0.046,agriculture,172.3,normal,0.7966,critical,True
2023-07-05 13:45:00,5.59,13.44,25.25,46.93,0.7283,45.17,1569.2,205.7,0.601,forest,33.7,normal,0.2654,low,True
2023-07-05 17:00:00,0.84,1.69,2.89,6.12,0.2156,23.73,2227.1,79.8,0.728,barren,872.5,dry,0.1256,low,True
2023-07-05 17:30:00,0.25,0.62,1.1,2.43,0.4776,21.94,2755.8,233.4,0.904,forest,181.1,normal,0.132,low,True
2023-07-05 17:30:00,0.18,0.89,1.71,3.04,0.2034,33.97,2289.1,275.3,0.863,barren,489.6,dry,0.1208,low,True
2023-07-05 18:00:00,27.97,49.19,69.84,119.34,0.99,44.28,1618.0,170.8,0.426,forest,225.0,wet,0.6313,high,True
2023-07-05 18:00:00,83.07,119.93,134.77,163.37,0.4544,19.78,2003.7,269.2,0.183,forest,785.5,dry,0.4624,medium,True
2023-07-05 23:15:00,0.03,0.08,0.22,0.32,0.5262,30.67,2387.8,145.8,0.077,urban,20.3,normal,0.1884,low,True
2023-07-06 00:00:00,12.73,23.11,41.61,56.3,0.7714,63.73,1298.1,352.9,0.005,barren,115.1,normal,0.3779,medium,True
2023-07-06 02:00:00,3.86,10.99,27.33,38.88,0.4407,56.16,2137.0,86.3,0.001,forest,286.2,dry,0.2256,low,True
2023-07-06 02:15:00,8.29,16.84,29.25,40.4,0.6363,35.76,2383.8,280.0,1.651,agriculture,146.6,normal,0.3112,medium,True
2023-07-06 03:30:00,2.17,4.98,9.93,22.05,0.7996,20.78,1649.4,269.9,0.562,urban,485.1,wet,0.3018,medium,True
2023-07-06 06:00:00,0.19,0.54,1.54,2.5,0.5468,34.07,1881.2,190.6,0.512,forest,418.1,normal,0.1104,low,True
2023-07-06 08:30:00,23.03,49.57,78.38,120.62,0.8369,14.99,2827.5,126.1,0.284,forest,19.0,normal,0.4772,medium,True
2023-07-06 10:45:00,0.03,0.09,0.21,0.57,0.4661,13.18,1225.0,160.5,0.961,agriculture,331.2,normal,0.1434,low,True
2023-07-06 16:00:00,0.27,0.59,1.86,3.44,0.7911,54.36,1438.5,226.6,0.149,forest,642.5,wet,0.1912,low,True
2023-07-06 17:45:00,0.28,0.78,2.08,3.17,0.2079,46.01,1933.6,190.9,0.804,forest,142.7,dry,0.1847,low,True
2023-07-06 19:00:00,0.36,0.72,2.04,3.57,0.4757,26.23,1068.4,274.2,0.27,urban,62.5,normal,0.2075,low,True
2023-07-06 21:15:00,1.64,2.87,4.13,12.08,0.3176,20.74,1555.9,129.8,0.738,forest,479.2,dry,0.1183,low,True
2023-07-06 22:15:00,2.64,4.78,7.63,16.21,0.846,65.0,868.7,38.6,0.735,barren,817.4,wet,0.2184,low,True
2023-07-07 00:30:00,2.65,6.46,10.8,16.85,0.6016,37.7,464.2,182.0,0.227,agriculture,384.4,normal,0.1302,low,True
2023-07-07 06:15:00,5.12,10.1,15.66,25.03,0.99,23.14,1744.2,93.2,1.633,agriculture,664.9,wet,0.1974,low,True
2023-07-07 08:45:00,0.13,0.22,0.48,1.27,0.8109,30.49,800.0,222.0,0.425,agriculture,2326.6,wet,0.1221,low,True
2023-07-07 09:00:00,3.73,9.95,19.42,30.37,0.3449,64.82,1047.0,187.3,0.179,forest,252.2,dry,0.2551,low,True
2023-07-07 10:00:00,0.11,0.2,0.61,1.18,0.2457,45.13,2214.3,280.3,0.672,forest,968.2,dry,0.0753,low,True
2023-07-07 12:00:00,0.01,0.02,0.04,0.06,0.1528,32.61,1701.9,207.1,0.834,forest,157.8,dry,0.1852,low,True
2023-07-07 13:15:00,0.09,0.24,0.65,1.43,0.516,32.34,1577.8,155.1,1.806,barren,489.2,normal,0.1512,low,True
2023-07-07 16:00:00,0.04,0.07,0.18,0.54,0.5449,32.59,1376.7,43.1,0.046,forest,821.1,normal,0.1015,low,True
2023-07-07 16:45:00,0.79,1.5,3.74,7.74,0.9371,29.26,2523.2,43.3,0.466,forest,267.5,wet,0.2707,low,True
2023-07-07 20:15:00,4.29,14.0,19.86,39.7,0.8342,28.89,2943.1,230.5,0.404,urban,354.7,normal,0.2869,medium,True
2023-07-08 01:15:00,0.67,1.72,3.12,7.92,0.4685,19.84,1963.9,317.1,0.223,urban,1243.1,normal,0.0806,low,True
2023-07-08 03:45:00,0.27,0.73,1.46,4.64,0.7753,34.26,300.0,149.3,0.876,forest,111.2,wet,0.2472,low,True
2023-07-08 04:00:00,11.11,18.31,22.97,32.06,0.3921,34.05,1579.3,191.1,0.13,forest,164.0,dry,0.1916,low,True
2023-07-08 04:15:00,9.51,18.62,26.05,43.68,0.4094,56.56,966.1,212.8,0.238,barren,527.9,dry,0.2431,low,True
2023-07-08 09:30:00,111.95,158.08,185.38,216.62,0.8144,54.21,1330.6,171.8,0.872,barren,155.9,normal,0.8388,critical,True
2023-07-08 12:15:00,0.16,0.29,0.44,1.12,0.4767,29.49,1888.6,21.4,0.389,forest,253.1,normal,0.1673,low,True
2023-07-08 13:45:00,0.28,0.89,1.69,4.84,0.8952,17.54,1663.4,212.1,0.088,forest,28.1,wet,0.3202,medium,True
2023-07-08 14:30:00,10.56,25.81,36.43,66.57,0.8784,24.74,777.8,49.4,1.348,barren,301.7,normal,0.3998,medium,True
2023-07-08 15:45:00,0.1,0.26,0.38,0.94,0.8414,25.58,1184.7,200.1,0.787,urban,355.0,wet,0.2098,low,True
2023-07-08 21:15:00,0.02,0.05,0.09,0.26,0.4953,20.59,2288.9,279.1,0.496,barren,40.2,normal,0.1678,low,True
2023-07-08 22:00:00,0.18,0.84,1.43,3.22,0.1902,29.71,2553.6,2.0,0.564,forest,107.9,dry,0.1269,low,True
2023-07-08 22:15:00,0.1,0.24,0.8,2.28,0.2383,19.83,2419.0,155.0,0.59,forest,208.7,dry,0.149,low,True
2023-07-09 00:30:00,0.97,2.1,6.27,10.76,0.2604,37.37,789.4,268.4,0.415,agriculture,541.9,dry,0.045,low,True
2023-07-09 01:00:00,8.21,15.61,27.14,53.28,0.4062,19.82,1388.9,190.3,0.819,forest,17.7,dry,0.3081,medium,True
2023-07-09 02:00:00,10.91,31.12,71.36,112.46,0.8725,21.81,1163.5,84.7,0.754,forest,150.9,normal,0.3602,medium,True
2023-07-09 02:30:00,0.1,0.24,0.52,1.09,0.5585,26.93,2000.0,251.1,0.002,forest,11.7,normal,0.2884,medium,True
2023-07-09 03:15:00,0.27,0.71,1.32,2.47,0.4221,38.36,1423.4,282.1,0.07,agriculture,267.8,normal,0.1179,low,True
2023-07-09 04:30:00,9.29,16.42,20.69,30.61,0.6702,21.77,991.5,130.5,0.015,agriculture,251.7,normal,0.2124,low,True
2023-07-09 06:15:00,7.27,13.59,21.76,49.89,0.5137,26.24,2487.6,107.1,0.111,barren,502.8,dry,0.1463,low,True
2023-07-09 08:00:00,16.96,42.02,80.06,125.84,0.863,45.95,1253.1,196.2,0.045,barren,11.4,normal,0.6024,high,True
2023-07-09 08:15:00,0.15,0.3,0.88,1.48,0.5355,41.11,2206.7,131.6,0.129,urban,507.6,normal,0.1706,low,True
2023-07-09 10:15:00,0.37,1.13,2.11,3.91,0.7489,24.34,1233.9,300.9,0.464,barren,786.5,wet,0.1472,low,True
2023-07-09 11:30:00,47.0,89.71,106.97,120.94,0.99,47.75,2072.3,280.5,0.665,forest,143.7,wet,0.7708,critical,True
2023-07-09 11:45:00,0.06,0.17,0.28,0.48,0.768,30.01,1405.9,112.3,1.505,forest,152.1,wet,0.2535,low,True
2023-07-09 14:15:00,9.58,20.11,27.52,48.54,0.7925,44.23,976.2,164.5,0.807,agriculture,10.4,normal,0.3318,medium,True
2023-07-09 18:30:00,2.72,6.7,13.73,32.65,0.3287,45.79,2291.0,320.2,0.019,forest,206.2,dry,0.1568,low,True
2023-07-09 18:45:00,0.3,0.87,1.78,2.57,0.1971,25.71,1175.5,53.1,0.379,urban,342.3,dry,0.0572,low,True
2023-07-09 19:15:00,0.73,2.42,3.94,8.68,0.8402,23.99,1665.7,271.5,0.676,forest,55.8,wet,0.2772,low,True
2023-07-09 20:00:00,0.47,0.95,1.79,3.41,0.4852,62.44,820.4,114.0,0.227,forest,384.7,normal,0.1331,low,True
2023-07-09 20:15:00,0.06,0.18,0.43,0.81,0.4866,36.23,773.1,43.0,0.276,agriculture,169.4,normal,0.162,low,True
2023-07-09 21:00:00,0.48,0.99,3.14,9.63,0.8073,21.46,2523.1,42.1,0.974,agriculture,401.2,wet,0.1905,low,True
2023-07-09 22:30:00,6.32,11.38,19.13,29.02,0.6213,18.98,1683.9,99.5,0.029,agriculture,111.2,normal,0.1801,low,True
2023-07-10 00:45:00,0.47,1.33,3.21,5.27,0.2735,26.57,1536.5,197.3,0.465,agriculture,531.5,dry,0.0786,low,True
2023-07-10 02:15:00,0.2,0.39,0.58,0.85,0.2559,54.67,1346.4,326.8,0.979,forest,288.6,dry,0.1964,low,True
2023-07-10 06:15:00,0.31,0.88,1.62,2.41,0.2298,19.31,1133.2,109.1,0.958,forest,276.6,dry,0.1271,low,True
2023-07-10 06:15:00,0.04,0.1,0.24,0.42,0.5844,62.76,1949.8,71.7,0.077,urban,244.4,normal,0.2317,low,True
2023-07-10 06:45:00,1.87,5.25,9.53,22.31,0.6326,40.55,2452.2,172.3,1.118,forest,655.8,normal,0.1286,low,True
2023-07-10 07:00:00,0.14,0.68,1.11,3.22,0.8352,17.72,2090.5,56.4,0.048,forest,292.8,wet,0.173,low,True
2023-07-10 07:30:00,0.02,0.07,0.11,0.19,0.5254,30.95,1966.4,97.8,1.547,forest,70.9,normal,0.1909,low,True
2023-07-10 08:15:00,0.87,2.01,3.07,4.74,0.1838,31.86,1411.7,355.2,0.146,forest,354.0,dry,0.1148,low,True
2023-07-10 09:00:00,0.24,1.0,1.94,3.86,0.1778,24.44,1981.0,200.9,0.073,agriculture,262.6,dry,0.0382,low,True
2023-07-10 12:00:00,14.49,28.75,40.26,60.26,0.7774,65.0,2769.4,282.2,0.046,agriculture,35.0,normal,0.4223,medium,True
2023-07-10 12:30:00,0.6,1.18,2.15,3.24,0.791,31.55,1440.4,76.3,0.252,barren,314.5,wet,0.2345,low,True
2023-07-10 12:45:00,0.18,0.36,0.57,1.5,0.2209,35.52,1815.5,187.2,0.257,barren,38.9,dry,0.189,low,True
2023-07-10 13:15:00,0.57,0.99,1.87,3.21,0.8838,59.97,2416.1,183.8,0.448,forest,461.6,wet,0.2161,low,True
2023-07-10 18:00:00,1.0,1.83,2.74,5.01,0.5056,35.27,2770.2,292.6,0.792,agriculture,382.3,normal,0.1996,low,True
2023-07-10 18:45:00,6.3,10.7,14.84,32.44,0.3245,29.65,1683.9,7.8,0.428,forest,247.9,dry,0.1402,low,True
2023-07-10 20:00:00,0.17,0.34,0.69,1.03,0.7498,25.29,2108.9,309.8,2.316,forest,493.5,wet,0.1971,low,True
2023-07-10 22:30:00,5.6,11.37,17.47,42.99,0.434,33.41,1447.5,28.7,0.142,forest,125.3,dry,0.2111,low,True
2023-07-10 23:00:00,10.63,20.92,36.26,52.51,0.7615,30.08,1794.6,330.0,0.142,forest,217.0,normal,0.2202,low,True
2023-07-10 23:45:00,54.09,69.17,83.53,97.14,0.6443,28.97,1454.1,51.4,0.732,agriculture,15.4,dry,0.6134,high,True
2023-07-11 00:30:00,3.18,5.08,9.88,22.51,0.8841,30.25,2305.0,191.6,0.226,barren,1566.7,wet,0.2273,low,True
2023-07-11 02:15:00,0.99,1.71,2.71,4.28,0.8879,20.8,2605.8,35.8,0.113,urban,30.3,wet,0.2961,medium,True
2023-07-11 02:15:00,0.2,0.34,1.06,2.68,0.7078,39.96,876.2,161.0,0.943,barren,48.6,wet,0.249,low,True
2023-07-11 04:15:00,5.27,13.67,18.67,27.6,0.2591,23.18,1537.0,107.7,0.154,forest,249.0,dry,0.1347,low,True
2023-07-11 05:00:00,20.93,41.32,57.47,82.24,0.6008,21.21,1275.3,151.2,0.829,forest,175.0,dry,0.2907,medium,True
2023-07-11 14:15:00,0.36,1.66,3.25,10.8,0.5535,27.17,1408.6,196.2,0.139,forest,276.0,normal,0.1509,low,True
2023-07-11 15:45:00,87.38,103.87,115.57,150.23,0.5378,32.27,1454.9,165.4,1.682,forest,640.7,dry,0.5221,high,True
2023-07-11 16:45:00,8.07,17.67,22.92,31.84,0.6351,24.0,1079.2,8.3,0.21,forest,70.4,normal,0.2463,low,True
2023-07-11 17:15:00,5.49,16.9,37.24,54.16,0.8125,20.92,1767.6,310.8,0.831,forest,367.1,normal,0.1878,low,True
2023-07-12 00:00:00,1.31,2.46,4.46,7.4,0.281,45.99,900.8,34.2,1.105,agriculture,16.4,dry,0.1993,low,True
2023-07-12 02:00:00,0.2,0.57,1.57,2.55,0.6039,20.89,2129.7,353.0,0.079,barren,556.3,normal,0.0881,low,True
2023-07-12 04:00:00,0.03,0.05,0.1,0.31,0.8282,28.2,1776.3,306.5,0.042,barren,601.8,wet,0.1717,low,True
2023-07-12 04:30:00,0.03,0.08,0.18,0.55,0.8481,28.33,963.3,202.1,0.547,agriculture,177.0,wet,0.3052,medium,True
2023-07-12 04:45:00,19.31,43.33,78.46,124.94,0.7837,50.23,931.6,88.3,0.581,agriculture,76.6,normal,0.5621,high,True
2023-07-12 05:15:00,0.78,1.31,3.28,8.37,0.4871,24.0,2069.2,31.0,0.585,agriculture,593.2,normal,0.075,low,True
2023-07-12 06:00:00,0.29,1.43,2.88,4.61,0.247,32.49,1177.7,241.9,0.365,agriculture,849.7,dry,0.0704,low,True
2023-07-12 06:00:00,8.55,19.52,27.1,38.32,0.4345,41.37,2528.4,72.5,1.637,forest,37.4,dry,0.2804,medium,True
2023-07-12 10:30:00,0.33,0.81,2.21,3.19,0.5841,28.68,325.9,264.0,0.707,barren,313.5,normal,0.2099,low,True
2023-07-12 15:15:00,1.66,3.64,7.07,11.2,0.7821,26.51,968.7,299.7,0.046,agriculture,984.1,wet,0.2101,low,True
2023-07-12 20:15:00,10.55,26.19,39.32,53.15,0.4429,29.13,1369.4,356.0,0.922,forest,371.2,dry,0.195,low,True
2023-07-12 20:30:00,9.82,18.77,25.18,37.24,0.3668,24.97,1581.2,181.5,0.193,forest,610.8,dry,0.1854,low,True
2023-07-12 23:15:00,0.38,1.83,3.72,7.78,0.2012,33.25,1998.1,350.9,0.77,forest,101.4,dry,0.116,low,True
2023-07-12 23:45:00,0.12,0.26,0.68,2.25,0.1234,20.62,1478.9,53.8,0.037,agriculture,47.8,dry,0.1334,low,True
2023-07-13 01:00:00,7.5,14.13,25.95,37.67,0.4138,30.71,1407.3,301.0,0.873,barren,175.2,dry,0.2601,low,True
2023-07-13 02:15:00,9.73,18.96,26.3,41.37,0.6155,32.64,1196.2,129.5,0.47,forest,185.9,normal,0.2169,low,True
2023-07-13 04:00:00,3.41,9.83,23.78,32.11,0.6905,21.61,1125.3,131.3,0.765,forest,550.0,normal,0.1099,low,True
2023-07-13 06:30:00,0.17,0.59,1.23,2.31,0.2514,46.5,1172.3,96.7,0.409,urban,192.5,dry,0.1214,low,True
2023-07-13 07:45:00,0.72,1.47,2.12,6.58,0.2758,26.32,1553.3,62.4,0.969,forest,104.5,dry,0.187,low,True
2023-07-13 14:30:00,15.53,30.01,49.08,70.54,0.8697,18.31,492.3,159.2,1.763,forest,771.1,normal,0.256,low,True
2023-07-13 17:15:00,5.34,17.5,23.41,43.55,0.7373,29.42,1922.0,355.4,0.814,forest,544.2,normal,0.1499,low,True
2023-07-13 19:30:00,0.44,0.87,1.89,2.93,0.1387,51.73,1641.6,118.8,0.818,barren,395.2,dry,0.0708,low,True
2023-07-14 00:45:00,0.33,1.58,4.27,13.94,0.8218,34.66,1529.6,166.0,0.147,agriculture,91.2,wet,0.2768,low,True
2023-07-14 02:00:00,0.47,1.53,3.88,9.45,0.5323,30.01,2282.7,82.3,0.263,forest,90.2,normal,0.2757,low,True
2023-07-14 03:30:00,5.11,12.41,16.69,27.47,0.5636,45.02,1957.0,121.4,0.08,urban,246.6,normal,0.2377,low,True
2023-07-14 06:15:00,0.04,0.08,0.15,0.28,0.7371,37.42,1676.6,19.9,0.456,barren,274.9,wet,0.1914,low,True
2023-07-14 06:30:00,0.91,2.19,4.09,8.08,0.5119,34.26,1992.2,344.2,0.355,forest,113.5,normal,0.1945,low,True
2023-07-14 06:30:00,0.75,3.1,4.85,7.42,0.8371,32.11,1226.4,183.5,0.209,barren,56.1,wet,0.189,low,True
2023-07-14 07:15:00,3.29,6.04,14.23,32.76,0.99,18.54,1956.1,263.9,0.043,forest,168.0,wet,0.2677,low,True
2023-07-14 07:30:00,0.1,0.4,0.74,1.93,0.1272,33.39,2092.6,184.8,1.608,agriculture,206.2,dry,0.1608,low,True
2023-07-14 07:30:00,0.01,0.01,0.03,0.06,0.8184,22.02,300.0,277.3,0.558,forest,28.9,wet,0.2694,low,True
2023-07-14 08:15:00,0.04,0.13,0.19,0.43,0.1621,18.64,2662.0,192.3,0.236,agriculture,301.1,dry,0.0991,low,True
2023-07-14 11:30:00,0.72,2.32,3.81,8.87,0.2517,38.75,1800.5,252.6,0.256,forest,10.7,dry,0.1875,low,True
2023-07-14 14:45:00,2.7,6.17,8.93,18.27,0.944,21.54,1966.4,246.5,0.302,barren,67.4,wet,0.2352,low,True
2023-07-14 15:00:00,0.16,0.31,0.58,1.3,0.7859,65.0,2249.8,192.1,1.002,forest,65.6,wet,0.2701,low,True
2023-07-14 16:30:00,5.78,10.92,18.22,29.35,0.6699,39.76,1517.9,83.0,0.142,agriculture,417.2,normal,0.2231,low,True
2023-07-14 16:45:00,5.09,11.38,22.0,39.81,0.4431,21.96,1350.3,76.3,1.165,forest,242.9,dry,0.1872,low,True
2023-07-14 19:00:00,4.64,9.4,20.14,28.71,0.656,30.85,1779.9,314.7,0.224,urban,642.8,normal,0.2191,low,True
2023-07-14 20:00:00,0.18,0.89,1.61,2.34,0.5313,31.96,3255.6,43.4,1.229,barren,117.7,normal,0.2266,low,True
2023-07-14 20:45:00,5.35,14.61,22.24,35.02,0.2747,24.79,1539.7,201.3,1.357,forest,92.8,dry,0.2089,low,True
2023-07-14 21:45:00,0.05,0.19,0.36,0.97,0.812,52.34,1215.6,180.9,0.716,urban,578.4,wet,0.2352,low,True
2023-07-15 00:15:00,0.24,0.69,1.82,3.94,0.444,35.35,2405.3,287.4,1.351,forest,215.6,normal,0.1968,low,True
2023-07-15 01:00:00,0.46,1.62,2.41,3.65,0.2576,34.73,347.8,48.7,0.825,agriculture,122.2,dry,0.2105,low,True
2023-07-15 02:15:00,0.16,0.54,1.43,2.36,0.2097,53.97,1534.4,247.4,0.094,barren,199.6,dry,0.1699,low,True
2023-07-15 04:45:00,0.29,0.96,2.06,5.27,0.4686,33.84,1218.5,218.1,1.876,forest,203.9,normal,0.1852,low,True
2023-07-15 05:30:00,13.37,29.48,66.04,110.08,0.8733,46.85,1977.3,252.4,0.127,urban,307.1,normal,0.6139,high,True
2023-07-15 06:00:00,0.08,0.21,0.31,0.73,0.2472,17.51,1681.7,223.6,0.409,forest,23.4,dry,0.2042,low,True
2023-07-15 08:30:00,0.08,0.26,0.78,1.59,0.7787,31.0,939.9,202.5,0.29,forest,109.7,wet,0.2483,low,True
2023-07-15 09:15:00,0.03,0.1,0.25,0.38,0.2278,26.33,1988.3,333.5,0.257,barren,230.2,dry,0.1463,low,True
2023-07-15 09:30:00,5.77,10.17,12.81,17.3,0.4702,28.58,1107.6,125.5,0.918,barren,283.5,normal,0.1787,low,True
2023-07-15 10:00:00,17.33,33.81,45.23,76.77,0.8595,38.8,1571.6,66.5,0.206,forest,70.5,normal,0.3484,medium,True
2023-07-15 10:15:00,1.58,4.47,8.75,15.55,0.3094,33.74,1343.7,286.3,0.463,forest,85.3,dry,0.2273,low,True
2023-07-15 12:00:00,0.12,0.22,0.67,1.3,0.5131,35.99,2088.7,46.7,0.246,barren,465.2,normal,0.1822,low,True
2023-07-15 13:00:00,25.36,41.75,59.67,108.5,0.99,41.81,1324.7,244.7,1.344,forest,548.9,wet,0.4626,medium,True
2023-07-15 15:30:00,0.11,0.49,0.94,2.88,0.445,40.18,300.0,197.8,0.101,urban,37.3,normal,0.1863,low,True
2023-07-15 16:30:00,0.14,0.31,0.49,1.3,0.5372,62.35,930.9,0.5,0.116,barren,1624.6,normal,0.1688,low,True
2023-07-15 17:45:00,5.72,12.58,22.95,34.69,0.99,28.2,1637.9,86.4,0.071,forest,208.7,wet,0.2226,low,True
2023-07-15 17:45:00,41.66,67.85,81.01,115.09,0.99,32.02,1204.2,178.5,0.851,forest,318.5,wet,0.6886,high,True
2023-07-15 21:00:00,17.49,42.11,80.94,123.94,0.6354,45.76,2315.3,118.7,0.106,agriculture,325.2,dry,0.4149,medium,True
2023-07-15 22:45:00,0.13,0.24,0.48,1.11,0.6015,18.27,987.5,153.7,0.457,forest,158.6,normal,0.1256,low,True
2023-07-15 23:30:00,0.19,0.43,0.78,2.08,0.2718,49.9,1946.0,216.5,0.873,barren,285.4,dry,0.1694,low,True
2023-07-16 05:00:00,0.18,0.65,1.81,3.04,0.16,28.24,2084.7,263.1,0.074,urban,316.5,dry,0.071,low,True
2023-07-16 08:15:00,91.71,111.32,143.13,161.35,0.5871,22.83,1705.7,54.4,1.6,agriculture,510.6,dry,0.6184,high,True
2023-07-16 17:00:00,9.25,22.38,45.41,58.84,0.99,28.47,1845.4,101.8,0.2,forest,389.4,wet,0.2644,low,True
2023-07-16 19:00:00,107.95,133.68,154.99,174.1,0.8502,58.66,1519.1,229.1,0.943,forest,217.1,normal,0.7908,critical,True
2023-07-16 21:00:00,0.02,0.08,0.25,0.46,0.2125,36.36,1765.3,211.8,0.947,agriculture,84.3,dry,0.1821,low,True
2023-07-16 21:15:00,0.11,0.19,0.28,0.46,0.1761,32.86,1308.4,265.3,0.257,agriculture,18.9,dry,0.161,low,True
2023-07-17 01:15:00,11.96,37.27,55.91,101.31,0.99,28.79,1735.8,230.6,0.48,agriculture,379.3,wet,0.5514,high,True
2023-07-17 04:00:00,0.48,1.67,4.0,6.23,0.5654,30.76,1427.3,118.9,0.598,forest,237.3,normal,0.2444,low,True
2023-07-17 04:15:00,4.61,8.19,15.37,20.55,0.5602,47.7,1427.2,179.7,0.322,urban,1188.6,normal,0.1732,low,True
2023-07-17 04:45:00,4.1,10.81,14.67,27.41,0.9816,43.44,1201.0,318.5,0.266,forest,46.2,wet,0.2921,medium,True
2023-07-17 05:00:00,0.06,0.14,0.37,0.64,0.5191,31.13,1469.8,67.0,1.147,barren,36.4,normal,0.156,low,True
2023-07-17 06:45:00,0.76,1.43,4.01,8.11,0.129,28.19,2505.3,135.6,0.135,barren,80.0,dry,0.2049,low,True
2023-07-17 07:45:00,0.34,0.67,2.23,7.05,0.5304,39.87,1455.2,303.0,0.951,agriculture,175.5,normal,0.183,low,True
2023-07-17 09:45:00,0.11,0.37,0.66,0.97,0.8115,41.18,2164.0,131.1,0.137,forest,77.4,wet,0.2593,low,True
2023-07-17 12:15:00,0.72,2.5,3.73,9.78,0.8603,30.42,1914.3,148.4,0.723,agriculture,228.2,wet,0.2104,low,True
2023-07-17 14:15:00,0.05,0.16,0.4,1.25,0.1548,41.14,1748.2,114.9,0.203,forest,155.3,dry,0.1139,low,True
2023-07-17 18:00:00,0.12,0.53,0.78,1.33,0.1546,43.13,1771.5,323.8,1.573,barren,2500.0,dry,0.1127,low,True
2023-07-17 20:30:00,0.19,0.34,0.59,1.21,0.2872,57.16,1612.6,238.8,0.558,forest,1200.8,dry,0.0997,low,True
2023-07-17 21:15:00,3.13,6.59,12.85,21.53,0.5643,29.83,1250.8,75.2,0.458,forest,168.8,normal,0.1379,low,True
2023-07-17 21:45:00,13.99,23.16,42.59,60.16,0.7647,29.45,2630.8,269.9,0.21,forest,559.7,normal,0.2518,low,True
2023-07-18 01:30:00,0.11,0.24,0.5,1.62,0.2283,25.58,2234.8,13.9,0.426,barren,106.8,dry,0.1107,low,True
2023-07-18 02:45:00,0.46,0.91,2.41,4.04,0.7237,35.15,1625.9,142.7,0.041,agriculture,30.8,wet,0.2769,low,True
2023-07-18 08:45:00,7.91,21.57,40.45,73.91,0.8252,48.91,1641.5,327.5,0.093,agriculture,24.5,normal,0.3838,medium,True
2023-07-18 09:30:00,2.57,4.48,8.29,20.31,0.624,34.13,1939.5,248.3,0.21,agriculture,20.4,normal,0.2219,low,True
2023-07-18 11:30:00,6.32,13.39,20.29,36.22,0.9614,57.74,965.1,285.5,1.789,barren,476.0,wet,0.3361,medium,True
2023-07-18 16:45:00,5.41,11.28,22.88,49.66,0.656,61.82,1130.3,335.3,0.379,forest,156.6,normal,0.2004,low,True
2023-07-19 01:30:00,104.26,151.41,165.18,190.34,0.8744,29.02,473.9,278.8,0.307,agriculture,617.7,normal,0.8029,critical,True
2023-07-19 01:45:00,6.24,13.18,22.43,52.35,0.7299,22.34,1473.1,31.9,0.889,agriculture,734.6,normal,0.2745,low,True
2023-07-19 03:45:00,0.35,1.68,2.64,7.71,0.8353,32.41,2314.9,83.0,0.71,forest,137.6,wet,0.2695,low,True
2023-07-19 09:00:00,15.45,38.7,60.23,99.62,0.5287,23.09,1430.8,180.0,0.654,forest,129.4,dry,0.2588,low,True
2023-07-19 12:30:00,0.11,0.29,0.74,1.16,0.7535,22.13,2914.5,5.0,0.558,forest,138.8,wet,0.211,low,True
2023-07-19 12:45:00,0.8,1.62,2.48,8.16,0.2473,36.93,1338.6,224.9,0.084,forest,235.8,dry,0.1116,low,True
2023-07-19 15:15:00,1.82,3.72,6.26,19.34,0.2656,24.52,1706.8,236.6,0.297,forest,15.6,dry,0.1443,low,True
2023-07-19 16:15:00,20.69,43.25,87.74,125.08,0.5645,27.92,1433.0,250.7,1.389,forest,13.8,dry,0.4013,medium,True
2023-07-19 17:30:00,0.25,0.68,1.01,2.68,0.8599,18.43,300.0,200.1,1.926,agriculture,475.4,wet,0.1848,low,True
2023-07-19 20:30:00,0.01,0.01,0.04,0.1,0.5071,24.43,1434.8,162.9,0.34,forest,588.0,normal,0.1106,low,True
2023-07-19 21:30:00,0.74,2.15,3.48,7.17,0.2486,41.68,1095.3,308.0,0.001,forest,89.9,dry,0.2295,low,True
2023-07-19 22:15:00,6.94,13.58,19.82,31.21,0.8959,21.69,1740.8,276.2,0.415,urban,325.4,wet,0.2986,medium,True
2023-07-20 03:45:00,39.42,67.26,100.56,156.8,0.8247,23.48,2365.5,220.4,0.155,agriculture,95.2,normal,0.7188,high,True
2023-07-20 05:45:00,5.02,12.11,26.63,53.69,0.99,40.93,1388.3,16.6,0.125,forest,473.8,wet,0.3777,medium,True
2023-07-20 07:00:00,6.77,13.15,19.31,30.62,0.3941,37.88,1822.8,249.8,0.2,agriculture,201.0,dry,0.1677,low,True
2023-07-20 07:00:00,2.87,4.47,10.66,24.33,0.2732,22.78,1472.0,200.9,0.078,forest,615.6,dry,0.1187,low,True
2023-07-20 09:30:00,3.15,5.91,13.91,24.54,0.6092,24.79,2138.5,249.7,0.028,forest,1048.4,normal,0.1146,low,True
2023-07-20 10:30:00,30.43,63.47,82.56,115.0,0.99,19.17,2968.4,112.1,0.353,forest,293.7,wet,0.5925,high,True
2023-07-20 11:15:00,10.06,20.0,32.77,52.31,0.8294,48.79,2491.0,279.7,0.183,urban,818.2,normal,0.3652,medium,True
2023-07-20 12:00:00,2.13,3.7,8.79,17.08,0.5642,28.21,1230.2,150.5,0.178,barren,22.0,normal,0.3254,medium,True
2023-07-20 15:45:00,6.59,21.78,52.33,88.96,0.99,27.02,2428.6,322.0,0.15,barren,227.4,wet,0.4383,medium,True
2023-07-20 16:00:00,0.27,0.7,1.11,1.62,0.2086,25.14,1780.1,37.4,0.412,urban,255.1,dry,0.0863,low,True
2023-07-20 16:30:00,50.89,79.29,91.44,132.57,0.846,40.61,2339.1,174.4,0.793,urban,198.1,normal,0.7377,high,True
2023-07-20 17:45:00,5.83,14.28,18.42,32.42,0.7536,35.42,984.2,74.1,0.642,barren,142.3,normal,0.2817,medium,True
2023-07-20 18:45:00,0.04,0.07,0.17,0.29,0.2766,29.08,1546.8,163.2,2.236,agriculture,459.3,dry,0.1571,low,True
2023-07-20 19:30:00,32.59,52.04,86.28,127.57,0.5824,31.17,1707.2,127.4,1.472,forest,291.6,dry,0.2933,medium,True
2023-07-20 20:00:00,0.3,0.55,1.23,2.67,0.8266,26.55,1567.7,289.2,0.324,forest,40.1,wet,0.2788,low,True
2023-07-20 20:30:00,6.8,16.4,22.44,52.78,0.99,33.64,1773.9,60.2,1.006,agriculture,1063.5,wet,0.3295,medium,True
2023-07-21 01:15:00,82.28,121.9,136.15,183.57,0.5863,35.93,1534.1,215.5,0.122,agriculture,774.7,dry,0.6463,high,True
2023-07-21 07:15:00,0.14,0.39,0.64,1.31,0.2004,21.45,1386.1,146.3,0.143,urban,162.6,dry,0.1079,low,True
2023-07-21 10:45:00,0.18,0.31,0.47,1.09,0.2225,53.0,1325.6,186.5,0.724,forest,108.9,dry,0.136,low,True
2023-07-21 12:45:00,4.23,9.62,12.53,30.54,0.9782,19.66,1108.8,257.2,0.147,agriculture,356.5,wet,0.3624,medium,True
2023-07-21 14:00:00,6.7,11.34,25.39,35.63,0.7059,47.57,1785.0,128.6,0.36,agriculture,25.5,normal,0.2366,low,True
2023-07-21 16:00:00,2.85,6.95,16.46,26.6,0.9498,37.18,1514.5,132.1,0.233,forest,249.8,wet,0.2597,low,True
2023-07-21 16:45:00,0.05,0.11,0.19,0.4,0.7821,26.19,1276.3,27.6,0.159,agriculture,400.8,wet,0.1847,low,True
2023-07-21 18:30:00,0.05,0.11,0.17,0.53,0.5451,25.13,700.7,198.7,0.101,agriculture,192.7,normal,0.1758,low,True
2023-07-21 19:30:00,3.78,6.89,9.05,16.32,0.3193,36.49,1923.1,150.1,0.568,agriculture,1265.1,dry,0.1448,low,True
2023-07-21 21:30:00,5.19,14.96,22.36,33.84,0.6896,26.93,2005.4,292.4,0.035,agriculture,454.1,normal,0.1921,low,True
2023-07-21 22:15:00,0.08,0.14,0.26,0.78,0.2273,33.2,1037.4,158.1,0.728,forest,961.7,dry,0.1374,low,True
2023-07-21 22:30:00,9.56,23.53,30.94,44.81,0.4832,19.35,1661.8,349.5,1.351,agriculture,844.7,dry,0.1272,low,True
2023-07-22 01:00:00,1.02,1.78,2.62,5.57,0.1851,28.6,1272.9,61.8,0.252,agriculture,59.4,dry,0.1921,low,True
2023-07-22 01:45:00,24.19,61.03,86.36,120.86,0.8504,41.67,2031.0,96.1,0.32,agriculture,396.6,normal,0.4897,medium,True
2023-07-22 04:30:00,0.19,0.87,1.37,2.47,0.5597,29.39,1302.6,141.1,0.536,agriculture,327.8,normal,0.1251,low,True
2023-07-22 05:15:00,0.63,2.42,4.2,11.04,0.4744,23.4,1305.1,61.4,0.658,forest,29.7,normal,0.2337,low,True
2023-07-22 06:00:00,20.03,31.32,61.55,118.58,0.9268,32.93,1678.6,350.0,0.472,forest,143.9,normal,0.4224,medium,True
2023-07-22 07:15:00,2.13,4.56,8.58,16.91,0.3086,43.49,1348.0,230.7,0.703,forest,277.7,dry,0.0117,low,True
2023-07-22 08:30:00,0.37,1.05,3.45,7.07,0.8438,30.33,1306.8,4.0,0.992,forest,288.0,wet,0.2417,low,True
2023-07-22 09:45:00,0.27,0.73,1.46,4.31,0.573,19.98,1231.2,208.3,2.766,agriculture,598.8,normal,0.1514,low,True
2023-07-22 10:00:00,0.12,0.25,0.55,0.79,0.1549,19.1,1334.6,281.2,0.299,barren,320.0,dry,0.1408,low,True
2023-07-22 15:30:00,1.97,5.25,8.51,12.54,0.6572,63.08,1375.0,18.5,0.527,forest,229.9,normal,0.2436,low,True
2023-07-22 18:45:00,1.18,3.83,5.71,8.82,0.5357,45.61,1607.7,208.1,0.283,forest,498.0,normal,0.1595,low,True
2023-07-22 19:15:00,3.25,9.64,22.02,41.87,0.3878,48.54,1502.8,134.8,0.163,forest,306.1,dry,0.1892,low,True
2023-07-22 21:00:00,3.89,10.5,20.4,28.67,0.3156,27.57,1896.7,209.3,3.614,forest,763.2,dry,0.125,low,True
2023-07-22 22:00:00,0.6,1.02,2.82,5.15,0.9821,34.25,907.9,90.9,0.008,agriculture,835.6,wet,0.2641,low,True
2023-07-22 22:30:00,113.27,137.79,163.69,185.07,0.6506,31.6,2853.5,239.8,0.04,barren,334.6,dry,0.7618,critical,True
2023-07-23 00:15:00,21.72,39.45,69.01,84.61,0.9007,35.98,1613.3,241.7,0.525,barren,300.8,normal,0.4724,medium,True
2023-07-23 02:45:00,27.83,45.02,62.61,107.8,0.99,20.49,2182.8,194.2,0.742,forest,432.9,wet,0.5408,high,True
2023-07-23 04:30:00,0.2,0.73,1.3,1.87,0.4327,23.35,1889.8,332.6,0.783,urban,462.5,normal,0.1335,low,True
2023-07-23 05:15:00,9.26,16.75,23.75,33.84,0.4152,31.04,1672.4,327.4,0.729,forest,464.6,dry,0.1493,low,True
2023-07-23 06:30:00,0.36,1.35,2.1,3.27,0.7262,44.15,1870.7,17.1,0.932,agriculture,349.3,wet,0.2302,low,True
2023-07-23 06:45:00,0.14,0.59,1.21,2.46,0.458,37.1,1803.8,104.4,0.819,agriculture,513.6,normal,0.1103,low,True
2023-07-23 08:00:00,30.2,61.69,79.04,121.42,0.873,31.67,1494.6,131.1,0.474,agriculture,64.5,normal,0.6205,high,True
2023-07-23 10:30:00,0.16,0.63,0.9,2.34,0.5065,52.8,3036.2,19.9,0.381,forest,613.1,normal,0.0866,low,True
2023-07-23 12:00:00,0.22,0.61,1.77,4.54,0.8392,32.98,2268.8,188.5,0.764,forest,140.1,wet,0.2515,low,True
2023-07-23 13:45:00,7.93,12.94,25.18,38.09,0.9498,17.14,643.5,8.8,0.791,agriculture,769.1,wet,0.2429,low,True
2023-07-23 16:00:00,0.14,0.45,0.98,1.75,0.8477,50.19,2230.5,244.1,0.243,forest,59.5,wet,0.2467,low,True
2023-07-23 16:00:00,3.57,7.45,12.21,19.31,0.5584,23.15,1642.5,1.0,0.002,forest,11.3,normal,0.1931,low,True
2023-07-23 20:15:00,0.16,0.46,0.74,1.29,0.7135,65.0,2582.0,11.5,0.226,agriculture,15.5,wet,0.2403,low,True
2023-07-23 21:15:00,0.01,0.02,0.05,0.09,0.8781,17.57,1404.2,300.2,0.459,agriculture,92.6,wet,0.2521,low,True
2023-07-23 21:45:00,0.79,1.4,2.41,5.14,0.7519,39.06,300.0,90.9,0.448,agriculture,52.3,wet,0.2818,medium,True
2023-07-23 23:45:00,0.15,0.66,2.01,4.78,0.8498,42.99,1389.3,29.2,0.287,forest,292.5,wet,0.2398,low,True
2023-07-24 05:15:00,3.97,9.7,15.7,20.97,0.3193,21.68,638.8,143.8,1.616,barren,218.2,dry,0.1342,low,True
2023-07-24 05:30:00,1.74,4.79,7.79,18.6,0.5702,22.22,1191.6,18.3,0.388,forest,336.0,normal,0.1497,low,True
2023-07-24 11:00:00,0.48,0.95,1.9,3.95,0.1647,36.24,1257.5,270.1,0.09,urban,84.9,dry,0.165,low,True
2023-07-24 12:45:00,4.42,8.81,20.35,47.22,0.7777,48.42,1826.6,177.9,0.129,forest,500.6,normal,0.2566,low,True
2023-07-24 16:00:00,23.87,47.81,88.28,118.42,0.603,47.94,1752.9,198.7,0.06,agriculture,340.0,dry,0.4455,medium,True
2023-07-24 18:15:00,5.46,11.37,16.93,35.22,0.99,35.23,1984.0,271.1,0.187,urban,97.5,wet,0.3698,medium,True
2023-07-24 18:30:00,0.17,0.43,1.31,3.0,0.5437,29.46,1932.8,282.4,0.218,forest,188.2,normal,0.1975,low,True
2023-07-24 19:30:00,22.97,36.32,49.85,76.18,0.8673,24.49,2764.8,49.1,0.244,forest,453.3,normal,0.2959,medium,True
2023-07-24 21:45:00,0.41,0.81,2.38,5.54,0.4975,20.75,1601.0,100.9,1.085,forest,409.2,normal,0.0872,low,True
2023-07-24 21:45:00,0.1,0.21,0.54,0.93,0.2076,25.94,1908.5,63.2,0.87,forest,299.2,dry,0.0711,low,True
2023-07-25 02:00:00,0.07,0.12,0.33,1.03,0.4824,37.37,2130.8,19.5,0.411,agriculture,1362.4,normal,0.1192,low,True
2023-07-25 02:15:00,1.29,2.6,4.51,7.46,0.5866,23.22,1212.5,193.5,0.353,forest,59.5,normal,0.2101,low,True
2023-07-25 02:30:00,0.21,0.39,0.69,1.13,0.8314,47.96,841.5,89.9,0.285,barren,244.5,wet,0.2522,low,True
2023-07-25 03:30:00,8.42,20.38,28.04,46.42,0.5158,32.51,1821.0,55.4,0.008,agriculture,352.4,dry,0.0878,low,True
2023-07-25 04:30:00,0.09,0.16,0.32,0.9,0.2668,28.03,1360.3,183.7,1.513,forest,1802.1,dry,0.0905,low,True
2023-07-25 06:15:00,0.37,1.18,1.82,2.91,0.5035,21.07,2068.1,228.2,0.207,barren,283.8,normal,0.1049,low,True
2023-07-25 06:15:00,0.06,0.25,0.55,1.18,0.1896,20.86,2040.6,278.0,1.107,forest,214.4,dry,0.0399,low,True
2023-07-25 07:30:00,0.18,0.51,1.42,3.85,0.112,47.35,2193.5,6.3,0.81,forest,904.2,dry,0.0641,low,True
2023-07-25 08:45:00,0.76,2.1,3.06,5.47,0.1743,36.01,1128.5,189.5,0.073,forest,257.1,dry,0.0976,low,True
2023-07-25 09:15:00,0.48,1.07,2.62,7.51,0.5705,29.46,1255.3,96.1,0.225,agriculture,990.2,normal,0.1825,low,True
2023-07-25 09:45:00,0.36,0.95,1.78,4.71,0.2067,27.02,1664.2,357.0,0.398,forest,495.8,dry,0.0582,low,True
2023-07-25 12:30:00,81.98,127.85,153.85,200.9,0.7974,34.42,1493.1,56.5,0.182,agriculture,74.3,normal,0.8216,critical,True
2023-07-25 16:45:00,3.24,9.48,23.61,41.48,0.99,31.38,1873.9,157.6,0.309,forest,74.1,wet,0.3154,medium,True
2023-07-25 18:15:00,0.01,0.02,0.06,0.18,0.7524,59.47,2416.1,349.2,0.199,urban,143.9,wet,0.3261,medium,True
2023-07-25 18:30:00,14.02,26.12,38.81,65.23,0.8254,36.79,1540.2,76.7,0.606,barren,34.5,normal,0.5314,high,True
2023-07-25 23:45:00,5.69,9.64,19.44,39.43,0.6226,36.25,786.7,290.5,0.268,forest,283.7,normal,0.1844,low,True
2023-07-26 05:45:00,42.82,74.65,99.14,146.09,0.5101,35.07,427.9,87.5,0.255,barren,697.5,dry,0.5214,high,True
2023-07-26 09:30:00,17.32,55.52,74.97,97.18,0.6065,38.22,824.8,27.1,0.19,agriculture,188.8,dry,0.3303,medium,True
2023-07-26 10:30:00,13.61,23.31,32.85,50.37,0.5052,28.3,805.0,15.4,0.97,forest,375.8,dry,0.1902,low,True
2023-07-26 12:00:00,1.29,3.79,7.0,10.57,0.5759,23.14,2000.3,341.5,0.623,forest,1406.2,normal,0.1822,low,True
2023-07-26 13:15:00,0.3,0.67,1.28,3.07,0.5082,45.87,1571.2,76.6,0.766,forest,85.4,normal,0.2771,low,True
2023-07-26 14:00:00,3.22,5.74,7.46,17.63,0.8053,32.76,1644.8,105.1,0.3,barren,165.1,wet,0.2311,low,True
2023-07-26 14:00:00,0.0,0.02,0.05,0.1,0.7316,26.53,2033.0,348.1,1.098,agriculture,18.9,wet,0.26,low,True
2023-07-26 15:45:00,6.82,15.91,35.77,54.07,0.5016,35.24,2417.8,236.7,0.323,forest,102.3,dry,0.2203,low,True
2023-07-26 15:45:00,54.86,82.95,109.68,151.42,0.8774,27.69,1483.1,175.7,0.117,forest,539.0,normal,0.5885,high,True
2023-07-26 20:00:00,0.7,1.79,2.57,4.49,0.2723,36.49,2045.6,156.8,0.429,agriculture,384.1,dry,0.1163,low,True
2023-07-27 01:45:00,0.62,1.37,2.87,7.8,0.4829,37.69,1811.3,17.5,0.353,agriculture,546.1,normal,0.1061,low,True
2023-07-27 04:15:00,0.02,0.05,0.1,0.22,0.1854,26.28,665.6,302.0,0.058,barren,203.9,dry,0.1441,low,True
2023-07-27 04:30:00,0.01,0.04,0.06,0.09,0.8052,33.21,709.4,274.3,0.652,urban,475.6,wet,0.2411,low,True
2023-07-27 06:45:00,0.37,1.0,1.46,3.91,0.7927,51.28,1396.1,32.7,1.003,forest,330.3,wet,0.2617,low,True
2023-07-27 07:30:00,91.37,124.26,143.51,188.35,0.5962,65.0,1718.1,127.2,0.264,forest,149.3,dry,0.5869,high,True
2023-07-27 07:45:00,0.36,1.29,1.85,4.04,0.7825,41.5,1888.3,318.7,0.854,forest,196.1,wet,0.2342,low,True
2023-07-27 14:30:00,0.0,0.01,0.02,0.04,0.5188,40.99,1481.4,85.1,0.529,barren,282.8,normal,0.1695,low,True
2023-07-27 15:00:00,51.51,100.78,136.37,183.83,0.8866,23.71,582.3,220.0,0.191,forest,1106.7,normal,0.6577,high,True
2023-07-27 15:15:00,0.0,0.01,0.02,0.03,0.5017,34.65,1379.3,175.7,0.253,forest,947.6,normal,0.0825,low,True
2023-07-27 15:30:00,65.42,90.18,128.5,139.86,0.8244,17.84,497.5,294.7,1.753,barren,1516.2,normal,0.7436,critical,True
2023-07-27 17:45:00,21.14,47.41,63.44,104.87,0.99,23.81,1477.2,13.0,0.146,forest,15.8,wet,0.5495,high,True
2023-07-27 19:30:00,0.13,0.26,0.4,0.62,0.8624,19.36,1936.3,293.8,0.099,forest,452.0,wet,0.1553,low,True
2023-07-27 19:45:00,2.83,5.58,12.77,23.01,0.6321,35.06,1857.3,48.9,0.047,agriculture,797.7,normal,0.2006,low,True
2023-07-27 21:30:00,0.22,0.62,0.89,1.42,0.7579,27.86,1298.7,5.4,1.25,forest,480.5,wet,0.2411,low,True
2023-07-28 00:30:00,4.5,7.36,11.87,20.28,0.8437,23.87,1842.7,214.4,0.669,forest,198.5,wet,0.2722,low,True
2023-07-28 03:45:00,0.02,0.07,0.12,0.27,0.5535,40.95,928.1,93.1,0.074,agriculture,461.6,normal,0.1576,low,True
2023-07-28 04:45:00,0.02,0.06,0.09,0.19,0.2303,29.73,1214.9,255.3,0.871,forest,215.5,dry,0.1692,low,True
2023-07-28 06:30:00,0.05,0.14,0.26,0.78,0.4616,23.41,605.9,169.1,0.596,forest,448.4,normal,0.1161,low,True
2023-07-28 09:45:00,0.69,2.36,3.43,7.39,0.8302,63.97,1281.2,218.0,2.57,urban,540.5,wet,0.2844,medium,True
2023-07-28 10:00:00,9.54,15.66,21.83,46.82,0.4108,65.0,1134.8,248.3,0.43,forest,658.5,dry,0.1147,low,True
2023-07-28 11:15:00,4.69,15.32,27.32,50.84,0.8323,54.36,1354.7,333.7,0.436,barren,465.7,normal,0.3116,medium,True
2023-07-28 11:30:00,2.67,5.21,8.04,16.32,0.2708,20.3,1437.0,296.3,0.172,forest,71.0,dry,0.1725,low,True
2023-07-28 12:00:00,0.2,0.63,1.65,3.85,0.8371,25.22,1749.6,178.2,0.127,agriculture,973.6,wet,0.1249,low,True
2023-07-28 12:15:00,0.2,0.58,1.35,2.24,0.9026,34.62,421.9,157.7,0.794,forest,94.0,wet,0.3115,medium,True
2023-07-28 15:45:00,9.11,17.57,25.31,51.53,0.7415,40.38,1084.0,235.7,0.28,forest,164.9,normal,0.2368,low,True
2023-07-28 18:30:00,0.0,0.01,0.03,0.08,0.4609,36.35,2187.0,264.1,0.773,forest,206.2,normal,0.1174,low,True
2023-07-29 02:30:00,57.04,94.9,121.05,152.9,0.99,43.05,2197.4,62.2,0.894,agriculture,446.2,wet,0.8308,critical,True
2023-07-29 03:00:00,0.36,1.66,2.97,6.03,0.1903,37.58,1633.4,11.7,1.402,agriculture,432.8,dry,0.1232,low,True
2023-07-29 07:45:00,7.96,13.63,18.66,35.72,0.99,46.98,1646.4,163.7,0.335,forest,1152.0,wet,0.2692,low,True
2023-07-29 09:00:00,0.36,0.7,1.01,1.86,0.4921,19.73,923.7,35.8,0.06,urban,83.1,normal,0.1672,low,True
2023-07-29 11:00:00,38.99,79.76,104.48,115.4,0.8228,28.41,1376.0,98.2,0.013,forest,219.7,normal,0.5154,medium,True
2023-07-29 16:30:00,0.16,0.28,0.54,1.59,0.5212,22.84,2093.3,210.5,0.207,agriculture,89.7,normal,0.1493,low,True
2023-07-29 16:45:00,4.25,7.88,17.67,37.42,0.6987,15.77,853.3,54.5,1.617,forest,400.8,normal,0.2091,low,True
2023-07-29 18:15:00,0.23,0.98,1.8,2.95,0.8745,39.5,1686.8,10.3,0.827,agriculture,93.8,wet,0.2324,low,True
2023-07-29 19:45:00,20.29,34.18,56.68,67.23,0.99,30.5,1934.1,199.7,0.491,barren,718.5,wet,0.4492,medium,True
2023-07-29 20:00:00,0.69,1.82,2.78,7.9,0.8248,38.61,1628.4,167.8,0.164,agriculture,1430.8,wet,0.1897,low,True
2023-07-29 21:30:00,5.68,11.97,16.86,26.03,0.3712,17.91,1510.7,110.3,0.749,forest,143.4,dry,0.1664,low,True
2023-07-30 02:00:00,6.98,16.66,21.59,42.32,0.8509,19.6,1504.5,168.8,0.81,forest,480.6,normal,0.2276,low,True
2023-07-30 03:15:00,5.45,10.88,19.06,42.71,0.7226,43.32,1900.3,246.1,0.157,barren,276.3,normal,0.3001,medium,True
2023-07-30 05:15:00,0.04,0.08,0.22,0.42,0.7909,28.13,1716.8,39.2,0.739,forest,165.8,wet,0.2338,low,True
2023-07-30 11:15:00,2.71,8.39,12.11,18.75,0.6696,22.93,1896.7,92.0,0.077,forest,84.3,normal,0.2029,low,True
2023-07-30 13:00:00,0.34,1.13,1.96,3.89,0.7793,31.66,1379.9,286.2,0.064,forest,454.5,wet,0.1346,low,True
2023-07-30 16:15:00,1.27,2.7,5.89,10.3,0.8522,15.85,1407.5,241.2,0.034,forest,70.5,wet,0.2283,low,True
2023-07-30 16:30:00,3.59,7.03,15.76,27.09,0.5911,38.68,1929.3,95.9,0.997,forest,125.3,normal,0.3016,medium,True
2023-07-30 17:00:00,4.98,15.37,32.93,44.73,0.99,26.0,1064.9,143.3,0.189,urban,892.3,wet,0.2933,medium,True
2023-07-30 17:30:00,19.86,43.71,76.77,110.13,0.99,25.22,922.8,43.1,0.556,barren,258.5,wet,0.5836,high,True
2023-07-30 20:15:00,0.14,0.62,1.2,3.92,0.7633,20.2,2963.7,91.1,0.094,agriculture,683.7,wet,0.0638,low,True
2023-07-30 21:00:00,6.19,12.67,24.86,53.49,0.8402,24.38,1853.6,302.8,0.35,forest,520.7,normal,0.1976,low,True
2023-07-30 21:45:00,0.7,1.24,2.37,6.78,0.8351,22.52,1452.6,158.5,0.017,agriculture,175.2,wet,0.2096,low,True
2023-07-30 22:30:00,2.86,6.17,10.87,25.75,0.2831,41.53,1183.2,230.5,1.179,agriculture,96.1,dry,0.1627,low,True
2023-07-30 23:15:00,0.21,0.73,1.49,2.62,0.5005,38.21,1048.7,57.5,0.466,agriculture,46.8,normal,0.1749,low,True
2023-07-30 23:45:00,12.6,31.94,46.18,64.77,0.4972,22.55,1571.1,66.0,1.327,forest,1142.1,dry,0.1459,low,True
2023-07-31 01:45:00,0.18,0.65,1.28,2.29,0.1956,35.92,1542.8,338.7,0.378,urban,147.4,dry,0.1002,low,True
2023-07-31 07:30:00,5.54,11.37,15.79,29.58,0.8159,24.95,1863.3,302.9,0.228,agriculture,401.4,wet,0.2068,low,True
2023-07-31 11:00:00,53.51,100.52,134.67,174.67,0.7502,26.67,820.5,284.5,0.307,urban,468.7,normal,0.7117,high,True
2023-07-31 13:45:00,0.25,1.16,2.0,4.5,0.1766,34.52,844.9,118.7,0.168,forest,87.1,dry,0.1481,low,True
2023-07-31 13:45:00,0.34,0.69,2.11,3.84,0.4989,20.67,1756.0,202.6,1.301,forest,424.2,normal,0.1076,low,True
2023-07-31 14:30:00,1.09,2.48,3.59,5.4,0.918,52.15,1831.9,177.2,0.21,forest,13.3,wet,0.2845,medium,True
2023-07-31 15:45:00,3.03,5.24,12.93,24.35,0.9091,28.96,2142.2,344.2,0.207,barren,199.6,wet,0.3067,medium,True
2023-07-31 17:15:00,5.34,10.0,14.47,25.32,0.3126,18.23,2597.0,86.3,0.599,forest,161.0,dry,0.0628,low,True
2023-07-31 17:45:00,0.09,0.24,0.67,1.85,0.7517,19.85,1438.4,341.0,0.079,barren,955.1,wet,0.1658,low,True
2023-07-31 20:30:00,0.61,2.27,6.05,12.04,0.571,19.65,2002.5,254.5,0.148,barren,1504.7,normal,0.1663,low,True
2023-07-31 21:30:00,1.8,3.09,6.2,10.04,0.5135,28.68,975.6,148.9,0.337,agriculture,128.9,normal,0.1725,low,True
2023-08-01 00:00:00,0.12,0.44,0.69,2.28,0.5794,32.53,300.0,95.9,0.121,agriculture,339.6,normal,0.1248,low,True
2023-08-01 00:15:00,111.62,144.37,184.19,221.25,0.99,18.72,1012.5,272.6,0.178,barren,488.6,wet,0.8818,critical,True
2023-08-01 01:45:00,0.39,0.72,1.62,2.56,0.7967,33.89,1312.5,296.3,0.722,agriculture,84.2,wet,0.2771,low,True
2023-08-01 04:15:00,5.4,9.16,19.24,26.55,0.3567,23.11,2890.4,128.7,0.197,forest,416.1,dry,0.0684,low,True
2023-08-01 05:00:00,0.32,1.15,3.49,5.06,0.5219,24.46,602.2,61.9,0.608,agriculture,114.3,normal,0.1764,low,True
2023-08-01 05:15:00,0.17,0.33,0.67,1.79,0.3818,18.97,2044.6,177.2,0.409,urban,74.7,normal,0.1275,low,True
2023-08-01 09:15:00,99.21,130.53,149.93,172.02,0.8481,37.44,1245.1,168.7,0.876,forest,675.6,normal,0.6921,high,True
2023-08-01 12:45:00,2.28,6.71,10.88,18.41,0.6163,31.97,1898.6,261.1,0.834,urban,254.3,normal,0.1834,low,True
2023-08-01 13:15:00,0.04,0.14,0.42,1.15,0.5039,55.14,1625.4,350.3,0.132,forest,133.3,normal,0.2426,low,True
2023-08-01 14:30:00,5.74,13.35,21.2,44.17,0.7405,38.29,1051.2,191.3,1.721,forest,191.5,normal,0.2877,medium,True
2023-08-01 16:30:00,0.04,0.16,0.36,1.13,0.248,15.32,2214.7,263.4,0.972,forest,196.6,dry,0.142,low,True
2023-08-01 17:00:00,3.49,10.51,18.81,44.22,0.7294,40.07,1869.2,126.2,0.456,forest,524.4,normal,0.1489,low,True
2023-08-01 21:00:00,2.14,4.01,8.71,15.73,0.9572,42.89,1591.2,215.8,0.492,barren,772.4,wet,0.2166,low,True
2023-08-01 23:30:00,0.22,0.44,0.63,2.09,0.5548,24.25,1776.2,41.5,1.059,urban,236.0,normal,0.1131,low,True
2023-08-02 00:00:00,0.11,0.46,1.17,2.35,0.7646,31.97,1345.3,293.4,0.397,barren,146.5,wet,0.1778,low,True
2023-08-02 00:30:00,0.92,2.11,3.81,7.21,0.2699,33.15,440.3,124.0,0.391,urban,464.7,dry,0.1191,low,True
2023-08-02 06:30:00,71.52,91.67,107.74,134.13,0.8408,22.78,1667.3,28.8,0.597,forest,835.0,normal,0.5891,high,True
2023-08-02 08:15:00,0.41,0.77,1.38,2.95,0.4827,62.95,2936.0,356.6,0.055,forest,52.4,normal,0.2158,low,True
2023-08-02 12:00:00,0.27,0.64,0.96,2.48,0.2544,42.46,2107.2,324.6,0.524,agriculture,567.8,dry,0.1393,low,True
2023-08-02 16:00:00,5.68,13.82,18.7,41.81,0.4034,27.79,1775.9,71.1,0.152,barren,295.1,dry,0.2023,low,True
2023-08-02 16:45:00,8.84,14.16,23.17,35.34,0.9463,20.31,1831.3,130.8,0.074,forest,717.7,wet,0.2635,low,True
2023-08-02 18:15:00,0.04,0.08,0.12,0.25,0.5189,37.84,1599.3,337.2,1.014,urban,262.6,normal,0.1659,low,True
2023-08-03 00:00:00,3.74,6.73,9.77,21.05,0.6678,24.05,300.0,286.7,0.289,agriculture,704.6,normal,0.1397,low,True
2023-08-03 01:00:00,1.73,7.9,12.01,20.82,0.5645,23.72,969.1,326.3,0.419,urban,293.0,normal,0.1763,low,True
2023-08-03 01:30:00,10.46,20.43,30.55,44.98,0.99,26.3,1561.9,202.5,0.208,forest,64.8,wet,0.3463,medium,True
2023-08-03 02:45:00,3.3,5.83,10.97,16.54,0.5489,31.08,2154.0,87.5,0.019,agriculture,11.7,normal,0.212,low,True
2023-08-03 03:00:00,97.17,121.85,153.3,179.75,0.99,47.86,2698.4,81.7,0.35,barren,348.7,wet,0.7668,critical,True
2023-08-03 04:15:00,2.25,6.13,9.65,22.59,0.6446,30.67,954.3,189.2,0.832,barren,323.9,normal,0.1958,low,True
2023-08-03 04:15:00,2.67,8.87,13.07,21.33,0.5815,32.29,1993.9,332.6,0.852,forest,92.6,normal,0.2903,medium,True
2023-08-03 09:00:00,5.27,12.46,29.5,44.07,0.4801,29.01,300.0,227.4,1.531,urban,675.5,dry,0.1746,low,True
2023-08-03 09:15:00,86.38,109.4,144.36,174.77,0.99,26.95,1401.2,12.4,1.101,barren,718.1,wet,0.8082,critical,True
2023-08-03 12:45:00,6.03,13.91,28.35,50.05,0.7591,22.12,1583.1,201.8,2.422,forest,580.7,normal,0.2255,low,True
2023-08-03 13:15:00,0.09,0.24,0.73,2.43,0.5495,36.46,2611.2,219.0,0.509,forest,975.3,normal,0.1749,low,True
2023-08-03 13:15:00,1.48,2.51,3.63,8.83,0.2475,18.49,1110.3,209.4,0.031,agriculture,257.3,dry,0.1376,low,True
2023-08-03 15:00:00,0.01,0.02,0.04,0.1,0.4939,48.05,1391.1,248.8,1.194,agriculture,434.1,normal,0.1458,low,True
2023-08-03 17:30:00,0.49,1.05,2.39,4.71,0.181,27.92,2195.4,105.7,1.822,barren,831.9,dry,0.051,low,True
2023-08-03 18:00:00,0.15,0.32,0.76,1.74,0.4773,46.76,1159.9,51.8,0.374,forest,223.2,normal,0.2106,low,True
2023-08-03 20:30:00,0.79,1.64,3.98,5.96,0.754,57.47,1282.5,270.0,0.073,agriculture,347.2,wet,0.2505,low,True
2023-08-03 20:30:00,5.51,10.13,13.02,26.98,0.7782,28.4,735.1,70.7,0.015,agriculture,261.7,wet,0.2402,low,True
2023-08-03 21:00:00,5.87,14.13,28.74,54.88,0.5485,36.98,1974.0,41.1,0.57,forest,1441.3,dry,0.153,low,True
2023-08-03 21:30:00,1.7,3.25,6.0,10.36,0.8403,44.3,740.2,129.4,0.661,agriculture,211.5,wet,0.29,medium,True
2023-08-04 01:15:00,0.08,0.16,0.31,0.85,0.7932,27.41,2231.4,299.8,0.01,forest,143.5,wet,0.1898,low,True
2023-08-04 02:15:00,0.21,0.92,1.95,4.88,0.6094,42.01,851.1,29.6,1.789,forest,357.6,normal,0.2012,low,True
2023-08-04 02:30:00,0.08,0.32,0.47,0.74,0.4653,37.18,1145.6,70.4,0.469,agriculture,125.3,normal,0.1276,low,True
2023-08-04 04:00:00,0.48,0.83,1.59,4.87,0.7847,29.29,896.6,171.1,0.568,urban,692.1,wet,0.1688,low,True
2023-08-04 06:45:00,0.51,0.91,1.67,3.88,0.5281,32.73,1430.3,103.6,0.498,forest,789.7,normal,0.1205,low,True
2023-08-04 10:45:00,0.45,1.26,3.13,5.92,0.4977,24.56,2246.0,259.8,0.229,forest,158.1,normal,0.1337,low,True
2023-08-04 15:45:00,0.11,0.31,0.87,2.53,0.4314,48.65,1180.9,243.0,1.385,forest,165.3,normal,0.1606,low,True
2023-08-04 16:15:00,0.66,1.35,2.56,3.85,0.1884,32.99,1011.7,303.3,0.002,forest,41.7,dry,0.1386,low,True
2023-08-04 18:00:00,73.54,106.86,134.55,170.66,0.99,28.3,1589.4,73.4,0.825,forest,113.4,wet,0.8249,critical,True
2023-08-04 18:30:00,1.89,3.64,8.29,15.14,0.6371,59.91,1560.2,233.6,0.269,barren,34.6,normal,0.2216,low,True
2023-08-04 19:15:00,2.2,4.09,12.05,19.58,0.5866,36.72,2007.0,278.9,0.127,forest,505.5,normal,0.1658,low,True
2023-08-04 20:45:00,0.44,0.87,1.49,4.06,0.1314,41.23,810.9,22.6,0.344,urban,79.6,dry,0.178,low,True
2023-08-04 21:00:00,4.78,9.96,20.49,34.51,0.682,29.51,1742.8,13.3,0.132,forest,38.8,normal,0.2806,medium,True
2023-08-04 21:15:00,0.48,2.24,3.87,6.63,0.5859,22.74,2343.9,201.3,1.219,urban,72.8,normal,0.2944,medium,True
2023-08-04 21:45:00,2.98,7.49,11.82,19.67,0.6367,34.19,991.0,211.6,0.953,urban,175.8,normal,0.2607,low,True
2023-08-04 22:45:00,101.56,145.15,171.05,209.47,0.99,24.86,1714.3,141.4,1.167,agriculture,202.2,wet,0.8486,critical,True
2023-08-04 23:15:00,0.57,1.14,2.71,7.67,0.2139,49.08,989.8,13.0,1.084,forest,811.0,dry,0.1402,low,True
2023-08-05 00:15:00,0.21,0.42,1.02,2.82,0.2446,23.48,2257.2,144.7,1.045,agriculture,124.8,dry,0.1333,low,True
2023-08-05 00:15:00,68.46,103.17,123.88,180.41,0.8388,19.9,2615.3,231.2,0.523,agriculture,452.7,normal,0.8372,critical,True
2023-08-05 01:00:00,3.72,10.48,14.48,19.51,0.6419,13.8,885.6,252.7,1.393,barren,798.5,normal,0.1799,low,True
2023-08-05 01:45:00,1.28,2.21,5.39,8.94,0.2263,38.75,1775.0,177.4,0.037,agriculture,690.0,dry,0.1658,low,True
2023-08-05 02:00:00,7.99,19.6,46.78,73.12,0.582,32.33,1814.3,189.0,0.202,forest,87.6,dry,0.2088,low,True
2023-08-05 03:15:00,0.02,0.04,0.11,0.26,0.7878,28.32,1680.1,242.2,0.143,barren,124.8,wet,0.2155,low,True
2023-08-05 06:45:00,6.35,12.43,30.64,45.65,0.4259,51.88,1464.2,161.7,0.077,urban,29.6,dry,0.3143,medium,True
2023-08-05 08:30:00,2.14,6.08,10.85,19.62,0.8859,56.22,1257.2,94.9,0.004,agriculture,241.1,wet,0.3101,medium,True
2023-08-05 14:30:00,0.13,0.51,1.34,2.01,0.5042,34.17,660.6,80.3,0.309,barren,191.9,normal,0.1351,low,True
2023-08-05 16:15:00,22.8,67.29,94.9,134.12,0.8215,37.84,1502.6,271.0,0.772,agriculture,285.8,normal,0.5734,high,True
2023-08-05 17:30:00,7.78,14.04,23.16,33.59,0.4103,17.74,2118.5,175.5,0.621,agriculture,224.3,dry,0.1867,low,True
2023-08-05 18:00:00,0.69,1.47,2.15,5.26,0.8182,23.32,2262.2,224.7,0.632,agriculture,475.9,wet,0.1661,low,True
2023-08-05 20:15:00,0.55,1.31,2.04,3.73,0.1865,34.83,1707.8,169.6,1.314,barren,397.9,dry,0.0435,low,True
2023-08-05 21:45:00,0.3,1.07,2.15,3.53,0.559,21.72,1006.9,294.8,1.893,forest,205.9,normal,0.257,low,True
2023-08-05 21:45:00,0.2,0.38,0.61,1.88,0.1902,44.87,831.7,178.9,0.685,agriculture,23.5,dry,0.1884,low,True
2023-08-06 02:15:00,0.13,0.34,0.67,1.57,0.8281,38.51,1229.1,355.7,0.053,agriculture,157.5,wet,0.2049,low,True
2023-08-06 05:30:00,6.78,11.23,16.06,34.74,0.9186,29.01,453.9,87.3,0.678,forest,147.1,wet,0.2803,medium,True
2023-08-06 07:45:00,5.41,16.58,21.81,45.58,0.7755,41.46,300.0,49.9,0.486,forest,42.8,normal,0.309,medium,True
2023-08-06 08:45:00,3.89,6.03,12.75,29.56,0.5971,24.12,792.9,134.5,0.04,barren,137.0,normal,0.2233,low,True
2023-08-06 10:45:00,0.7,1.55,2.92,5.95,0.8519,28.66,1787.1,330.7,0.178,agriculture,1540.0,wet,0.149,low,True
2023-08-06 13:45:00,8.92,21.13,32.57,54.93,0.99,23.08,616.9,306.8,0.163,forest,612.6,wet,0.3062,medium,True
2023-08-06 17:30:00,0.22,0.55,1.3,2.38,0.5172,29.42,1797.3,89.0,0.889,barren,576.2,normal,0.1203,low,True
2023-08-07 01:30:00,7.68,14.82,19.25,31.96,0.9168,17.54,1103.8,215.9,0.254,urban,658.7,wet,0.2272,low,True
2023-08-07 01:45:00,0.42,0.79,2.17,3.37,0.4566,51.48,2321.7,212.0,0.417,agriculture,711.0,normal,0.1578,low,True
2023-08-07 02:30:00,1.29,2.23,4.59,12.6,0.2586,40.17,1239.5,105.6,0.924,forest,147.7,dry,0.1397,low,True
2023-08-07 04:15:00,0.34,0.77,2.44,4.11,0.256,22.55,1322.9,84.7,1.654,urban,146.1,dry,0.1398,low,True
2023-08-07 05:30:00,9.36,17.99,24.13,53.79,0.7458,38.75,1149.8,140.4,0.464,urban,153.6,normal,0.3595,medium,True
2023-08-07 06:15:00,7.7,22.43,29.16,44.63,0.6504,30.87,1162.3,283.9,0.486,forest,607.4,normal,0.1812,low,True
2023-08-07 07:15:00,0.87,2.08,4.51,9.34,0.3052,60.56,1652.7,69.0,0.06,forest,568.6,dry,0.0837,low,True
2023-08-07 07:15:00,0.31,1.09,2.37,3.64,0.1879,54.99,1772.1,160.5,0.409,forest,16.0,dry,0.1961,low,True
2023-08-07 07:30:00,0.3,0.52,1.58,4.79,0.4866,36.19,1572.6,173.4,0.696,agriculture,1052.8,normal,0.1575,low,True
2023-08-07 09:00:00,5.07,8.86,14.02,22.57,0.305,48.72,836.1,338.1,0.126,forest,127.7,dry,0.2382,low,True
2023-08-07 11:15:00,0.01,0.02,0.03,0.07,0.2452,27.45,1844.0,109.3,0.071,agriculture,354.4,dry,0.0592,low,True
2023-08-07 13:45:00,1.53,4.8,7.74,15.93,0.8918,37.74,874.0,7.1,1.194,forest,367.5,wet,0.2516,low,True
2023-08-07 21:15:00,0.14,0.49,1.27,2.24,0.5093,26.2,947.3,249.7,0.073,urban,52.1,normal,0.2199,low,True
2023-08-07 22:30:00,18.49,32.8,70.72,84.2,0.5936,51.22,1259.9,272.1,1.466,forest,426.5,dry,0.2771,low,True
2023-08-08 00:00:00,0.4,0.88,2.04,5.03,0.5267,22.06,2065.1,253.1,0.192,agriculture,276.9,normal,0.1248,low,True
2023-08-08 03:30:00,0.18,0.31,0.73,1.13,0.7983,25.08,916.8,252.3,0.24,urban,340.4,wet,0.14,low,True
2023-08-08 04:30:00,0.32,1.13,1.87,5.11,0.5603,36.18,1820.5,174.0,0.447,forest,217.3,normal,0.2071,low,True
2023-08-08 07:45:00,10.74,18.44,28.31,39.97,0.3973,23.88,300.0,6.7,0.125,forest,581.0,dry,0.1709,low,True
2023-08-08 08:30:00,4.17,8.81,21.46,33.76,0.9337,16.1,1903.3,262.8,0.7,barren,362.9,wet,0.276,low,True
2023-08-08 10:00:00,0.07,0.24,0.34,0.49,0.5421,44.24,2227.1,337.1,0.445,forest,85.0,normal,0.196,low,True
2023-08-08 11:30:00,13.16,21.02,37.74,50.88,0.8117,22.98,1964.6,56.7,1.753,barren,499.0,normal,0.2979,medium,True
2023-08-08 11:30:00,7.42,12.88,21.61,44.4,0.7346,21.04,1569.8,24.4,1.453,forest,254.4,normal,0.1539,low,True
2023-08-08 12:45:00,1.91,5.42,11.66,22.91,0.6431,38.48,1182.6,95.5,0.881,forest,23.3,normal,0.2275,low,True
2023-08-08 13:15:00,0.44,2.13,4.27,9.6,0.5733,26.99,1035.3,305.9,0.123,urban,185.8,normal,0.1803,low,True
2023-08-08 15:15:00,3.55,8.23,17.16,26.54,0.8463,43.67,1092.3,38.2,0.144,agriculture,189.8,wet,0.265,low,True
2023-08-08 19:45:00,0.14,0.69,1.46,3.99,0.5117,34.88,1239.3,257.5,0.188,barren,575.8,normal,0.0333,low,True
2023-08-08 22:00:00,0.29,0.7,1.07,1.59,0.8015,27.44,2161.0,22.7,1.078,forest,103.3,wet,0.2984,medium,True
2023-08-08 22:45:00,2.51,8.33,16.83,26.53,0.6199,46.0,1527.5,11.8,0.626,forest,220.9,normal,0.167,low,True
2023-08-09 00:45:00,12.73,26.28,59.72,87.44,0.905,27.8,2070.3,320.9,0.116,barren,29.6,normal,0.5137,medium,True
2023-08-09 01:15:00,28.9,67.6,91.02,129.6,0.8313,40.18,3426.0,277.4,0.368,forest,756.3,normal,0.497,medium,True
2023-08-09 03:00:00,0.28,0.8,1.37,2.19,0.2202,22.44,2591.6,215.5,2.211,agriculture,215.3,dry,0.1348,low,True
2023-08-09 04:45:00,62.32,111.07,128.97,154.38,0.4945,34.83,1590.7,61.9,0.791,forest,689.7,dry,0.4929,medium,True
2023-08-09 06:15:00,0.55,1.51,3.91,6.11,0.8698,35.63,1264.1,100.4,1.633,forest,405.8,wet,0.2566,low,True
2023-08-09 09:15:00,4.86,9.27,14.91,27.54,0.5994,37.07,2100.0,17.5,0.993,barren,144.9,normal,0.2087,low,True
2023-08-09 11:00:00,0.41,0.68,2.02,3.43,0.2908,26.41,2099.1,232.3,0.775,barren,446.5,dry,0.111,low,True
2023-08-09 11:00:00,6.61,21.48,41.9,68.0,0.9143,36.48,1922.7,247.0,1.063,agriculture,231.4,normal,0.3048,medium,True
2023-08-09 11:00:00,0.05,0.09,0.24,0.69,0.2158,52.18,2485.1,117.7,0.708,agriculture,156.1,dry,0.1323,low,True
2023-08-09 11:00:00,0.32,0.54,1.65,3.96,0.8496,27.2,1033.4,121.8,0.503,agriculture,395.8,wet,0.1809,low,True
2023-08-09 14:15:00,2.68,7.42,13.36,23.14,0.3021,41.02,1771.8,226.4,0.799,agriculture,531.0,dry,0.0894,low,True
2023-08-09 16:45:00,21.38,58.36,80.57,128.04,0.8353,31.05,1577.8,340.4,0.156,barren,418.4,normal,0.5476,high,True
2023-08-09 20:30:00,41.0,74.44,96.21,109.7,0.7835,52.38,2009.3,142.1,0.404,forest,227.5,normal,0.4871,medium,True
2023-08-09 21:45:00,5.09,11.78,27.93,47.78,0.6623,28.01,1323.5,177.7,1.814,forest,115.1,normal,0.2651,low,True
2023-08-10 04:00:00,0.02,0.1,0.32,0.64,0.1536,34.94,1821.0,251.4,0.992,urban,592.0,dry,0.0994,low,True
2023-08-10 04:15:00,4.76,11.25,21.21,32.1,0.721,31.85,527.2,123.2,1.565,forest,159.0,normal,0.2984,medium,True
2023-08-10 05:45:00,0.11,0.25,0.76,1.45,0.7907,31.9,1588.2,312.8,2.055,forest,342.2,wet,0.2146,low,True
2023-08-10 06:45:00,11.84,23.29,34.08,54.69,0.99,13.87,2627.2,304.6,0.531,agriculture,52.9,wet,0.4264,medium,True
2023-08-10 08:15:00,19.53,47.22,88.58,123.83,0.85,23.46,1288.3,242.7,0.131,barren,481.9,normal,0.6076,high,True
2023-08-10 10:15:00,9.95,19.61,38.85,52.14,0.7608,30.58,1539.0,193.3,0.811,agriculture,1079.5,normal,0.231,low,True
2023-08-10 11:15:00,3.41,7.11,13.81,31.52,0.3451,38.88,2241.6,354.1,0.004,forest,218.8,dry,0.2209,low,True
2023-08-10 12:30:00,0.13,0.27,0.61,1.5,0.2249,34.99,1882.6,252.9,0.056,urban,288.2,dry,0.1448,low,True
2023-08-10 14:00:00,0.21,0.45,0.77,1.89,0.8097,46.82,573.1,231.6,0.202,barren,814.1,wet,0.1757,low,True
2023-08-10 14:15:00,0.28,0.52,0.82,1.31,0.7984,29.85,1515.7,315.7,0.009,barren,565.2,wet,0.1158,low,True
2023-08-10 14:15:00,0.14,0.52,0.75,1.17,0.5365,31.66,1830.0,199.8,0.69,forest,1157.1,normal,0.1093,low,True
2023-08-10 16:30:00,4.94,10.1,16.07,28.19,0.642,45.14,2420.1,87.5,1.018,forest,118.3,normal,0.1995,low,True
2023-08-10 16:45:00,7.54,15.6,23.17,53.87,0.7419,43.68,2307.5,49.6,0.841,forest,232.2,normal,0.2666,low,True
2023-08-10 18:45:00,0.82,1.55,2.84,4.34,0.1941,40.07,1561.4,169.6,0.094,forest,222.9,dry,0.2057,low,True
2023-08-10 20:00:00,0.22,0.45,0.85,2.3,0.5402,53.33,1981.2,185.6,0.977,forest,234.3,normal,0.186,low,True
2023-08-10 22:45:00,81.35,128.27,164.05,195.27,0.99,27.93,1553.1,298.0,1.058,forest,865.2,wet,0.8332,critical,True
2023-08-10 23:00:00,0.45,0.86,2.59,4.17,0.4522,18.15,1298.0,50.2,0.061,agriculture,90.5,normal,0.1569,low,True
2023-08-11 00:45:00,0.47,0.98,2.47,5.09,0.5729,26.53,2257.5,245.2,0.407,agriculture,798.5,normal,0.1612,low,True
2023-08-11 01:30:00,7.69,14.46,22.53,48.15,0.4766,37.91,2217.3,109.5,0.699,barren,306.3,dry,0.1735,low,True
2023-08-11 04:45:00,0.12,0.25,0.54,1.59,0.1832,25.65,1761.5,338.1,0.313,forest,279.4,dry,0.0974,low,True
2023-08-11 05:00:00,6.27,10.36,22.54,45.53,0.766,20.21,1208.1,169.4,1.32,forest,198.5,normal,0.1989,low,True
2023-08-11 05:00:00,8.64,14.07,22.37,45.21,0.99,37.42,1583.9,224.1,0.452,forest,281.5,wet,0.3678,medium,True
2023-08-11 06:15:00,5.2,10.38,18.83,25.7,0.9074,22.97,1623.3,234.0,0.078,forest,579.1,wet,0.2104,low,True
2023-08-11 08:00:00,3.39,10.39,13.46,25.04,0.9341,33.77,2153.4,32.8,0.454,forest,247.2,wet,0.2768,low,True
2023-08-11 08:45:00,1.8,5.39,8.7,13.38,0.54,23.72,1416.7,306.8,0.517,agriculture,533.7,normal,0.1489,low,True
2023-08-11 13:00:00,0.79,2.04,6.28,9.1,0.5221,23.81,1617.0,59.1,1.843,urban,198.6,normal,0.1379,low,True
2023-08-11 13:00:00,0.24,0.88,2.66,5.34,0.7895,31.6,1712.2,143.1,0.329,barren,80.7,wet,0.2012,low,True
2023-08-11 16:15:00,1.17,2.3,3.77,6.19,0.5452,29.42,1438.2,242.1,1.341,agriculture,197.4,normal,0.2126,low,True
2023-08-11 17:15:00,0.18,0.53,1.37,3.82,0.8223,20.53,1753.7,19.9,0.231,urban,459.7,wet,0.1843,low,True
2023-08-11 18:45:00,0.12,0.29,0.53,0.81,0.7888,40.2,1666.9,209.0,0.361,agriculture,678.1,wet,0.1899,low,True
2023-08-11 19:00:00,0.25,0.86,2.2,3.31,0.5203,36.89,1110.5,147.6,0.675,barren,526.9,normal,0.1652,low,True
2023-08-11 21:30:00,20.65,64.37,92.85,125.78,0.8156,52.78,1266.5,23.0,1.3,agriculture,174.2,normal,0.5545,high,True
2023-08-11 23:30:00,7.02,13.38,18.7,44.78,0.7029,34.96,754.9,261.5,0.893,agriculture,312.9,normal,0.2313,low,True
2023-08-12 00:30:00,0.12,0.58,1.46,2.89,0.21,47.09,1156.6,180.5,0.101,barren,166.4,dry,0.0926,low,True
2023-08-12 03:30:00,11.13,25.85,48.54,94.22,0.9063,24.48,2456.0,109.2,0.129,forest,436.7,normal,0.3447,medium,True
2023-08-12 05:15:00,4.2,11.72,20.31,28.69,0.9166,33.11,1997.0,30.4,0.042,agriculture,210.7,wet,0.2834,medium,True
2023-08-12 06:45:00,0.73,1.5,2.74,7.53,0.8307,29.67,1118.2,197.1,0.583,urban,516.6,wet,0.1393,low,True
2023-08-12 07:00:00,0.26,1.13,2.77,6.51,0.2518,21.56,1485.0,110.1,0.348,barren,14.5,dry,0.1331,low,True
2023-08-12 08:45:00,0.24,0.84,1.72,3.04,0.5322,27.74,1078.2,340.8,1.252,forest,155.5,normal,0.1856,low,True
2023-08-12 17:45:00,0.38,0.96,1.42,2.77,0.496,43.77,2035.7,212.9,2.729,forest,746.9,normal,0.1742,low,True
2023-08-12 19:00:00,16.66,26.17,60.23,109.0,0.8121,21.64,1751.1,102.6,1.265,barren,146.8,normal,0.5795,high,True
2023-08-12 20:00:00,0.13,0.22,0.54,1.71,0.522,25.06,2009.4,190.3,0.029,urban,185.7,normal,0.1772,low,True
2023-08-13 00:30:00,0.67,1.67,2.99,9.16,0.6044,35.78,1410.6,194.2,1.733,forest,557.4,normal,0.1234,low,True
2023-08-13 02:00:00,7.34,14.06,29.38,46.11,0.7525,29.93,2200.5,261.6,0.065,barren,44.8,normal,0.3398,medium,True
2023-08-13 05:00:00,5.15,13.83,21.57,49.02,0.3445,48.76,885.0,324.8,0.356,barren,140.8,dry,0.2099,low,True
2023-08-13 05:00:00,4.08,7.49,16.67,35.73,0.71,62.56,1244.2,346.5,0.212,forest,531.3,normal,0.2005,low,True
2023-08-13 05:45:00,7.36,13.3,18.41,29.8,0.6834,35.83,1361.2,258.4,0.102,barren,1111.4,normal,0.232,low,True
2023-08-13 06:00:00,5.3,13.01,16.71,37.31,0.3472,29.19,2081.2,196.5,0.113,forest,544.5,dry,0.1652,low,True
2023-08-13 10:00:00,1.38,3.39,5.21,7.97,0.5977,26.09,1274.0,81.0,0.255,agriculture,76.2,normal,0.2576,low,True
2023-08-13 13:15:00,0.77,1.36,4.48,6.68,0.5158,26.21,1020.3,145.1,0.015,agriculture,640.7,normal,0.1174,low,True
2023-08-13 14:30:00,0.78,2.07,3.95,6.33,0.8703,34.9,1605.6,176.0,0.04,agriculture,236.0,wet,0.2484,low,True
2023-08-13 14:30:00,0.09,0.2,0.55,1.1,0.546,37.22,3062.2,46.2,0.752,barren,544.8,normal,0.1486,low,True
2023-08-13 16:00:00,0.01,0.02,0.05,0.11,0.5139,20.07,1014.2,92.3,0.59,forest,105.8,normal,0.1599,low,True
2023-08-13 17:00:00,0.26,0.48,0.97,1.49,0.5779,19.09,2343.3,354.4,0.063,urban,156.0,normal,0.1259,low,True
2023-08-13 17:30:00,4.54,8.94,21.39,50.57,0.4726,26.4,1595.4,272.4,0.34,barren,821.7,dry,0.1038,low,True
2023-08-13 17:45:00,0.6,1.32,4.03,5.91,0.5441,20.72,1603.4,173.5,0.561,barren,855.9,normal,0.1265,low,True
2023-08-13 18:00:00,9.68,15.38,25.36,49.75,0.99,18.33,1238.4,81.4,0.062,agriculture,127.5,wet,0.3876,medium,True
2023-08-13 19:15:00,18.3,42.42,59.13,103.24,0.8079,51.19,1975.2,206.4,2.145,forest,40.5,normal,0.4834,medium,True
2023-08-13 19:45:00,22.0,49.39,101.64,122.62,0.9617,44.72,2223.1,83.5,1.132,agriculture,935.9,normal,0.547,high,True
2023-08-13 23:30:00,0.65,2.08,6.7,11.29,0.1692,30.21,2503.0,69.5,0.155,urban,135.0,dry,0.1842,low,True
2023-08-14 01:15:00,5.59,9.67,17.46,42.25,0.99,30.27,1771.4,33.8,0.439,forest,54.8,wet,0.3609,medium,True
2023-08-14 03:00:00,0.08,0.36,0.64,1.1,0.7864,33.55,1184.8,124.5,0.425,urban,159.8,wet,0.2152,low,True
2023-08-14 06:00:00,18.5,42.88,77.09,96.35,0.5812,17.04,2672.4,195.0,0.244,barren,125.9,dry,0.3254,medium,True
2023-08-14 06:15:00,0.18,0.8,1.93,6.4,0.5579,25.26,1328.3,57.4,0.855,barren,39.4,normal,0.2329,low,True
2023-08-14 06:45:00,5.86,15.16,22.26,43.67,0.3907,33.86,1136.7,72.2,0.644,agriculture,1451.6,dry,0.1019,low,True
2023-08-14 07:45:00,0.59,2.39,3.92,6.58,0.5364,36.05,1773.5,140.8,1.198,agriculture,131.7,normal,0.1829,low,True
2023-08-14 11:15:00,0.1,0.25,0.49,1.45,0.1224,21.5,1021.7,176.2,0.003,barren,121.3,dry,0.1013,low,True
2023-08-14 12:30:00,0.13,0.42,0.73,2.14,0.2872,30.17,1300.3,274.4,0.556,forest,200.6,dry,0.1496,low,True
2023-08-14 12:30:00,5.96,16.01,27.82,45.84,0.4144,43.3,1975.9,204.0,2.957,barren,197.5,dry,0.2611,low,True
2023-08-14 14:00:00,47.22,76.82,100.12,131.17,0.99,40.86,3323.6,222.4,0.934,agriculture,209.1,wet,0.8371,critical,True
2023-08-14 16:45:00,0.09,0.18,0.36,0.94,0.7611,24.18,1939.3,250.6,0.253,barren,839.9,wet,0.13,low,True
2023-08-14 21:30:00,0.11,0.42,0.68,2.07,0.2415,21.56,2310.9,162.4,0.102,barren,31.7,dry,0.1116,low,True
2023-08-14 22:15:00,6.09,10.12,14.5,21.97,0.5991,39.3,1295.7,123.5,0.335,forest,1004.4,normal,0.1216,low,True
2023-08-14 22:15:00,0.16,0.44,0.7,2.06,0.2326,35.29,1760.2,288.2,0.331,forest,393.7,dry,0.0389,low,True
2023-08-14 22:30:00,13.9,29.76,52.53,80.4,0.5199,26.05,449.3,298.2,0.528,barren,428.5,dry,0.2993,medium,True
2023-08-15 05:15:00,0.19,0.38,0.62,1.28,0.782,18.91,800.5,55.4,0.041,forest,70.1,wet,0.2546,low,True
2023-08-15 08:30:00,0.27,0.82,1.54,3.03,0.2317,22.53,1693.9,343.2,0.294,agriculture,149.7,dry,0.1023,low,True
2023-08-15 09:45:00,2.29,6.44,13.5,26.22,0.5663,30.33,1812.2,334.8,1.158,forest,28.8,normal,0.227,low,True
2023-08-15 10:00:00,7.18,14.38,20.44,30.76,0.7453,37.45,2106.9,313.5,0.619,forest,380.5,normal,0.2358,low,True
2023-08-15 13:45:00,3.2,5.09,6.86,15.03,0.2637,45.49,1486.2,152.2,0.342,forest,155.4,dry,0.1293,low,True
2023-08-15 14:30:00,0.45,0.97,1.71,4.73,0.5279,29.04,2505.4,303.2,0.223,barren,290.5,normal,0.1168,low,True
2023-08-15 15:00:00,0.78,1.33,1.92,6.11,0.904,40.66,1930.2,226.1,0.197,agriculture,499.0,wet,0.2162,low,True
2023-08-15 16:15:00,3.13,9.31,17.39,34.48,0.99,19.36,512.1,73.9,0.828,agriculture,292.2,wet,0.3135,medium,True
2023-08-15 16:45:00,9.37,20.44,25.84,53.43,0.4906,33.89,513.2,279.0,0.336,urban,36.0,dry,0.3152,medium,True
2023-08-15 17:30:00,0.95,1.63,3.74,5.92,0.8228,38.33,1677.1,146.2,0.17,forest,32.3,wet,0.2212,low,True
2023-08-15 19:15:00,0.01,0.03,0.06,0.13,0.7581,44.25,1457.7,105.2,1.005,forest,716.5,wet,0.1804,low,True
2023-08-15 22:15:00,0.28,0.87,1.6,3.81,0.3402,37.75,1732.9,316.2,0.185,barren,116.4,dry,0.1539,low,True
2023-08-16 00:00:00,4.59,13.06,23.74,31.86,0.6945,22.74,1398.3,310.4,0.04,barren,167.4,normal,0.2154,low,True
2023-08-16 03:30:00,6.73,16.05,22.98,44.15,0.3167,38.14,1239.8,311.2,0.477,forest,96.2,dry,0.2183,low,True
2023-08-16 03:45:00,0.05,0.12,0.17,0.35,0.5314,28.84,1159.2,309.4,0.196,urban,430.1,normal,0.1357,low,True
2023-08-16 04:15:00,0.51,2.0,5.4,7.95,0.5155,29.72,1565.7,199.5,0.003,urban,180.8,normal,0.1111,low,True
2023-08-16 10:00:00,7.64,15.59,20.56,39.47,0.3102,22.47,2103.8,222.1,0.418,forest,223.3,dry,0.119,low,True
2023-08-16 10:30:00,0.21,0.4,1.29,1.97,0.2074,27.18,954.3,341.6,1.35,forest,402.8,dry,0.1139,low,True
2023-08-16 10:45:00,7.56,24.09,51.66,86.14,0.8126,48.38,1516.8,46.6,0.62,barren,351.5,normal,0.4182,medium,True
2023-08-16 14:00:00,5.81,9.07,15.57,21.84,0.6284,31.59,2454.8,290.3,0.011,forest,531.1,normal,0.1745,low,True
2023-08-16 14:15:00,29.78,47.07,80.46,123.05,0.7988,24.46,555.3,189.5,0.286,forest,493.6,normal,0.4105,medium,True
2023-08-16 16:15:00,6.96,11.08,21.78,31.03,0.6441,32.36,1985.5,352.2,0.17,barren,212.9,normal,0.2484,low,True
2023-08-16 17:00:00,0.61,1.58,2.95,5.28,0.3192,28.3,1474.9,230.1,0.666,agriculture,84.6,dry,0.1621,low,True
2023-08-16 18:00:00,0.33,1.07,2.61,4.72,0.5217,25.31,1131.9,58.5,0.366,agriculture,98.4,normal,0.199,low,True
2023-08-16 18:45:00,5.3,11.55,15.64,21.1,0.348,29.35,1267.4,293.6,0.114,forest,439.3,dry,0.0874,low,True
2023-08-16 20:45:00,0.2,0.34,0.63,1.75,0.8061,41.82,2219.7,242.2,0.366,agriculture,116.0,wet,0.2309,low,True
2023-08-16 21:00:00,0.57,1.46,2.1,3.07,0.4659,23.71,1521.9,53.6,1.608,agriculture,213.2,normal,0.1786,low,True
2023-08-16 21:30:00,0.1,0.22,0.67,1.15,0.0698,44.71,954.5,3.2,0.317,forest,50.0,dry,0.2231,low,True
2023-08-16 22:45:00,0.04,0.16,0.27,0.8,0.2321,39.35,1080.1,195.7,1.226,forest,55.6,dry,0.1625,low,True
2023-08-16 23:45:00,0.41,0.73,1.55,2.72,0.2114,37.78,1300.6,86.9,0.387,agriculture,110.7,dry,0.1043,low,True
2023-08-17 03:30:00,9.1,18.82,23.71,47.7,0.4816,32.11,2120.7,312.2,0.85,urban,41.0,dry,0.3022,medium,True
2023-08-17 07:00:00,25.0,69.28,101.53,126.48,0.8544,45.47,1298.5,90.3,0.925,urban,122.3,normal,0.6716,high,True
2023-08-17 09:00:00,32.63,55.51,73.91,89.02,0.99,32.64,1585.1,238.6,0.858,forest,303.9,wet,0.5056,medium,True
2023-08-17 09:30:00,35.65,70.83,88.15,142.18,0.8225,36.82,1185.2,124.2,0.61,barren,488.0,normal,0.6923,high,True
2023-08-17 10:00:00,5.14,15.21,29.34,40.95,0.7207,35.89,1360.9,126.1,1.828,barren,21.6,normal,0.3426,medium,True
2023-08-17 11:00:00,0.07,0.17,0.33,0.81,0.5112,35.84,1502.9,65.5,1.583,barren,331.2,normal,0.1585,low,True
2023-08-17 16:30:00,14.91,37.57,50.1,90.57,0.8785,27.63,1041.8,181.0,0.216,agriculture,167.9,normal,0.4447,medium,True
2023-08-17 17:45:00,0.25,0.53,1.73,4.3,0.169,19.58,1131.3,208.5,0.712,forest,100.0,dry,0.1584,low,True
2023-08-17 18:30:00,0.0,0.0,0.01,0.01,0.1622,51.67,1287.1,209.2,0.656,barren,21.3,dry,0.2556,low,True
2023-08-17 20:15:00,0.16,0.46,0.99,2.86,0.7696,25.56,2501.0,308.4,0.134,forest,148.1,wet,0.1932,low,True
2023-08-17 21:45:00,2.77,8.23,19.58,39.94,0.99,29.15,1636.4,234.8,0.185,forest,555.7,wet,0.2552,low,True
2023-08-18 00:00:00,38.1,62.7,96.89,116.76,0.6571,19.81,1062.7,266.5,0.223,agriculture,274.3,dry,0.4369,medium,True
2023-08-18 03:00:00,3.8,10.57,16.42,24.79,0.277,29.13,2106.3,116.4,0.242,urban,533.1,dry,0.1609,low,True
2023-08-18 08:15:00,0.2,0.51,0.98,1.83,0.8205,25.01,2138.2,151.4,1.156,forest,196.1,wet,0.212,low,True
2023-08-18 09:45:00,0.0,0.01,0.02,0.07,0.5127,53.35,1050.3,6.6,0.85,agriculture,658.6,normal,0.1998,low,True
2023-08-18 10:00:00,5.94,17.25,30.99,41.61,0.9476,20.77,2575.0,28.5,0.989,forest,67.0,wet,0.363,medium,True
2023-08-18 11:45:00,0.76,1.45,2.31,5.82,0.2721,42.02,1829.9,138.6,1.465,urban,610.2,dry,0.1582,low,True
2023-08-18 14:45:00,0.62,1.92,3.25,5.24,0.8344,26.4,1851.9,75.5,0.433,agriculture,236.2,wet,0.1929,low,True
2023-08-18 16:30:00,0.04,0.12,0.35,0.51,0.7413,14.71,1816.6,292.7,1.083,forest,489.7,wet,0.1568,low,True
2023-08-18 17:45:00,0.71,1.22,3.3,6.34,0.2202,48.54,1802.6,243.5,0.713,forest,106.2,dry,0.169,low,True
2023-08-18 18:15:00,5.78,10.14,13.75,20.08,0.6483,45.18,1530.8,349.3,0.375,forest,243.0,normal,0.1853,low,True
2023-08-18 19:30:00,0.13,0.3,0.6,1.19,0.2427,32.37,1989.8,319.3,0.129,forest,471.9,dry,0.0973,low,True
2023-08-18 20:30:00,0.15,0.26,0.5,0.95,0.531,19.24,1401.8,352.0,0.338,forest,241.4,normal,0.1518,low,True
2023-08-19 01:30:00,7.49,18.34,25.16,45.78,0.7566,31.59,2544.1,131.5,0.139,agriculture,224.4,normal,0.2671,low,True
2023-08-19 03:30:00,22.14,45.34,62.36,124.33,0.7742,31.75,404.2,174.4,0.203,forest,592.5,normal,0.3713,medium,True
2023-08-19 05:45:00,2.65,5.29,15.01,25.58,0.6586,28.98,1054.0,134.1,0.2,barren,72.0,normal,0.2465,low,True
2023-08-19 08:45:00,1.13,2.15,4.43,10.93,0.3521,38.95,1813.2,347.2,0.859,forest,235.6,dry,0.16,low,True
2023-08-19 09:30:00,112.14,132.64,144.71,194.21,0.787,27.14,1552.3,145.0,0.425,agriculture,614.8,normal,0.7638,critical,True
2023-08-19 10:30:00,3.84,8.32,17.97,39.08,0.7219,54.29,1298.3,42.0,0.945,forest,663.1,normal,0.1803,low,True
2023-08-19 14:15:00,0.12,0.36,1.05,1.7,0.8438,22.45,1705.0,90.2,1.259,forest,54.1,wet,0.2681,low,True
2023-08-19 15:15:00,0.17,0.29,0.6,1.03,0.2142,25.03,871.3,152.9,0.568,agriculture,674.3,dry,0.0767,low,True
2023-08-19 16:45:00,0.83,2.82,5.48,10.39,0.6076,24.44,978.2,217.1,0.314,forest,14.3,normal,0.1841,low,True
2023-08-19 17:30:00,26.3,44.01,56.73,82.06,0.9166,29.97,1523.7,222.5,1.166,barren,687.2,normal,0.4435,medium,True
2023-08-19 18:30:00,0.47,1.17,3.74,6.54,0.647,19.63,1830.3,273.2,0.503,agriculture,117.6,normal,0.1495,low,True
2023-08-19 18:45:00,0.56,1.45,2.5,4.3,0.553,42.87,1170.1,233.2,1.167,agriculture,312.1,normal,0.1708,low,True
2023-08-19 19:45:00,9.74,25.55,44.38,61.04,0.7686,23.81,521.0,177.0,0.185,forest,13.4,normal,0.3077,medium,True
2023-08-19 19:45:00,0.09,0.41,1.05,2.48,0.8358,35.42,1737.8,10.9,0.5,forest,470.2,wet,0.1604,low,True
2023-08-19 21:30:00,1.3,2.2,5.54,10.75,0.2178,25.17,1891.4,250.2,0.143,agriculture,207.7,dry,0.1655,low,True
2023-08-19 23:15:00,8.88,18.27,25.64,35.28,0.99,49.5,945.2,30.8,0.719,agriculture,664.3,wet,0.1951,low,True
2023-08-20 00:00:00,0.12,0.55,1.33,2.14,0.461,21.23,1364.5,168.8,0.53,forest,293.8,normal,0.1361,low,True
2023-08-20 02:15:00,10.8,16.96,38.04,50.98,0.6914,18.66,2145.9,322.7,0.487,forest,639.9,normal,0.139,low,True
2023-08-20 04:15:00,0.56,1.19,2.09,5.47,0.5378,37.32,904.7,214.9,0.612,forest,341.1,normal,0.1357,low,True
2023-08-20 05:00:00,57.58,88.17,110.61,153.36,0.99,47.8,1580.5,71.6,0.282,agriculture,489.5,wet,0.7907,critical,True
2023-08-20 09:30:00,20.54,38.24,71.44,103.46,0.9148,24.31,1201.1,290.9,0.128,forest,492.4,normal,0.3107,medium,True
2023-08-20 11:00:00,1.93,5.85,9.18,18.95,0.9059,18.77,2910.7,108.1,0.985,agriculture,109.1,wet,0.2709,low,True
2023-08-20 12:15:00,0.29,0.83,1.63,2.61,0.2673,34.18,863.7,207.8,0.291,forest,311.3,dry,0.0615,low,True
2023-08-20 12:30:00,0.1,0.29,0.46,0.9,0.5506,39.49,505.5,228.9,2.702,agriculture,734.6,normal,0.1633,low,True
2023-08-20 12:30:00,0.07,0.31,0.61,1.91,0.55,45.62,1963.7,263.2,0.394,forest,748.8,normal,0.1106,low,True
2023-08-20 17:00:00,13.99,22.89,29.42,45.53,0.7429,28.66,1404.6,23.4,0.404,agriculture,180.0,normal,0.3582,medium,True
2023-08-20 17:30:00,0.48,1.53,3.23,6.04,0.5274,39.09,981.7,307.5,0.68,forest,147.5,normal,0.228,low,True
2023-08-20 17:30:00,0.89,1.83,3.81,8.56,0.5671,65.0,1305.0,41.0,0.659,forest,381.4,normal,0.2137,low,True
2023-08-20 17:45:00,4.79,9.31,21.88,40.01,0.6564,16.98,2509.5,34.0,0.119,forest,537.6,normal,0.2026,low,True
2023-08-20 19:00:00,102.7,119.3,139.89,162.28,0.8426,39.95,1601.8,164.5,0.191,forest,22.6,normal,0.7353,high,True
2023-08-20 22:15:00,0.0,0.02,0.03,0.04,0.4864,24.22,2478.8,134.0,0.158,forest,44.3,normal,0.1685,low,True
2023-08-20 22:30:00,10.13,16.9,33.58,45.69,0.7478,30.05,856.3,19.7,0.033,barren,537.9,normal,0.3001,medium,True
2023-08-21 00:45:00,0.24,0.92,1.57,4.77,0.5366,44.65,2252.3,59.8,0.014,urban,210.9,normal,0.1685,low,True
2023-08-21 05:15:00,2.83,9.16,14.57,32.59,0.3573,50.25,1018.9,158.1,0.621,forest,395.5,dry,0.158,low,True
2023-08-21 08:00:00,0.19,0.6,0.96,1.38,0.8845,28.81,2336.1,298.5,0.414,barren,610.9,wet,0.1836,low,True
2023-08-21 11:15:00,64.2,94.54,128.2,172.25,0.99,44.93,2287.1,43.7,1.35,agriculture,504.9,wet,0.8797,critical,True
2023-08-21 14:00:00,0.23,0.46,0.95,2.37,0.3029,45.06,1003.1,37.6,0.215,forest,590.7,dry,0.1078,low,True
2023-08-21 14:45:00,70.82,104.15,124.31,158.58,0.4844,34.33,1853.4,289.7,0.929,urban,262.5,dry,0.7481,critical,True
2023-08-21 14:45:00,7.8,13.67,29.76,51.88,0.4871,39.3,1724.1,177.2,0.065,barren,70.1,dry,0.2985,medium,True
2023-08-21 15:45:00,7.54,13.41,25.39,42.03,0.99,65.0,2161.7,129.7,1.017,urban,234.5,wet,0.3937,medium,True
2023-08-21 18:00:00,10.1,25.9,52.85,94.88,0.99,32.35,920.4,166.1,1.524,forest,1166.6,wet,0.3784,medium,True
2023-08-21 18:30:00,5.47,16.52,23.86,45.68,0.4693,51.76,1356.1,147.9,0.592,forest,137.6,dry,0.1757,low,True
2023-08-21 20:45:00,4.34,8.25,12.06,17.71,0.9868,30.79,1628.8,281.5,0.799,agriculture,200.2,wet,0.2862,medium,True
2023-08-21 22:15:00,0.13,0.49,1.02,2.93,0.159,20.96,2502.8,3.4,2.644,agriculture,517.5,dry,0.1208,low,True
2023-08-22 00:00:00,0.26,0.85,1.4,3.4,0.2082,61.67,1635.8,155.9,0.285,forest,37.7,dry,0.1861,low,True
2023-08-22 03:45:00,0.16,0.69,1.09,3.58,0.7436,37.97,1017.4,57.2,0.018,barren,505.2,wet,0.1463,low,True
2023-08-22 04:00:00,1.09,2.04,3.68,5.93,0.8459,40.07,1792.6,111.0,0.689,agriculture,122.2,wet,0.2247,low,True
2023-08-22 05:15:00,9.82,27.36,48.69,74.08,0.99,30.58,990.9,40.4,0.008,forest,118.9,wet,0.4126,medium,True
2023-08-22 08:00:00,0.19,0.43,0.72,2.1,0.5335,19.97,588.2,153.7,0.504,agriculture,315.7,normal,0.1459,low,True
2023-08-22 09:45:00,14.34,29.96,41.95,57.65,0.8592,35.38,1503.0,231.6,0.546,agriculture,113.2,normal,0.3875,medium,True
2023-08-22 10:45:00,13.4,20.91,39.82,58.26,0.99,28.44,1766.7,238.2,0.527,forest,368.7,wet,0.326,medium,True
2023-08-22 11:45:00,11.62,19.69,40.32,63.24,0.8711,29.44,1715.7,286.8,0.109,urban,848.3,normal,0.433,medium,True
2023-08-22 12:15:00,22.76,42.4,81.41,130.26,0.5479,44.28,1632.1,293.4,0.048,forest,191.5,dry,0.292,medium,True
2023-08-22 16:15:00,7.85,17.59,31.34,60.25,0.842,39.29,2671.4,215.2,1.43,forest,1016.1,normal,0.2648,low,True
2023-08-22 16:15:00,0.42,0.82,1.34,2.77,0.7038,40.56,2530.8,127.1,0.468,barren,1008.1,wet,0.1622,low,True
2023-08-22 17:15:00,5.19,8.31,11.41,28.06,0.9734,32.45,1105.4,18.5,0.234,urban,91.4,wet,0.3656,medium,True
2023-08-22 17:30:00,0.06,0.12,0.19,0.51,0.5567,16.31,2166.0,12.9,0.886,barren,207.8,normal,0.1359,low,True
2023-08-22 19:30:00,0.08,0.15,0.34,0.83,0.4791,33.33,2957.2,40.8,1.528,barren,1625.8,normal,0.0679,low,True
2023-08-22 21:45:00,3.63,7.27,11.71,25.07,0.3151,31.4,2655.0,354.2,0.311,agriculture,58.1,dry,0.1546,low,True
2023-08-22 22:45:00,0.76,1.51,4.55,6.82,0.5572,43.78,2204.8,283.0,0.062,urban,235.8,normal,0.169,low,True
2023-08-22 23:30:00,0.09,0.21,0.41,0.87,0.4128,62.25,1519.6,145.8,0.708,forest,207.9,normal,0.2413,low,True
2023-08-22 23:45:00,0.72,1.34,2.4,4.77,0.1738,40.22,817.3,167.8,1.429,barren,591.2,dry,0.1091,low,True
2023-08-23 01:00:00,1.33,3.08,5.58,9.04,0.7299,40.06,1023.2,265.5,2.36,agriculture,71.9,wet,0.2776,low,True
2023-08-23 02:45:00,0.26,1.22,3.94,8.47,0.8661,37.16,1917.0,185.2,1.008,forest,97.6,wet,0.2837,medium,True
2023-08-23 07:45:00,18.41,37.35,50.48,65.1,0.5858,29.11,1776.7,129.7,0.187,agriculture,77.6,dry,0.2973,medium,True
2023-08-23 07:45:00,5.52,9.22,14.43,19.25,0.8789,26.75,1641.2,125.8,0.266,agriculture,73.8,wet,0.3218,medium,True
2023-08-23 08:15:00,0.07,0.32,0.54,1.49,0.5302,37.83,2146.0,75.5,0.088,agriculture,114.3,normal,0.268,low,True
2023-08-23 08:30:00,0.11,0.25,0.44,0.76,0.5255,56.04,2302.0,318.8,0.748,forest,272.9,normal,0.1378,low,True
2023-08-23 10:45:00,1.37,3.35,7.47,10.9,0.8848,24.17,2301.1,149.1,0.111,barren,439.5,wet,0.2065,low,True
2023-08-23 15:00:00,5.77,12.14,17.15,25.72,0.3986,36.57,2041.8,270.9,0.339,forest,177.5,dry,0.1796,low,True
2023-08-23 17:15:00,0.44,0.81,1.26,4.1,0.8487,30.47,1910.4,206.6,0.455,forest,216.9,wet,0.2201,low,True
2023-08-23 18:45:00,0.01,0.01,0.03,0.07,0.4253,38.56,1284.1,271.5,0.289,urban,560.2,normal,0.1676,low,True
2023-08-23 18:45:00,0.16,0.53,1.37,2.84,0.849,25.29,1651.2,115.5,0.097,agriculture,270.7,wet,0.2003,low,True
2023-08-23 21:30:00,1.84,4.28,8.55,13.86,0.6593,36.68,1815.7,270.7,0.205,forest,321.9,normal,0.1117,low,True
2023-08-23 21:30:00,0.36,1.2,2.1,4.84,0.1613,17.99,1568.0,284.4,0.601,forest,265.4,dry,0.1404,low,True
2023-08-23 22:45:00,7.38,13.45,31.38,52.61,0.7267,45.24,645.6,37.5,0.779,agriculture,555.8,normal,0.2894,medium,True
2023-08-24 00:30:00,43.03,69.26,110.75,135.26,0.488,39.22,1792.4,32.9,0.572,urban,80.9,dry,0.6819,high,True
2023-08-24 03:15:00,0.02,0.1,0.3,0.62,0.1684,43.55,1565.4,354.8,2.024,urban,1401.8,dry,0.1002,low,True
2023-08-24 03:45:00,6.05,10.39,19.36,43.16,0.5588,36.98,1517.1,42.5,0.571,barren,750.4,dry,0.143,low,True
2023-08-24 05:00:00,0.65,2.49,4.64,8.85,0.8323,26.12,1944.2,246.5,0.153,forest,188.9,wet,0.2589,low,True
2023-08-24 05:45:00,0.12,0.21,0.61,1.8,0.7357,25.21,1931.8,269.2,0.405,forest,197.7,wet,0.1911,low,True
2023-08-24 07:15:00,0.23,0.58,1.39,2.32,0.738,51.0,2316.2,22.9,1.086,forest,671.7,wet,0.225,low,True
2023-08-24 10:30:00,63.8,103.77,132.06,157.51,0.99,20.38,1954.8,268.7,0.237,forest,216.4,wet,0.8103,critical,True
2023-08-24 12:15:00,2.07,6.84,9.6,15.12,0.9008,65.0,1369.6,151.0,0.801,forest,258.4,wet,0.3154,medium,True
2023-08-24 14:15:00,5.62,8.85,18.46,36.99,0.417,38.42,2394.0,98.9,0.923,forest,489.6,dry,0.2037,low,True
2023-08-24 15:30:00,0.37,0.71,1.56,2.45,0.7584,23.46,2502.3,239.5,1.631,agriculture,181.9,wet,0.2028,low,True
2023-08-24 16:15:00,0.05,0.13,0.42,0.95,0.8055,20.82,1587.4,299.9,0.308,forest,221.8,wet,0.1409,low,True
2023-08-24 16:30:00,19.57,57.1,76.35,108.72,0.5883,31.88,2349.5,206.2,0.18,agriculture,23.2,dry,0.3963,medium,True
2023-08-24 18:30:00,4.35,13.91,25.11,42.9,0.7774,37.42,1698.0,313.4,0.426,urban,60.0,normal,0.3752,medium,True
2023-08-24 19:30:00,84.44,119.37,137.91,161.64,0.8166,39.7,2289.8,8.0,3.039,agriculture,224.8,normal,0.9047,critical,True
2023-08-24 20:45:00,0.18,0.68,1.35,2.27,0.8785,33.91,2394.1,265.9,1.394,barren,26.4,wet,0.3462,medium,True
2023-08-24 23:15:00,7.86,15.74,24.4,34.17,0.6799,27.81,1220.2,61.0,0.2,barren,138.4,normal,0.2915,medium,True
2023-08-24 23:30:00,2.26,4.38,9.84,14.2,0.8228,25.52,2439.9,103.0,0.131,forest,211.2,wet,0.1707,low,True
2023-08-24 23:30:00,0.47,1.5,2.16,3.81,0.2895,38.15,1627.2,206.0,0.389,forest,47.5,dry,0.2117,low,True
2023-08-25 00:15:00,3.03,5.26,10.24,24.82,0.315,20.02,1833.9,98.8,0.109,forest,33.6,dry,0.1882,low,True
2023-08-25 04:00:00,7.75,16.91,30.85,57.22,0.99,17.25,2267.2,60.5,0.851,forest,15.7,wet,0.3939,medium,True
2023-08-25 04:15:00,10.29,27.42,45.26,56.77,0.4765,35.05,1445.5,318.8,0.022,agriculture,242.5,dry,0.1805,low,True
2023-08-25 10:15:00,0.03,0.06,0.08,0.21,0.5644,30.43,2195.3,326.4,0.153,urban,65.6,normal,0.1602,low,True
2023-08-25 13:00:00,19.37,36.48,47.2,68.19,0.8687,58.21,1700.2,13.1,0.011,urban,418.3,normal,0.4531,medium,True
2023-08-25 13:45:00,0.03,0.06,0.14,0.29,0.8466,38.53,1327.4,180.0,0.154,forest,247.7,wet,0.2787,low,True
2023-08-25 15:15:00,2.99,6.53,8.75,20.29,0.2733,25.75,1986.1,73.3,0.032,urban,16.7,dry,0.1475,low,True
2023-08-25 16:30:00,48.54,94.99,126.61,144.8,0.4585,27.08,2351.5,310.8,0.672,forest,31.3,dry,0.5037,medium,True
2023-08-25 18:15:00,4.78,10.52,16.54,33.77,0.7104,38.05,1663.3,166.5,0.507,barren,884.4,normal,0.234,low,True
2023-08-25 18:45:00,0.2,0.39,0.82,1.39,0.5242,27.38,991.8,172.2,0.144,forest,56.5,normal,0.2548,low,True
2023-08-25 19:15:00,2.81,6.61,12.85,24.74,0.5732,40.36,1406.7,225.9,0.138,forest,505.6,normal,0.1008,low,True
2023-08-25 19:45:00,0.13,0.36,0.83,2.58,0.8003,59.01,1176.0,20.0,0.207,forest,109.0,wet,0.2775,low,True
2023-08-25 22:45:00,7.64,14.36,33.19,49.5,0.8013,46.13,2965.1,45.8,0.96,barren,145.8,normal,0.4075,medium,True
2023-08-25 23:15:00,12.04,19.82,26.3,36.16,0.9501,14.62,1075.6,179.4,0.098,forest,18.8,wet,0.3248,medium,True
2023-08-26 02:45:00,26.49,62.29,88.85,120.06,0.5026,36.39,300.0,348.0,0.078,forest,294.3,dry,0.3352,medium,True
2023-08-26 04:45:00,0.02,0.05,0.12,0.18,0.5099,38.46,1369.1,303.7,0.426,urban,230.3,normal,0.1575,low,True
2023-08-26 05:30:00,4.01,8.93,12.16,20.6,0.8744,16.75,1711.8,320.2,1.201,urban,488.2,wet,0.2762,low,True
2023-08-26 06:15:00,0.09,0.22,0.43,0.72,0.4964,23.21,1619.8,49.4,0.152,forest,836.4,normal,0.071,low,True
2023-08-26 09:45:00,1.01,2.99,4.36,9.97,0.317,34.68,1707.9,345.1,0.067,barren,287.7,dry,0.1037,low,True
2023-08-26 09:45:00,17.43,41.85,53.54,102.47,0.99,33.52,832.2,262.8,0.406,forest,1074.7,wet,0.4564,medium,True
2023-08-26 11:30:00,3.18,8.33,18.27,37.63,0.6191,43.09,1637.0,117.2,0.79,forest,66.1,normal,0.262,low,True
2023-08-26 12:15:00,0.14,0.42,1.16,2.84,0.7625,46.18,1005.7,311.2,0.578,agriculture,157.9,wet,0.2113,low,True
2023-08-26 13:45:00,0.2,0.64,1.34,2.82,0.2588,23.94,2143.2,269.0,0.325,forest,629.9,dry,0.1144,low,True
2023-08-26 16:00:00,0.77,1.38,2.43,3.53,0.4945,35.68,914.1,265.1,0.025,agriculture,292.1,normal,0.1892,low,True
2023-08-26 19:45:00,0.04,0.07,0.15,0.25,0.8316,38.76,1548.2,264.5,0.215,agriculture,287.1,wet,0.1489,low,True
2023-08-26 20:45:00,0.03,0.08,0.15,0.31,0.4594,27.01,1123.3,288.3,1.51,agriculture,225.9,normal,0.1425,low,True
2023-08-26 22:00:00,1.16,2.98,5.84,10.31,0.2224,23.13,2171.5,341.5,0.151,barren,16.6,dry,0.2314,low,True
2023-08-27 00:00:00,3.48,9.48,17.06,33.58,0.3126,28.67,1317.9,49.3,0.571,barren,39.3,dry,0.1811,low,True
2023-08-27 01:30:00,6.82,18.17,31.04,47.25,0.4624,31.34,969.9,359.8,1.428,forest,42.8,dry,0.1905,low,True
2023-08-27 02:00:00,24.09,60.42,92.99,120.51,0.9466,38.18,2232.7,314.0,0.402,forest,83.5,normal,0.5501,high,True
2023-08-27 02:30:00,0.03,0.1,0.26,0.47,0.5309,25.92,404.2,159.0,0.355,agriculture,44.7,normal,0.1632,low,True
2023-08-27 09:45:00,4.34,9.01,13.11,26.6,0.3155,40.58,2015.3,56.7,0.091,barren,49.5,dry,0.1378,low,True
2023-08-27 10:00:00,79.99,99.5,118.07,146.54,0.6235,42.02,1802.1,163.4,2.366,agriculture,364.6,dry,0.5529,high,True
2023-08-27 15:30:00,13.6,21.06,46.78,58.52,0.7856,21.7,3113.5,280.3,0.117,agriculture,54.1,normal,0.3403,medium,True
2023-08-27 17:15:00,0.18,0.38,0.86,1.36,0.4991,24.7,1990.4,216.9,0.394,forest,228.9,normal,0.1917,low,True
2023-08-27 21:15:00,0.67,1.22,2.92,4.64,0.5786,49.28,1900.4,100.6,0.113,agriculture,32.8,normal,0.2498,low,True
2023-08-27 21:45:00,20.63,62.14,78.32,112.18,0.8812,32.43,1089.1,146.4,0.257,forest,119.9,normal,0.4665,medium,True
2023-08-27 23:00:00,0.08,0.23,0.36,1.08,0.7079,28.88,1468.3,343.5,1.293,urban,913.6,wet,0.1513,low,True
2023-08-27 23:30:00,0.13,0.31,0.87,1.93,0.2218,46.47,1757.3,289.4,0.619,agriculture,21.0,dry,0.1442,low,True
2023-08-27 23:45:00,0.1,0.22,0.53,0.91,0.4768,35.9,2453.2,44.7,0.006,forest,743.3,normal,0.1331,low,True
2023-08-28 00:00:00,0.14,0.33,1.03,3.01,0.4937,65.0,1138.5,196.3,2.042,agriculture,508.9,normal,0.2169,low,True
2023-08-28 04:00:00,97.26,136.89,170.08,204.31,0.5638,21.54,497.0,335.2,0.919,barren,898.0,dry,0.7632,critical,True
2023-08-28 07:00:00,4.1,6.77,12.64,18.26,0.6414,27.09,1643.4,12.4,3.604,forest,551.1,normal,0.1636,low,True
2023-08-28 10:00:00,0.04,0.12,0.2,0.42,0.7638,20.16,644.0,15.3,0.863,agriculture,622.4,wet,0.1312,low,True
2023-08-28 11:15:00,0.0,0.02,0.04,0.07,0.2487,38.55,2085.7,258.0,0.869,agriculture,49.9,dry,0.201,low,True
2023-08-28 15:45:00,3.32,8.59,13.56,20.75,0.226,40.3,2509.8,207.2,0.721,barren,641.8,dry,0.051,low,True
2023-08-28 16:30:00,4.69,11.43,16.63,37.36,0.6125,35.63,2218.5,16.6,0.33,forest,236.9,normal,0.1717,low,True
2023-08-28 19:15:00,3.53,8.64,13.25,31.06,0.6865,34.62,1297.9,358.6,0.227,agriculture,161.6,normal,0.2274,low,True
2023-08-28 19:45:00,15.69,32.14,78.32,125.54,0.8482,41.28,2572.2,208.8,0.447,urban,68.5,normal,0.6407,high,True
2023-08-28 23:15:00,5.0,10.09,22.1,42.31,0.791,44.57,1139.3,177.1,0.118,urban,10.2,normal,0.3351,medium,True
2023-08-28 23:15:00,1.4,4.06,10.89,20.54,0.8924,41.17,1010.4,161.2,0.769,agriculture,370.1,wet,0.2531,low,True
2023-08-28 23:45:00,0.58,2.22,3.58,7.27,0.2727,40.35,2457.7,252.2,3.553,urban,463.1,dry,0.1734,low,True
2023-08-29 02:00:00,0.29,0.55,0.91,2.93,0.3169,31.54,1386.7,165.0,0.551,agriculture,181.9,dry,0.2015,low,True
2023-08-29 03:15:00,60.93,109.47,141.39,192.86,0.5892,39.9,1695.4,237.3,1.165,forest,72.8,dry,0.645,high,True
2023-08-29 04:00:00,12.25,26.3,35.55,47.77,0.7079,33.06,2208.8,175.8,0.113,agriculture,64.7,normal,0.2538,low,True
2023-08-29 04:15:00,7.09,15.62,22.07,38.19,0.7708,23.28,940.3,219.9,1.046,forest,74.5,normal,0.314,medium,True
2023-08-29 05:00:00,0.01,0.02,0.06,0.17,0.8886,17.07,1279.4,289.9,1.428,forest,30.2,wet,0.2656,low,True
2023-08-29 05:30:00,0.76,1.27,2.88,4.76,0.5193,25.18,1247.4,294.2,1.095,agriculture,166.0,normal,0.2227,low,True
2023-08-29 06:45:00,0.06,0.1,0.19,0.42,0.5597,28.15,1460.2,305.7,0.592,barren,345.1,normal,0.1986,low,True
2023-08-29 08:00:00,3.88,6.45,9.74,15.35,0.3542,18.85,1173.7,73.1,1.565,barren,217.4,dry,0.1495,low,True
2023-08-29 08:45:00,0.97,2.66,4.28,6.58,0.553,44.16,1823.1,22.0,1.954,agriculture,56.9,normal,0.2402,low,True
2023-08-29 10:45:00,6.94,18.61,34.88,47.7,0.4337,41.63,1815.6,301.0,1.014,forest,602.8,dry,0.1503,low,True
2023-08-29 12:00:00,3.17,8.39,11.28,18.89,0.888,56.14,1600.7,15.2,0.475,forest,128.4,wet,0.323,medium,True
2023-08-29 14:15:00,0.3,1.29,3.48,6.95,0.5294,35.01,1737.3,76.9,1.082,forest,333.1,normal,0.1685,low,True
2023-08-29 16:45:00,0.0,0.02,0.04,0.09,0.1513,38.06,1207.2,189.4,0.279,agriculture,108.7,dry,0.1367,low,True
2023-08-29 19:15:00,4.8,12.06,28.97,53.28,0.724,21.7,1612.7,308.0,0.255,forest,326.3,normal,0.1858,low,True
2023-08-29 22:00:00,3.89,8.42,11.68,16.71,0.2717,32.66,588.9,322.8,0.257,forest,58.6,dry,0.1635,low,True
2023-08-30 02:00:00,6.19,9.6,16.02,21.8,0.657,27.09,2194.0,226.1,0.133,forest,383.0,normal,0.2349,low,True
2023-08-30 04:45:00,0.93,1.89,3.07,4.95,0.3139,29.3,1263.5,348.0,0.585,barren,308.0,dry,0.1103,low,True
2023-08-30 06:45:00,0.23,0.63,1.09,2.1,0.5416,29.26,1289.2,262.8,0.65,urban,266.4,normal,0.1645,low,True
2023-08-30 08:15:00,0.21,0.43,1.29,2.21,0.5122,26.3,1039.2,190.0,1.178,agriculture,95.7,normal,0.1787,low,True
2023-08-30 08:30:00,2.06,4.55,9.1,15.51,0.547,16.09,1684.0,48.4,0.712,forest,273.6,normal,0.1817,low,True
2023-08-30 08:45:00,5.57,10.86,24.87,46.02,0.6594,29.29,1279.7,154.4,0.908,forest,805.9,normal,0.2413,low,True
2023-08-30 12:15:00,0.06,0.11,0.21,0.49,0.2424,26.04,1977.8,296.0,0.7,forest,56.8,dry,0.177,low,True
2023-08-30 12:45:00,0.27,1.34,3.72,5.77,0.5545,34.61,970.1,102.1,0.717,forest,435.8,normal,0.1512,low,True
2023-08-30 13:30:00,8.01,19.85,35.25,63.35,0.8754,26.57,1682.9,208.2,0.25,forest,52.2,normal,0.3479,medium,True
2023-08-30 15:00:00,14.38,37.37,91.02,125.18,0.8545,29.01,1855.4,354.0,2.027,forest,154.5,normal,0.4572,medium,True
2023-08-30 16:30:00,0.21,0.38,0.82,1.21,0.7902,31.28,2078.1,62.8,0.611,forest,413.0,wet,0.1537,low,True
2023-08-30 18:15:00,72.84,111.07,149.32,188.43,0.5348,26.78,2000.0,36.5,0.531,forest,297.5,dry,0.5287,high,True
2023-08-30 20:15:00,0.26,0.77,1.25,2.56,0.4779,26.3,1055.8,286.4,1.127,forest,406.9,normal,0.0996,low,True
2023-08-30 20:15:00,0.37,1.44,2.87,4.47,0.459,39.02,1640.8,9.0,0.328,agriculture,1167.3,normal,0.1094,low,True
2023-08-30 20:45:00,0.49,1.47,2.93,8.91,0.5916,29.06,1537.5,231.6,0.061,urban,1232.8,normal,0.0795,low,True
2023-08-30 21:30:00,0.08,0.19,0.32,0.76,0.8096,16.77,971.4,120.9,0.165,barren,872.2,wet,0.1886,low,True
2023-08-30 21:45:00,0.51,0.96,2.48,5.61,0.309,21.68,1584.0,260.6,0.99,forest,249.0,dry,0.1167,low,True
2023-08-31 00:45:00,6.17,15.57,22.25,43.9,0.99,17.96,763.6,43.3,0.79,forest,156.0,wet,0.354,medium,True
2023-08-31 02:15:00,3.05,8.59,14.75,23.72,0.239,26.35,1741.1,118.8,0.075,barren,124.8,dry,0.2079,low,True
2023-08-31 02:45:00,0.01,0.02,0.03,0.05,0.497,27.57,2323.6,6.1,0.043,forest,310.1,normal,0.1544,low,True
2023-08-31 05:15:00,10.19,33.29,72.91,92.25,0.8253,44.67,2199.2,84.6,0.584,barren,221.5,normal,0.4832,medium,True
2023-08-31 06:00:00,0.12,0.41,0.86,2.34,0.1704,24.19,1834.8,174.0,1.675,agriculture,1832.6,dry,0.0519,low,True
2023-08-31 06:45:00,1.05,2.92,5.12,10.08,0.7619,36.19,1755.1,63.9,0.115,urban,278.4,wet,0.1742,low,True
2023-08-31 08:15:00,0.35,1.52,2.39,5.01,0.1604,30.45,1531.1,215.9,0.478,barren,149.6,dry,0.1701,low,True
2023-08-31 11:00:00,0.06,0.18,0.41,0.7,0.8979,33.89,2896.3,42.5,1.003,agriculture,363.7,wet,0.2303,low,True
2023-08-31 11:45:00,1.12,2.25,3.86,7.35,0.488,19.22,1471.6,268.3,0.451,agriculture,25.6,normal,0.2717,low,True
2023-08-31 14:15:00,12.76,21.87,33.16,52.78,0.7707,15.97,810.0,331.8,0.26,forest,51.1,normal,0.3082,medium,True
2023-08-31 15:00:00,0.01,0.04,0.1,0.24,0.7657,14.78,2057.8,138.9,0.938,forest,391.4,wet,0.1406,low,True
2023-08-31 16:00:00,0.06,0.22,0.6,0.87,0.4169,23.43,1876.6,190.2,0.885,forest,56.1,normal,0.1811,low,True
2023-08-31 20:15:00,0.11,0.29,0.45,0.8,0.1903,26.12,937.5,175.9,1.065,forest,502.9,dry,0.0461,low,True
2023-08-31 22:15:00,0.64,1.23,2.91,4.68,0.8568,25.19,1361.8,282.7,1.741,forest,32.4,wet,0.2868,medium,True
2023-08-31 23:00:00,2.81,8.5,19.23,34.32,0.3481,35.7,1701.4,357.9,0.098,forest,325.4,dry,0.0856,low,True
2023-08-31 23:30:00,2.93,9.18,21.93,38.4,0.8056,23.84,1261.2,264.8,0.25,barren,407.1,normal,0.1946,low,True
2023-09-01 00:45:00,18.74,48.01,70.6,111.17,0.99,42.09,2150.5,77.2,2.561,forest,539.3,wet,0.5541,high,True
2023-09-01 01:00:00,0.19,0.54,0.77,2.48,0.5208,52.71,1133.2,250.6,0.542,forest,769.1,normal,0.103,low,True
2023-09-01 05:15:00,24.37,38.3,90.83,110.07,0.468,21.35,1449.2,221.7,0.665,forest,141.0,dry,0.314,medium,True
2023-09-01 06:15:00,67.56,87.35,117.48,165.62,0.5642,19.88,1347.3,75.6,1.293,agriculture,454.5,dry,0.5894,high,True
2023-09-01 07:30:00,8.74,16.93,25.1,36.6,0.4512,36.89,1870.3,86.7,0.705,forest,39.5,dry,0.2592,low,True
2023-09-01 08:30:00,1.41,3.19,4.84,8.39,0.5703,26.57,1979.6,235.0,0.69,urban,629.8,normal,0.1302,low,True
2023-09-01 08:30:00,10.22,20.38,29.7,50.38,0.3271,65.0,1869.4,290.8,0.066,agriculture,783.3,dry,0.1766,low,True
2023-09-01 10:45:00,5.58,17.66,24.42,35.91,0.99,31.08,491.9,274.5,0.424,agriculture,493.3,wet,0.2859,medium,True
2023-09-01 13:00:00,0.09,0.18,0.37,0.86,0.4674,37.1,1697.9,218.3,0.671,forest,125.6,normal,0.1647,low,True
2023-09-01 15:30:00,0.6,1.3,2.72,4.21,0.778,44.28,1886.4,337.5,0.988,agriculture,32.5,wet,0.3284,medium,True
2023-09-01 15:30:00,2.91,8.84,19.19,44.0,0.99,36.94,1955.3,263.2,0.32,barren,201.6,wet,0.312,medium,True
2023-09-01 16:00:00,0.0,0.0,0.01,0.02,0.8379,59.61,1493.5,195.1,0.079,forest,120.5,wet,0.2349,low,True
2023-09-01 16:00:00,0.43,1.06,1.64,4.15,0.2272,25.16,1614.1,293.8,0.273,forest,274.4,dry,0.053,low,True
2023-09-01 16:45:00,5.53,9.02,14.23,28.84,0.6534,44.78,1258.8,104.6,0.337,forest,185.2,normal,0.2006,low,True
2023-09-01 18:45:00,6.02,9.91,24.61,42.95,0.7716,31.67,2366.8,94.9,0.834,urban,61.2,normal,0.3628,medium,True
2023-09-01 20:15:00,0.13,0.61,0.97,2.57,0.2771,25.12,795.1,349.7,0.012,forest,644.2,dry,0.009,low,True
2023-09-01 20:45:00,3.15,5.16,12.22,16.94,0.588,29.85,1871.0,341.9,0.292,urban,710.0,normal,0.1796,low,True
2023-09-02 03:45:00,0.54,1.51,2.35,4.24,0.8701,48.24,1002.9,317.0,0.356,forest,597.1,wet,0.2479,low,True
2023-09-02 04:30:00,0.21,0.46,1.09,1.95,0.2482,37.82,1312.3,77.2,0.479,agriculture,92.7,dry,0.2081,low,True
2023-09-02 04:45:00,1.48,4.46,10.76,20.2,0.4312,29.66,1576.4,211.6,2.104,agriculture,205.8,dry,0.1238,low,True
2023-09-02 06:15:00,0.62,1.84,3.38,4.89,0.1772,19.87,408.5,192.6,0.81,forest,75.8,dry,0.1397,low,True
2023-09-02 06:45:00,4.13,12.02,15.84,35.32,0.99,33.5,764.1,73.1,0.151,forest,393.0,wet,0.2746,low,True
2023-09-02 10:00:00,25.75,50.71,64.71,85.77,0.99,25.8,639.2,161.2,0.603,forest,582.1,wet,0.4756,medium,True
2023-09-02 10:30:00,8.08,24.02,36.52,70.24,0.6712,24.43,1855.6,167.5,0.255,forest,314.9,dry,0.202,low,True
2023-09-02 13:00:00,0.77,1.99,3.79,6.01,0.5245,20.92,2214.1,86.6,1.001,barren,286.5,normal,0.1258,low,True
2023-09-02 14:15:00,0.52,1.24,2.73,4.56,0.8537,37.52,642.5,343.8,0.113,forest,449.3,wet,0.2167,low,True
2023-09-02 17:00:00,55.29,83.87,111.7,159.64,0.8581,24.11,1493.2,177.4,0.094,agriculture,52.2,normal,0.8279,critical,True
2023-09-02 18:45:00,0.27,0.59,0.89,2.72,0.5042,32.07,1764.7,189.0,0.064,forest,109.6,normal,0.2037,low,True
2023-09-02 20:15:00,0.02,0.05,0.09,0.17,0.1386,31.95,1762.2,215.5,0.471,forest,141.7,dry,0.1524,low,True
2023-09-02 21:45:00,0.69,3.35,4.86,12.71,0.5643,57.7,2805.2,319.3,0.079,agriculture,276.1,normal,0.2366,low,True
2023-09-02 23:00:00,0.14,0.31,0.71,1.72,0.502,26.01,1692.2,192.0,0.026,agriculture,1315.8,normal,0.0915,low,True
2023-09-02 23:15:00,0.17,0.3,0.43,0.79,0.7916,48.43,1043.2,194.7,0.242,forest,705.8,wet,0.1465,low,True
2023-09-03 06:45:00,2.45,4.22,10.45,22.21,0.2717,38.57,2049.3,86.5,0.96,agriculture,109.3,dry,0.1847,low,True
2023-09-03 09:45:00,0.85,1.86,5.83,12.13,0.2764,26.91,2554.8,217.0,0.102,forest,102.8,dry,0.1196,low,True
2023-09-03 09:45:00,0.43,0.78,2.45,4.28,0.5233,21.17,819.0,137.2,0.266,barren,210.2,normal,0.1753,low,True
2023-09-03 10:30:00,0.35,0.59,0.87,1.56,0.5331,38.87,1920.5,232.8,0.343,forest,1296.2,normal,0.1627,low,True
2023-09-03 11:30:00,8.55,16.65,27.03,45.77,0.99,30.48,1617.1,108.3,1.252,forest,67.9,wet,0.3994,medium,True
2023-09-03 12:15:00,9.55,18.64,38.48,57.87,0.99,47.19,1028.3,257.7,0.388,barren,1110.8,wet,0.3454,medium,True
2023-09-03 18:15:00,1.44,2.94,4.81,10.96,0.3496,18.1,1216.9,222.8,0.43,forest,83.9,dry,0.1821,low,True
2023-09-03 20:45:00,0.24,0.98,1.45,2.99,0.7993,23.09,2555.0,170.8,0.176,forest,771.4,wet,0.2597,low,True
2023-09-03 22:15:00,0.12,0.26,0.65,1.94,0.1726,20.03,2063.6,34.8,0.663,forest,630.8,dry,0.0485,low,True
2023-09-03 23:30:00,4.74,13.47,20.48,35.46,0.7013,44.79,1855.1,225.7,0.016,urban,758.9,normal,0.2362,low,True
2023-09-04 00:30:00,2.76,5.35,8.77,12.8,0.8808,44.3,704.9,309.3,2.002,urban,788.2,wet,0.2559,low,True
2023-09-04 00:30:00,0.07,0.32,0.89,1.85,0.269,22.65,2004.6,61.6,0.414,barren,96.1,dry,0.1587,low,True
2023-09-04 01:30:00,2.06,3.58,9.11,13.59,0.2597,38.21,2269.8,30.5,0.038,agriculture,537.9,dry,0.0765,low,True
2023-09-04 02:15:00,0.48,0.81,2.55,5.66,0.4966,44.99,780.5,14.2,0.491,agriculture,411.1,normal,0.1928,low,True
2023-09-04 06:15:00,0.03,0.09,0.15,0.22,0.467,36.34,1613.0,11.5,0.433,forest,749.0,normal,0.1828,low,True
2023-09-04 08:15:00,5.88,11.05,24.06,43.78,0.7508,32.97,2204.9,303.1,0.165,forest,245.9,normal,0.1852,low,True
2023-09-04 08:45:00,9.88,15.67,21.23,35.64,0.6926,46.86,2124.0,261.9,0.141,urban,196.7,normal,0.3205,medium,True
2023-09-04 11:45:00,78.38,94.97,109.54,167.02,0.99,28.34,1984.0,72.8,0.189,forest,463.4,wet,0.8077,critical,True
2023-09-04 11:45:00,4.06,12.86,22.78,40.39,0.99,26.42,1626.6,330.2,0.083,forest,120.1,wet,0.2735,low,True
2023-09-04 11:45:00,6.36,10.72,17.42,29.95,0.9212,21.65,2251.4,48.7,0.455,urban,610.3,wet,0.3394,medium,True
2023-09-04 13:15:00,0.37,1.03,1.76,2.58,0.514,19.44,1696.8,134.7,1.267,barren,127.9,normal,0.1926,low,True
2023-09-04 14:00:00,7.7,13.97,22.76,38.52,0.3436,33.48,1931.5,162.8,1.539,forest,25.5,dry,0.2433,low,True
2023-09-04 16:15:00,7.02,13.08,23.31,31.44,0.3425,15.94,1806.0,27.3,1.834,forest,290.6,dry,0.1257,low,True
2023-09-04 16:15:00,0.32,1.14,2.51,5.51,0.4684,65.0,962.1,125.1,0.55,agriculture,642.7,normal,0.1508,low,True
2023-09-04 19:00:00,0.08,0.3,0.93,1.72,0.7429,36.09,1047.0,36.7,0.583,agriculture,420.4,wet,0.1822,low,True
2023-09-04 19:15:00,0.06,0.11,0.28,0.83,0.9067,51.24,728.8,284.3,0.223,forest,1597.9,wet,0.2316,low,True
2023-09-04 19:45:00,8.87,20.66,36.89,51.85,0.4386,24.38,1370.6,16.9,1.299,forest,63.1,dry,0.2592,low,True
2023-09-04 20:15:00,10.6,21.41,33.84,51.05,0.4753,38.36,2087.1,6.2,0.402,urban,157.9,dry,0.3287,medium,True
2023-09-04 22:00:00,0.08,0.3,0.78,2.43,0.2622,22.83,1803.4,263.7,0.197,forest,177.3,dry,0.1234,low,True
2023-09-04 22:15:00,0.21,0.42,0.62,1.36,0.2235,38.92,1580.5,281.1,2.023,agriculture,31.0,dry,0.2512,low,True
2023-09-04 22:15:00,1.02,2.03,3.16,6.62,0.4785,37.95,2415.3,178.4,0.733,forest,25.4,normal,0.2468,low,True
2023-09-04 22:30:00,0.46,1.77,3.43,5.09,0.9348,35.6,1418.0,114.4,0.375,forest,20.5,wet,0.3587,medium,True
2023-09-05 00:00:00,0.02,0.04,0.09,0.19,0.48,33.9,1935.4,85.1,0.043,forest,194.0,normal,0.1206,low,True
2023-09-05 00:45:00,0.55,0.92,1.9,2.89,0.5266,26.75,1395.4,42.1,0.091,urban,662.0,normal,0.1309,low,True
2023-09-05 04:30:00,0.86,2.14,3.47,7.79,0.535,43.54,701.6,174.3,0.131,barren,442.8,normal,0.1286,low,True
2023-09-05 04:30:00,76.85,110.5,127.75,140.42,0.5614,23.37,1148.5,176.8,1.399,forest,217.2,dry,0.5251,high,True
2023-09-05 09:00:00,2.44,5.55,10.49,16.03,0.9445,65.0,1132.5,164.1,2.137,barren,117.3,wet,0.3834,medium,True
2023-09-05 12:15:00,3.7,8.3,13.2,21.04,0.5885,31.57,747.1,280.2,0.186,forest,15.5,normal,0.2357,low,True
2023-09-05 12:45:00,3.2,6.31,14.48,29.41,0.3259,28.74,1508.7,35.9,0.414,agriculture,77.5,dry,0.1635,low,True
2023-09-05 14:15:00,16.93,32.1,65.81,123.48,0.8911,28.22,1154.7,241.2,0.942,forest,181.4,normal,0.4735,medium,True
2023-09-05 16:00:00,0.56,1.01,2.28,3.31,0.5186,49.56,2498.5,144.6,0.291,urban,172.0,normal,0.1902,low,True
2023-09-05 22:00:00,0.02,0.04,0.08,0.19,0.2334,21.15,1459.4,86.7,0.407,forest,115.1,dry,0.1554,low,True
2023-09-05 23:30:00,49.83,73.98,98.35,125.64,0.5779,37.34,1097.8,245.4,1.312,agriculture,2058.6,dry,0.4929,medium,True
2023-09-06 00:00:00,0.08,0.33,0.65,1.61,0.4809,31.56,947.2,71.2,0.14,barren,217.6,normal,0.1627,low,True
2023-09-06 00:15:00,89.81,115.1,131.99,157.22,0.5346,40.57,927.0,83.1,3.055,forest,119.1,dry,0.5976,high,True
2023-09-06 01:30:00,71.75,117.81,148.44,167.3,0.5701,58.17,2126.6,359.5,0.366,forest,192.9,dry,0.6352,high,True
2023-09-06 02:30:00,3.31,6.32,10.81,21.13,0.6373,37.98,2179.0,319.9,0.179,forest,124.7,normal,0.2572,low,True
2023-09-06 03:15:00,0.77,1.37,2.01,3.5,0.5284,25.76,401.8,251.0,1.338,agriculture,161.9,normal,0.1784,low,True
2023-09-06 03:30:00,0.41,1.77,2.58,5.43,0.5947,37.68,2897.8,113.7,0.048,forest,57.1,normal,0.1818,low,True
2023-09-06 05:30:00,0.09,0.2,0.49,1.2,0.8033,26.56,1646.2,193.2,0.617,agriculture,10.3,wet,0.2304,low,True
2023-09-06 07:15:00,106.5,123.86,158.82,183.83,0.8615,47.89,2213.3,45.6,0.038,urban,246.8,normal,0.8488,critical,True
2023-09-06 11:15:00,82.14,120.2,147.06,161.77,0.8333,40.53,1118.5,120.2,1.753,forest,245.1,normal,0.7906,critical,True
2023-09-06 14:45:00,0.01,0.03,0.08,0.26,0.8056,17.68,1009.4,24.5,0.613,forest,69.8,wet,0.1866,low,True
2023-09-06 15:15:00,3.46,11.09,17.35,30.37,0.6158,28.55,1451.0,219.7,0.304,agriculture,635.7,normal,0.0794,low,True
2023-09-06 17:00:00,0.16,0.41,0.9,2.23,0.1471,44.52,1825.1,308.7,0.331,barren,84.5,dry,0.1089,low,True
2023-09-06 17:00:00,0.13,0.51,0.8,1.37,0.4923,29.16,1731.4,291.4,0.108,urban,524.7,normal,0.1856,low,True
2023-09-06 17:30:00,0.09,0.32,0.58,1.7,0.5936,23.91,2301.6,308.2,0.268,forest,83.9,normal,0.2202,low,True
2023-09-06 20:30:00,15.48,33.37,50.33,66.73,0.8093,26.79,539.0,62.9,1.405,forest,125.6,normal,0.3307,medium,True
2023-09-06 23:15:00,76.31,96.9,107.76,164.92,0.99,30.47,2144.2,234.0,0.982,barren,120.1,wet,0.8332,critical,True
2023-09-07 00:45:00,0.23,0.65,2.15,3.43,0.5217,28.25,1908.3,344.4,0.65,barren,101.3,normal,0.1948,low,True
2023-09-07 01:15:00,0.04,0.15,0.34,0.94,0.7659,31.26,1787.3,282.0,2.061,agriculture,1077.0,wet,0.1639,low,True
2023-09-07 01:30:00,0.23,0.42,1.25,3.17,0.1919,42.2,791.8,1.2,0.511,forest,117.0,dry,0.1289,low,True
2023-09-07 03:15:00,0.67,1.26,2.27,7.09,0.5445,38.08,1120.9,317.6,0.116,forest,242.2,normal,0.1785,low,True
2023-09-07 04:15:00,3.57,10.03,21.4,48.72,0.99,24.42,1982.7,254.1,0.75,forest,475.0,wet,0.184,low,True
2023-09-07 07:30:00,14.03,22.91,29.93,54.89,0.4181,22.8,300.0,43.9,0.538,urban,144.5,dry,0.3349,medium,True
2023-09-07 08:00:00,3.45,7.39,17.48,34.19,0.3418,32.86,462.1,113.0,0.344,forest,14.1,dry,0.1681,low,True
2023-09-07 12:30:00,3.4,9.85,13.72,34.24,0.6404,22.47,1875.7,42.3,0.095,agriculture,512.0,normal,0.2028,low,True
2023-09-07 15:00:00,0.14,0.24,0.4,1.07,0.7475,22.4,1937.4,262.7,0.679,agriculture,126.9,wet,0.1347,low,True
2023-09-07 16:30:00,0.18,0.52,1.07,1.98,0.2542,34.31,1152.9,1.3,0.352,forest,732.8,dry,0.0711,low,True
2023-09-07 16:45:00,0.44,1.13,1.62,3.22,0.5974,40.64,1151.2,167.2,0.519,forest,246.5,normal,0.1797,low,True
2023-09-07 18:45:00,8.89,14.12,27.17,52.77,0.4316,55.92,2170.8,359.9,0.227,agriculture,352.7,dry,0.2367,low,True
2023-09-07 19:00:00,0.03,0.11,0.34,0.85,0.5561,25.48,2132.1,306.4,0.102,forest,1065.3,normal,0.1376,low,True
2023-09-07 23:30:00,3.33,5.58,13.18,27.47,0.9716,25.8,1396.2,211.4,0.268,forest,724.0,wet,0.2544,low,True
2023-09-08 01:30:00,7.78,16.09,20.93,51.34,0.4765,21.62,863.1,249.8,1.147,forest,560.7,dry,0.1534,low,True
2023-09-08 01:30:00,0.05,0.16,0.42,1.16,0.2287,42.96,2485.1,217.3,0.104,barren,274.8,dry,0.1588,low,True
2023-09-08 04:45:00,81.66,105.8,130.55,172.65,0.8988,30.2,827.8,291.9,0.382,urban,74.9,normal,0.8345,critical,True
2023-09-08 07:00:00,5.12,15.08,22.93,50.32,0.6616,24.64,2005.6,319.0,0.212,agriculture,653.7,normal,0.1323,low,True
2023-09-08 09:30:00,0.69,1.25,2.29,3.38,0.2075,41.85,2320.2,276.0,1.967,barren,44.5,dry,0.2738,low,True
2023-09-08 09:30:00,7.42,12.77,21.47,44.97,0.6709,38.99,1596.0,65.5,0.053,agriculture,774.6,normal,0.2269,low,True
2023-09-08 10:00:00,3.07,4.91,10.3,16.25,0.8797,44.73,1246.8,134.1,0.169,agriculture,518.7,wet,0.1853,low,True
2023-09-08 11:00:00,19.65,32.12,72.07,126.81,0.8486,18.56,631.5,282.4,0.358,urban,579.4,normal,0.56,high,True
2023-09-08 14:15:00,1.01,3.47,5.39,8.39,0.497,50.76,1637.4,296.3,0.17,forest,175.7,normal,0.1638,low,True
2023-09-08 16:45:00,7.73,18.05,27.19,52.55,0.8609,34.92,722.3,226.4,0.736,forest,41.1,normal,0.3539,medium,True
2023-09-08 17:45:00,0.27,0.87,2.53,6.74,0.5832,51.64,1784.1,257.1,0.278,urban,464.3,normal,0.1488,low,True
2023-09-08 19:00:00,70.77,113.77,130.76,186.12,0.4743,35.63,384.5,62.8,0.911,barren,1346.9,dry,0.7102,high,True
2023-09-08 21:45:00,0.27,1.28,2.0,5.0,0.5807,23.97,593.9,134.2,0.481,forest,694.2,normal,0.1223,low,True
2023-09-08 22:15:00,0.52,1.06,1.97,6.06,0.8288,26.15,1678.9,192.5,0.334,urban,654.5,wet,0.2216,low,True
2023-09-08 22:45:00,0.05,0.13,0.23,0.43,0.1397,19.81,2103.8,354.1,0.272,forest,360.2,dry,0.1264,low,True
2023-09-08 23:00:00,0.06,0.12,0.37,1.12,0.5812,36.07,1429.4,287.7,0.151,forest,53.3,normal,0.2074,low,True
2023-09-08 23:15:00,0.02,0.07,0.22,0.64,0.2041,17.81,2230.4,69.3,0.175,agriculture,706.4,dry,0.0024,low,True
2023-09-08 23:30:00,0.41,1.07,2.59,5.79,0.6204,44.94,1263.4,126.9,0.116,forest,97.9,normal,0.1973,low,True
2023-09-09 03:45:00,0.38,1.1,2.0,4.78,0.488,29.12,2906.6,78.1,1.145,agriculture,117.5,normal,0.2157,low,True
2023-09-09 05:30:00,0.47,1.43,3.1,6.11,0.5032,25.37,801.5,54.8,0.477,forest,503.5,normal,0.0792,low,True
2023-09-09 06:30:00,5.28,11.52,17.2,40.07,0.6915,19.64,1172.2,43.2,0.396,forest,451.7,normal,0.2456,low,True
2023-09-09 06:30:00,36.28,56.8,78.71,94.82,0.6304,34.69,2410.8,347.7,0.233,agriculture,36.4,dry,0.3989,medium,True
2023-09-09 07:45:00,0.14,0.29,0.86,1.62,0.7954,24.49,1445.0,326.4,0.436,agriculture,111.6,wet,0.1953,low,True
2023-09-09 08:15:00,0.02,0.1,0.21,0.65,0.5225,31.15,2169.8,174.0,1.285,forest,605.7,normal,0.0802,low,True
2023-09-09 12:30:00,0.24,0.45,1.36,2.1,0.3186,33.62,806.8,197.5,1.163,urban,1055.6,dry,0.1081,low,True
2023-09-09 18:15:00,5.99,12.71,30.28,40.84,0.99,17.04,1028.5,301.9,0.548,agriculture,118.4,wet,0.3117,medium,True
2023-09-09 18:45:00,4.04,7.65,18.63,36.38,0.4253,24.71,1958.8,233.6,0.453,forest,510.4,dry,0.1361,low,True
2023-09-09 19:30:00,104.24,144.38,155.92,200.97,0.7878,42.5,737.4,263.8,0.154,forest,256.6,normal,0.8044,critical,True
2023-09-09 19:45:00,8.6,17.13,25.17,41.53,0.6253,35.04,872.0,284.8,0.708,barren,177.3,normal,0.3068,medium,True
2023-09-09 20:45:00,0.25,0.52,1.01,3.07,0.4693,31.55,1533.3,173.9,1.152,agriculture,809.4,normal,0.0777,low,True
2023-09-09 21:00:00,0.35,0.7,1.97,3.26,0.2765,25.71,2390.7,350.9,0.219,forest,288.1,dry,0.0965,low,True
2023-09-10 00:30:00,0.76,1.48,2.39,6.16,0.4671,47.61,1820.3,226.2,0.343,forest,421.9,normal,0.2037,low,True
2023-09-10 01:45:00,0.36,1.39,2.22,6.36,0.31,19.54,1475.0,228.1,0.068,forest,324.2,dry,0.0622,low,True
2023-09-10 01:45:00,25.51,50.76,81.17,104.92,0.7768,25.59,1698.8,50.8,1.172,forest,371.1,normal,0.3581,medium,True
2023-09-10 07:45:00,0.06,0.16,0.24,0.6,0.5235,30.02,556.0,355.6,0.062,agriculture,264.9,normal,0.1408,low,True
2023-09-10 08:45:00,0.55,1.58,3.74,6.39,0.5413,16.81,1252.1,25.5,0.731,urban,276.8,normal,0.1586,low,True
2023-09-10 10:00:00,0.11,0.19,0.43,0.62,0.7332,18.52,1864.6,354.8,0.124,forest,679.1,wet,0.1129,low,True
2023-09-10 10:30:00,2.39,6.34,10.95,25.61,0.9044,17.95,1742.3,327.8,0.794,barren,136.2,wet,0.3001,medium,True
2023-09-10 10:30:00,1.1,2.51,5.36,10.04,0.5365,27.56,1967.0,308.3,0.617,urban,476.6,normal,0.1509,low,True
2023-09-10 11:30:00,0.74,2.07,3.01,5.71,0.4955,44.4,2020.9,242.5,0.703,urban,119.5,normal,0.236,low,True
2023-09-10 14:15:00,0.08,0.25,0.51,0.79,0.1297,46.19,1735.9,219.2,0.606,urban,35.7,dry,0.2103,low,True
2023-09-10 16:45:00,7.98,23.86,31.97,44.49,0.99,44.6,300.0,358.8,0.303,barren,827.4,wet,0.285,medium,True
2023-09-10 18:15:00,0.25,0.97,1.62,2.47,0.7325,22.74,1801.9,350.6,0.581,agriculture,195.1,wet,0.2099,low,True
2023-09-10 19:00:00,0.13,0.54,1.44,2.5,0.156,37.64,1308.0,292.3,0.16,forest,412.3,dry,0.0741,low,True
2023-09-10 23:00:00,0.04,0.17,0.26,0.56,0.4767,22.91,1368.0,31.3,0.192,agriculture,506.4,normal,0.0576,low,True
2023-09-11 00:15:00,3.56,6.0,11.65,20.36,0.9098,48.13,1376.8,134.0,0.04,barren,568.1,wet,0.2935,medium,True
2023-09-11 00:30:00,6.57,10.88,15.48,26.87,0.376,19.19,1775.1,311.7,0.569,forest,99.8,dry,0.1448,low,True
2023-09-11 01:00:00,6.15,10.5,17.26,39.58,0.6627,33.92,718.1,252.9,1.103,forest,383.2,normal,0.1516,low,True
2023-09-11 02:30:00,3.3,6.12,10.9,16.9,0.5277,23.23,570.4,43.9,0.285,forest,509.8,normal,0.1106,low,True
2023-09-11 05:00:00,2.96,7.4,15.49,21.98,0.5578,40.05,857.1,125.4,0.14,barren,54.7,normal,0.2356,low,True
2023-09-11 05:15:00,6.69,10.77,24.21,44.09,0.4303,22.12,2151.7,7.0,1.042,barren,63.3,dry,0.2221,low,True
2023-09-11 05:45:00,1.83,3.66,8.75,13.67,0.2088,33.51,1337.7,321.4,0.62,agriculture,168.3,dry,0.2316,low,True
2023-09-11 10:45:00,0.0,0.02,0.04,0.1,0.1785,24.69,1903.3,268.9,1.344,forest,135.7,dry,0.1303,low,True
2023-09-11 10:45:00,0.04,0.11,0.22,0.65,0.7562,12.8,1888.0,156.9,0.004,agriculture,568.5,wet,0.0933,low,True
2023-09-11 12:00:00,1.74,4.42,8.17,18.55,0.4936,26.82,1838.1,273.7,0.308,forest,370.2,normal,0.1577,low,True
2023-09-11 14:15:00,6.12,17.14,31.72,54.39,0.7518,37.88,1916.0,336.0,1.387,agriculture,251.2,normal,0.2318,low,True
2023-09-11 14:15:00,2.8,7.64,10.83,17.94,0.5918,20.75,1286.6,100.8,0.675,forest,49.4,normal,0.1708,low,True
2023-09-11 15:15:00,0.21,0.51,0.78,2.02,0.238,24.91,2001.3,102.9,0.38,urban,51.8,dry,0.2021,low,True
2023-09-11 17:15:00,15.57,27.99,36.45,49.06,0.99,32.04,1829.1,173.8,0.321,agriculture,264.7,wet,0.4356,medium,True
2023-09-11 18:30:00,2.39,7.42,11.87,21.56,0.8766,45.35,648.3,254.5,1.353,agriculture,760.6,wet,0.1963,low,True
2023-09-11 18:45:00,0.14,0.64,1.47,4.1,0.5049,22.52,1635.6,357.5,1.07,barren,532.2,normal,0.2073,low,True
2023-09-11 23:30:00,0.18,0.61,1.8,3.23,0.5081,24.27,1510.4,58.7,0.007,agriculture,756.7,normal,0.0816,low,True
2023-09-11 23:45:00,0.36,0.73,1.51,4.59,0.5671,65.0,1877.7,123.2,0.077,forest,301.5,normal,0.137,low,True
2023-09-12 00:00:00,0.39,0.69,1.5,3.16,0.5628,38.24,1615.4,130.8,0.431,agriculture,97.6,normal,0.2259,low,True
2023-09-12 01:45:00,0.14,0.34,0.77,2.37,0.2894,34.68,1456.2,261.3,0.073,urban,21.3,dry,0.1691,low,True
2023-09-12 03:30:00,0.02,0.05,0.08,0.2,0.4989,41.38,2533.8,319.2,0.193,forest,996.3,normal,0.0923,low,True
2023-09-12 05:30:00,7.45,11.95,26.26,37.93,0.99,51.19,1964.7,66.2,1.081,agriculture,235.7,wet,0.3315,medium,True
2023-09-12 05:30:00,6.07,10.46,23.52,38.98,0.3868,45.05,1624.4,256.9,0.293,urban,695.7,dry,0.1495,low,True
2023-09-12 06:15:00,0.38,0.94,2.94,6.89,0.538,19.67,928.9,327.5,0.36,barren,472.2,normal,0.1396,low,True
2023-09-12 07:15:00,2.81,7.4,10.09,18.55,0.2644,15.96,1672.4,43.7,0.115,agriculture,634.7,dry,0.0987,low,True
2023-09-12 08:15:00,0.32,1.33,2.51,3.88,0.2414,18.63,1088.0,228.6,0.553,barren,92.8,dry,0.1437,low,True
2023-09-12 11:45:00,23.68,43.7,62.31,100.5,0.7725,37.41,608.3,72.9,0.077,urban,408.2,normal,0.5988,high,True
2023-09-12 12:30:00,0.4,1.68,2.58,7.74,0.2936,22.22,1356.0,158.8,0.597,urban,458.9,dry,0.0823,low,True
2023-09-12 14:45:00,0.42,1.82,2.61,8.0,0.8496,20.11,1393.2,45.7,0.824,urban,291.5,wet,0.2339,low,True
2023-09-12 15:45:00,5.36,15.04,32.16,53.56,0.7917,25.97,2217.8,246.1,1.241,agriculture,641.1,normal,0.2791,low,True
2023-09-12 16:30:00,3.64,5.84,11.32,17.69,0.3001,47.71,2184.1,144.5,0.524,forest,1564.1,dry,0.1597,low,True
2023-09-12 17:00:00,0.22,0.45,0.64,1.01,0.5675,24.07,2001.5,204.2,0.242,forest,13.7,normal,0.1964,low,True
2023-09-12 18:00:00,5.87,15.16,20.06,49.28,0.99,30.67,1547.3,188.5,1.145,forest,222.4,wet,0.323,medium,True
2023-09-12 18:30:00,0.26,0.54,1.12,2.37,0.1544,31.95,1555.5,249.8,0.545,urban,500.7,dry,0.0897,low,True
2023-09-12 20:00:00,6.27,17.66,22.45,30.04,0.6039,29.93,1933.2,322.4,0.266,urban,462.7,normal,0.3081,medium,True
2023-09-12 21:15:00,4.81,12.7,17.55,35.47,0.9737,30.74,1986.0,100.7,0.234,agriculture,230.8,wet,0.3075,medium,True
2023-09-12 22:15:00,4.11,9.98,24.04,44.44,0.3775,37.52,1813.9,214.3,0.232,agriculture,656.2,dry,0.0693,low,True
2023-09-12 23:30:00,6.14,16.35,23.88,41.92,0.9576,24.97,1905.1,206.6,0.035,forest,403.4,wet,0.3193,medium,True
2023-09-13 03:00:00,17.13,43.15,64.6,126.35,0.5146,21.89,1559.3,113.5,0.064,agriculture,288.2,dry,0.2857,medium,True
2023-09-13 12:30:00,0.07,0.17,0.52,0.88,0.2104,25.75,1430.7,179.9,0.056,barren,121.5,dry,0.133,low,True
2023-09-13 12:30:00,0.1,0.26,0.55,1.47,0.5649,26.39,300.0,14.6,0.225,forest,170.2,normal,0.1247,low,True
2023-09-13 14:00:00,10.09,15.58,21.56,32.99,0.4259,26.88,1396.0,153.7,0.385,forest,1590.2,dry,0.1461,low,True
2023-09-13 16:15:00,0.2,0.5,0.85,2.1,0.5422,38.76,1166.4,97.4,0.096,agriculture,838.0,normal,0.1539,low,True
2023-09-13 16:45:00,0.02,0.06,0.13,0.26,0.4852,28.52,1658.5,311.0,1.056,forest,426.3,normal,0.1002,low,True
2023-09-13 18:45:00,0.11,0.54,1.35,1.96,0.2055,43.07,1194.2,128.8,0.041,urban,695.4,dry,0.1194,low,True
2023-09-13 19:30:00,20.79,49.81,81.26,123.3,0.99,48.65,1682.4,69.2,1.744,forest,61.2,wet,0.6844,high,True
2023-09-13 20:45:00,0.09,0.29,0.55,1.25,0.4733,22.58,481.2,190.7,0.046,urban,119.0,normal,0.1869,low,True
2023-09-13 20:45:00,0.34,0.9,1.31,3.18,0.535,39.11,1021.7,291.9,1.35,forest,767.5,normal,0.127,low,True
2023-09-13 23:00:00,5.21,13.46,18.89,42.22,0.7445,45.43,1170.9,127.5,0.181,forest,232.8,normal,0.234,low,True
2023-09-14 00:00:00,6.53,14.92,28.56,43.87,0.392,54.22,970.0,304.9,2.594,agriculture,322.9,dry,0.1953,low,True
2023-09-14 01:00:00,4.16,10.29,16.5,29.54,0.5137,20.82,3470.7,117.4,0.442,barren,763.0,normal,0.1188,low,True
2023-09-14 02:30:00,96.06,120.67,132.26,181.6,0.99,43.4,382.4,264.8,0.011,agriculture,191.1,wet,0.8908,critical,True
2023-09-14 05:30:00,0.92,2.6,4.11,7.48,0.271,57.31,2005.2,41.5,0.199,forest,240.1,dry,0.1797,low,True
2023-09-14 06:00:00,0.01,0.01,0.02,0.05,0.4301,31.63,2197.6,22.4,1.69,forest,51.6,normal,0.2156,low,True
2023-09-14 07:30:00,7.2,11.66,18.3,26.2,0.648,24.17,1335.1,265.5,0.214,agriculture,1675.1,normal,0.1837,low,True
2023-09-14 07:30:00,0.28,0.86,1.6,5.2,0.5055,50.79,1799.2,132.6,0.267,forest,1279.1,normal,0.1276,low,True
2023-09-14 09:00:00,0.16,0.45,1.23,3.94,0.8799,51.81,1966.3,141.5,0.027,forest,133.1,wet,0.247,low,True
2023-09-14 09:15:00,0.78,1.33,4.15,9.56,0.2536,40.91,1681.4,206.7,0.175,agriculture,679.8,dry,0.0453,low,True
2023-09-14 10:30:00,4.1,6.46,13.99,24.1,0.2266,34.8,540.7,355.3,0.18,forest,477.6,dry,0.0806,low,True
2023-09-14 10:45:00,0.17,0.57,1.61,2.55,0.2102,20.91,1844.3,61.7,0.755,forest,65.5,dry,0.1591,low,True
2023-09-14 12:30:00,5.31,8.73,18.03,39.56,0.6962,46.07,2182.7,107.9,0.423,forest,18.5,normal,0.2881,medium,True
2023-09-14 13:45:00,3.36,7.23,11.43,15.6,0.2691,35.04,2838.2,233.5,0.105,urban,15.0,dry,0.1676,low,True
2023-09-14 14:45:00,0.09,0.36,0.94,1.89,0.7631,32.8,772.9,252.3,0.953,forest,33.8,wet,0.2892,medium,True
2023-09-14 20:30:00,0.24,0.69,1.38,2.41,0.5295,38.52,1496.6,254.2,0.567,urban,355.5,normal,0.1825,low,True
2023-09-14 22:30:00,0.46,0.89,1.42,3.45,0.2039,59.39,1583.0,214.3,0.188,forest,247.2,dry,0.13,low,True
2023-09-14 23:00:00,6.48,12.06,18.58,30.43,0.6877,20.76,1540.2,211.8,0.152,barren,2015.8,normal,0.2134,low,True
2023-09-14 23:45:00,0.12,0.49,1.44,2.16,0.5037,41.26,595.9,53.3,1.553,forest,128.2,normal,0.1516,low,True
2023-09-15 00:45:00,16.79,31.96,71.33,107.98,0.5595,27.04,2261.2,300.5,0.608,agriculture,462.7,dry,0.3056,medium,True
2023-09-15 01:45:00,3.23,9.14,15.12,36.25,0.3637,43.67,2198.1,3.2,0.988,barren,181.3,dry,0.2741,low,True
2023-09-15 03:00:00,0.07,0.16,0.49,1.38,0.1882,24.39,1826.0,150.3,0.153,barren,46.2,dry,0.178,low,True
2023-09-15 03:15:00,80.82,101.41,138.94,192.67,0.5733,45.92,1344.7,77.5,0.533,barren,743.9,dry,0.694,high,True
2023-09-15 04:15:00,0.19,0.52,1.41,2.81,0.832,35.49,1470.7,37.6,0.033,barren,188.8,wet,0.2276,low,True
2023-09-15 05:00:00,5.65,10.75,18.68,35.02,0.662,29.04,1428.2,115.0,0.542,forest,880.8,normal,0.2064,low,True
2023-09-15 06:00:00,39.67,61.33,105.82,133.01,0.99,28.99,765.5,236.6,0.137,agriculture,977.2,wet,0.6166,high,True
2023-09-15 06:45:00,0.35,0.88,1.28,2.48,0.8441,25.6,2020.5,178.9,0.664,agriculture,610.5,wet,0.1268,low,True
2023-09-15 08:00:00,3.58,9.42,14.21,24.38,0.2657,25.92,1614.3,314.5,1.613,urban,19.8,dry,0.3027,medium,True
2023-09-15 09:45:00,0.45,0.86,1.76,4.29,0.8117,20.23,2012.0,215.9,0.368,forest,1193.8,wet,0.1471,low,True
2023-09-15 10:45:00,0.07,0.22,0.37,0.97,0.1584,41.86,1755.3,91.1,0.219,urban,56.4,dry,0.142,low,True
2023-09-15 12:30:00,0.35,1.22,2.35,7.65,0.2629,44.43,996.7,185.5,0.079,agriculture,947.3,dry,0.0358,low,True
2023-09-15 15:00:00,3.24,9.03,14.37,20.56,0.5537,17.34,1044.8,81.9,0.666,agriculture,336.5,normal,0.1652,low,True
2023-09-15 15:15:00,3.22,6.89,9.87,16.17,0.5886,37.92,2388.2,64.3,0.526,forest,175.9,normal,0.2095,low,True
2023-09-15 17:30:00,0.04,0.15,0.32,0.88,0.4426,32.15,1935.8,343.8,0.472,forest,457.2,normal,0.1101,low,True
2023-09-15 17:45:00,0.03,0.15,0.22,0.59,0.5028,18.14,1371.9,168.5,1.649,barren,257.4,normal,0.2105,low,True
2023-09-15 21:00:00,0.17,0.58,0.93,2.25,0.8023,30.22,1936.2,234.4,2.294,agriculture,563.8,wet,0.172,low,True
2023-09-15 23:45:00,106.35,145.24,175.16,233.29,0.8191,33.44,1077.2,314.4,0.757,urban,262.4,normal,0.8213,critical,True
2023-09-16 00:00:00,5.49,14.75,20.77,34.5,0.6646,33.63,2251.4,116.0,0.131,barren,171.1,normal,0.2179,low,True
2023-09-16 01:00:00,4.76,8.72,10.99,25.9,0.58,24.73,785.5,284.0,1.76,agriculture,166.7,normal,0.2333,low,True
2023-09-16 01:00:00,6.0,11.53,15.29,32.6,0.6451,20.16,1718.1,284.0,0.254,urban,163.0,normal,0.2729,low,True
2023-09-16 03:00:00,0.05,0.16,0.43,0.72,0.1849,24.97,1518.1,296.6,0.049,agriculture,234.1,dry,0.0973,low,True
2023-09-16 06:30:00,0.39,1.45,3.08,5.58,0.8743,45.36,1607.8,68.2,0.166,agriculture,50.8,wet,0.2219,low,True
2023-09-16 08:30:00,0.2,0.71,1.66,4.16,0.508,17.54,1990.7,346.6,1.065,forest,389.3,normal,0.1333,low,True
2023-09-16 09:00:00,0.12,0.38,0.56,1.12,0.6445,29.75,2200.6,98.9,0.137,forest,156.2,normal,0.2576,low,True
2023-09-16 09:00:00,0.2,0.49,0.71,1.86,0.749,36.12,1352.7,279.7,0.302,agriculture,298.6,wet,0.1217,low,True
2023-09-16 09:45:00,5.44,11.38,15.18,22.24,0.9296,27.16,405.1,58.4,0.192,urban,271.7,wet,0.2917,medium,True
2023-09-16 11:15:00,0.08,0.19,0.4,1.18,0.1272,40.03,569.9,332.7,0.029,forest,691.0,dry,0.1301,low,True
2023-09-16 13:00:00,0.34,0.79,1.95,2.97,0.1749,32.14,1370.8,154.0,0.495,forest,702.4,dry,0.0445,low,True
2023-09-16 17:00:00,0.13,0.48,1.33,3.96,0.8544,26.86,1620.6,240.7,0.595,agriculture,1594.3,wet,0.1403,low,True
2023-09-16 17:45:00,7.25,12.5,17.11,42.37,0.99,23.72,1825.2,306.1,0.94,forest,106.8,wet,0.3878,medium,True
2023-09-16 19:30:00,0.04,0.13,0.2,0.37,0.4978,38.29,1714.8,101.7,0.321,barren,22.3,normal,0.2143,low,True
2023-09-17 04:00:00,19.5,46.1,69.62,137.82,0.8042,55.49,2134.3,140.0,0.091,barren,203.6,normal,0.6296,high,True
2023-09-17 05:00:00,0.26,1.01,3.17,5.4,0.5674,26.43,2681.0,112.8,0.634,forest,804.3,normal,0.1189,low,True
2023-09-17 05:00:00,41.12,76.92,95.51,133.6,0.6086,28.17,1657.7,101.8,1.325,urban,330.9,dry,0.6617,high,True
2023-09-17 08:00:00,4.48,10.58,15.12,28.97,0.8979,40.63,1816.5,183.7,0.077,agriculture,173.7,wet,0.3753,medium,True
2023-09-17 09:45:00,0.13,0.53,1.21,3.69,0.5167,19.46,1140.9,196.8,0.121,agriculture,527.6,normal,0.0289,low,True
2023-09-17 11:00:00,3.27,6.91,15.9,28.2,0.9708,65.0,1632.9,27.7,0.24,forest,446.1,wet,0.282,medium,True
2023-09-17 11:15:00,3.5,5.4,8.67,16.78,0.5819,42.95,1724.1,242.4,0.63,forest,447.6,normal,0.2542,low,True
2023-09-17 13:00:00,5.2,14.04,17.82,37.68,0.9662,33.46,1692.4,151.2,0.445,barren,263.0,wet,0.3414,medium,True
2023-09-17 14:15:00,0.12,0.45,1.32,2.22,0.5082,38.68,1149.6,320.2,0.748,forest,274.6,normal,0.196,low,True
2023-09-17 15:15:00,1.84,4.29,10.07,15.97,0.8411,32.1,1699.0,318.8,0.019,forest,294.0,wet,0.2386,low,True
2023-09-17 18:30:00,0.15,0.6,1.78,4.12,0.7014,24.96,1655.0,259.2,0.998,forest,291.5,wet,0.1912,low,True
2023-09-17 19:15:00,0.57,1.2,2.29,3.4,0.4744,16.9,1790.1,307.4,2.628,forest,90.9,normal,0.2663,low,True
2023-09-17 20:15:00,2.06,3.55,6.76,18.87,0.6319,35.61,1359.7,332.1,0.029,forest,108.7,normal,0.2047,low,True
2023-09-17 22:00:00,1.55,3.2,4.99,9.33,0.1856,28.07,1606.5,207.8,0.41,forest,174.0,dry,0.0963,low,True
2023-09-17 22:45:00,0.03,0.07,0.2,0.49,0.5177,25.24,2906.3,349.9,0.808,urban,687.0,normal,0.0611,low,True
2023-09-18 00:30:00,0.22,0.58,0.93,2.25,0.8336,27.29,1632.7,343.9,0.388,barren,227.2,wet,0.1819,low,True
2023-09-18 02:30:00,0.11,0.33,0.52,1.23,0.3242,49.5,2242.6,39.6,0.539,forest,922.8,dry,0.1372,low,True
2023-09-18 05:15:00,1.76,3.32,5.79,8.8,0.8381,20.57,2455.3,188.2,1.522,barren,561.9,wet,0.2061,low,True
2023-09-18 06:15:00,7.79,18.78,24.13,42.87,0.771,27.33,728.5,41.2,0.466,forest,701.9,normal,0.2389,low,True
2023-09-18 09:00:00,6.13,11.08,15.13,24.09,0.3335,28.18,1480.4,246.3,0.162,agriculture,60.4,dry,0.2345,low,True
2023-09-18 11:45:00,7.8,12.63,24.04,33.63,0.2777,28.62,1507.6,275.5,0.805,forest,66.4,dry,0.1693,low,True
2023-09-18 12:00:00,0.41,0.82,2.01,3.67,0.4748,33.19,2808.5,318.5,0.282,forest,104.5,normal,0.1873,low,True
2023-09-18 14:45:00,0.34,0.64,1.41,2.13,0.217,25.96,2729.8,234.0,0.201,urban,390.3,dry,0.1177,low,True
2023-09-18 16:15:00,0.04,0.07,0.18,0.49,0.8909,25.35,727.8,163.4,0.171,forest,236.4,wet,0.2553,low,True
2023-09-18 17:30:00,0.05,0.13,0.24,0.65,0.5352,56.13,996.5,56.1,0.05,barren,75.1,normal,0.2071,low,True
2023-09-18 17:30:00,3.66,6.41,11.9,28.72,0.6314,23.86,2335.2,45.0,1.621,forest,489.3,normal,0.1876,low,True
2023-09-18 19:15:00,5.32,15.18,23.57,43.54,0.4341,23.84,1286.5,174.8,0.497,forest,265.1,dry,0.2117,low,True
2023-09-19 00:00:00,0.09,0.25,0.37,1.13,0.4713,21.6,1989.1,299.7,1.862,barren,469.6,normal,0.12,low,True
2023-09-19 04:00:00,3.47,11.52,15.96,23.87,0.6159,27.73,1468.6,270.3,1.187,agriculture,850.7,normal,0.1567,low,True
2023-09-19 04:00:00,0.61,2.22,5.36,10.16,0.1947,44.24,957.3,317.1,0.018,forest,871.7,dry,0.0539,low,True
2023-09-19 05:15:00,5.45,10.26,15.81,22.74,0.619,29.58,2382.7,292.0,0.17,forest,135.4,normal,0.1941,low,True
2023-09-19 06:45:00,0.01,0.04,0.08,0.15,0.8451,27.51,1163.8,74.0,0.227,forest,70.4,wet,0.2371,low,True
2023-09-19 08:00:00,0.71,3.35,5.44,9.5,0.3211,34.56,1522.2,72.1,0.404,urban,209.1,dry,0.1049,low,True
2023-09-19 08:30:00,0.28,0.69,1.85,5.5,0.6594,33.41,919.3,164.9,0.756,agriculture,40.7,normal,0.2292,low,True
2023-09-19 11:15:00,2.85,7.84,19.42,28.15,0.99,36.57,933.6,68.8,0.685,forest,25.7,wet,0.3202,medium,True
2023-09-19 12:15:00,0.46,1.07,2.63,4.94,0.1717,43.0,1635.5,67.5,2.618,barren,1347.7,dry,0.0981,low,True
2023-09-19 12:45:00,6.43,11.7,21.74,33.78,0.99,32.69,1029.1,96.4,1.541,forest,1259.3,wet,0.2496,low,True
2023-09-19 12:45:00,8.98,14.14,20.16,37.67,0.7343,32.29,2504.5,8.1,0.124,forest,161.7,normal,0.231,low,True
2023-09-19 14:45:00,0.2,0.44,1.08,2.91,0.2648,44.76,2013.4,205.7,1.179,forest,611.2,dry,0.1202,low,True
2023-09-19 15:30:00,15.71,30.83,75.25,127.51,0.6125,28.37,2076.1,142.8,1.111,agriculture,98.5,dry,0.4359,medium,True
2023-09-19 16:15:00,0.23,0.65,1.21,2.47,0.1663,30.62,1424.3,85.5,0.513,forest,199.0,dry,0.0813,low,True
2023-09-19 17:45:00,0.07,0.13,0.39,1.2,0.2555,40.61,1440.8,48.3,0.248,agriculture,463.7,dry,0.0641,low,True
2023-09-19 19:00:00,0.03,0.12,0.18,0.29,0.1133,26.59,1866.2,164.1,0.14,urban,289.9,dry,0.0425,low,True
2023-09-19 19:00:00,4.15,9.22,13.72,21.5,0.5744,29.25,300.0,216.7,0.143,forest,612.4,normal,0.1696,low,True
2023-09-19 20:45:00,4.08,7.21,11.25,19.84,0.2473,39.96,1326.8,350.4,0.247,forest,1379.9,dry,0.1214,low,True
2023-09-19 22:00:00,0.24,0.69,1.48,3.06,0.5944,36.59,507.7,91.4,0.421,forest,13.2,normal,0.2136,low,True
2023-09-20 00:45:00,114.75,135.71,168.3,197.14,0.99,19.66,1736.4,9.5,0.526,agriculture,914.4,wet,0.8302,critical,True
2023-09-20 05:15:00,7.37,22.57,30.93,54.53,0.99,43.58,906.0,265.0,0.236,urban,196.7,wet,0.4827,medium,True
2023-09-20 05:15:00,0.13,0.35,1.12,1.93,0.5134,65.0,1527.4,84.7,0.265,forest,193.5,normal,0.1997,low,True
2023-09-20 05:45:00,0.51,1.45,3.38,7.45,0.8834,13.22,1067.6,174.3,0.008,forest,10.2,wet,0.2054,low,True
2023-09-20 06:15:00,0.13,0.26,0.37,1.17,0.242,26.48,2456.5,291.0,0.001,forest,639.3,dry,0.0507,low,True
2023-09-20 06:30:00,22.06,52.25,90.07,111.33,0.598,33.17,2956.7,13.3,1.426,forest,508.0,dry,0.2796,low,True
2023-09-20 09:15:00,10.38,26.67,39.97,69.41,0.4586,36.9,2150.1,50.9,0.008,agriculture,795.5,dry,0.157,low,True
2023-09-20 10:00:00,1.09,2.21,4.37,10.76,0.8233,14.32,2183.8,35.3,0.02,forest,74.1,wet,0.2564,low,True
2023-09-20 11:30:00,0.05,0.12,0.18,0.3,0.763,21.43,1574.4,84.1,0.138,forest,94.8,wet,0.1895,low,True
2023-09-20 12:00:00,0.22,0.78,1.41,2.4,0.4472,30.69,1223.1,62.3,0.816,agriculture,136.6,normal,0.1721,low,True
2023-09-20 12:15:00,0.59,2.4,3.44,8.8,0.5168,31.12,443.7,114.0,0.682,forest,274.4,normal,0.1325,low,True
2023-09-20 14:15:00,0.37,1.24,1.8,4.41,0.5435,37.61,1709.1,268.7,0.625,agriculture,158.2,normal,0.15,low,True
2023-09-20 14:30:00,5.31,9.22,13.49,31.26,0.2773,22.83,1419.3,15.2,0.513,forest,134.7,dry,0.1324,low,True
2023-09-20 17:00:00,8.39,18.47,25.66,34.6,0.6039,38.07,1734.6,26.6,0.135,urban,80.6,normal,0.325,medium,True
2023-09-20 17:45:00,0.22,0.47,0.71,1.17,0.5577,27.5,1173.5,203.2,0.304,forest,70.7,normal,0.1608,low,True
2023-09-20 22:00:00,0.19,0.39,0.78,1.76,0.2065,26.73,705.2,187.3,0.39,urban,234.2,dry,0.1565,low,True
2023-09-20 22:45:00,0.01,0.02,0.03,0.08,0.1623,35.13,904.7,170.7,0.524,forest,216.6,dry,0.1447,low,True
2023-09-20 22:45:00,0.08,0.16,0.51,1.65,0.84,24.17,2519.0,185.7,0.133,barren,548.2,wet,0.1472,low,True
2023-09-21 02:30:00,1.29,2.71,4.32,7.05,0.5127,25.57,2761.2,267.1,0.783,forest,617.7,normal,0.1152,low,True
2023-09-21 02:45:00,0.16,0.37,0.85,2.34,0.5403,31.84,657.0,207.4,0.222,agriculture,432.1,normal,0.1589,low,True
2023-09-21 04:00:00,93.56,116.68,136.73,157.22,0.8312,24.19,1197.8,164.5,0.648,forest,632.7,normal,0.5987,high,True
2023-09-21 04:45:00,39.32,71.27,97.64,133.98,0.99,27.31,552.2,29.4,0.433,agriculture,50.3,wet,0.705,high,True
2023-09-21 08:45:00,15.28,23.97,38.05,52.44,0.8027,27.61,1636.8,350.9,0.538,agriculture,224.2,normal,0.2995,medium,True
2023-09-21 10:30:00,0.05,0.16,0.34,0.86,0.2108,22.99,1652.3,86.2,0.32,agriculture,128.1,dry,0.0889,low,True
2023-09-21 10:30:00,0.33,0.74,1.08,2.02,0.516,38.86,1530.5,312.9,0.353,agriculture,111.5,normal,0.1725,low,True
2023-09-21 11:30:00,4.29,10.75,22.61,42.29,0.7774,18.37,1297.8,136.4,1.216,forest,446.5,normal,0.1362,low,True
2023-09-21 11:45:00,3.36,6.83,9.22,21.23,0.2435,30.33,1747.1,246.2,0.388,forest,632.7,dry,0.0184,low,True
2023-09-21 13:15:00,9.09,17.45,24.93,48.03,0.674,39.8,1990.7,163.5,0.948,agriculture,52.7,normal,0.3365,medium,True
2023-09-21 14:30:00,0.5,0.85,2.23,5.1,0.6222,26.42,2016.3,127.5,0.302,forest,56.4,normal,0.2434,low,True
2023-09-21 15:30:00,3.35,7.88,10.64,15.98,0.571,33.39,2332.0,221.1,0.723,forest,367.0,normal,0.1254,low,True
2023-09-21 16:00:00,0.2,0.48,1.07,2.2,0.5918,36.18,1390.5,193.0,0.159,forest,64.5,normal,0.2444,low,True
2023-09-21 16:30:00,20.87,36.04,48.72,57.73,0.7428,19.23,1248.8,83.7,1.493,forest,521.9,normal,0.3103,medium,True
2023-09-21 17:00:00,0.04,0.11,0.17,0.31,0.7536,37.53,2171.7,121.0,2.052,agriculture,627.5,wet,0.1842,low,True
2023-09-21 20:00:00,0.0,0.0,0.01,0.02,0.8218,35.66,1262.8,12.4,1.39,agriculture,269.0,wet,0.1849,low,True
2023-09-22 00:15:00,4.02,9.92,14.94,21.29,0.5692,45.06,1471.9,69.7,0.255,urban,846.6,normal,0.1898,low,True
2023-09-22 02:30:00,0.23,0.91,1.34,2.06,0.4968,57.06,1271.4,120.9,0.194,forest,17.2,normal,0.2324,low,True
2023-09-22 03:15:00,0.06,0.11,0.16,0.34,0.7833,30.55,2618.9,350.0,0.121,urban,99.8,wet,0.2379,low,True
2023-09-22 07:00:00,0.1,0.31,1.05,2.49,0.7087,42.17,1950.9,189.8,1.238,agriculture,528.9,wet,0.1895,low,True
2023-09-22 07:45:00,0.0,0.0,0.01,0.01,0.7848,14.21,919.3,252.3,0.076,urban,1113.7,wet,0.1635,low,True
2023-09-22 11:00:00,6.27,18.99,38.44,65.8,0.5163,24.62,1599.2,242.5,0.617,barren,1141.7,dry,0.1836,low,True
2023-09-22 12:00:00,27.26,57.0,80.53,127.17,0.559,45.42,1843.2,353.1,0.242,agriculture,10.1,dry,0.4358,medium,True
2023-09-22 15:00:00,12.51,21.71,28.58,42.57,0.9588,17.1,926.2,200.0,0.125,forest,359.8,wet,0.3423,medium,True
2023-09-22 16:00:00,3.16,9.69,18.87,39.88,0.99,31.56,1812.6,210.8,0.122,forest,19.7,wet,0.3503,medium,True
2023-09-22 18:15:00,0.28,0.75,2.14,3.14,0.5436,25.67,1509.5,108.0,1.229,forest,431.8,normal,0.0912,low,True
2023-09-22 22:30:00,5.28,10.29,21.82,46.75,0.99,28.23,864.9,225.4,1.179,urban,521.4,wet,0.4255,medium,True
2023-09-23 01:00:00,20.21,51.93,78.28,123.37,0.99,33.07,791.9,272.8,0.19,urban,692.3,wet,0.5867,high,True
2023-09-23 01:00:00,72.74,106.48,135.61,165.63,0.897,18.33,2421.3,37.2,0.021,barren,273.8,normal,0.7976,critical,True
2023-09-23 01:45:00,1.27,4.13,7.18,10.53,0.5148,21.19,1096.7,172.8,1.22,urban,674.3,normal,0.0949,low,True
2023-09-23 01:45:00,0.14,0.33,0.75,1.29,0.4747,37.32,2204.8,151.9,0.035,urban,911.2,normal,0.0837,low,True
2023-09-23 05:00:00,4.24,8.51,12.59,22.28,0.6924,33.25,1994.0,40.9,0.053,agriculture,276.7,normal,0.2129,low,True
2023-09-23 07:45:00,0.91,1.78,2.6,5.33,0.89,45.43,1226.0,122.9,1.035,agriculture,269.9,wet,0.1931,low,True
2023-09-23 08:00:00,1.58,3.06,6.38,12.04,0.5957,60.68,1899.4,192.7,1.02,forest,256.7,normal,0.2274,low,True
2023-09-23 08:30:00,1.08,1.95,4.65,12.7,0.9263,20.96,1796.9,234.0,0.136,forest,255.9,wet,0.2286,low,True
2023-09-23 12:45:00,6.04,16.67,23.1,49.18,0.99,33.53,2144.0,104.0,0.023,forest,531.4,wet,0.2309,low,True
2023-09-23 15:15:00,4.04,6.5,11.02,21.18,0.356,37.92,1704.9,171.5,0.039,forest,34.4,dry,0.2151,low,True
2023-09-23 16:45:00,4.96,7.89,14.61,26.27,0.3353,30.72,1400.8,264.3,0.362,agriculture,220.8,dry,0.1557,low,True
2023-09-23 17:45:00,0.68,2.19,6.24,9.89,0.5411,18.58,2394.2,152.0,0.325,forest,269.8,normal,0.1351,low,True
2023-09-23 17:45:00,7.37,13.63,20.86,43.29,0.4166,28.1,2038.6,338.7,0.121,barren,94.5,dry,0.2196,low,True
2023-09-23 19:00:00,40.76,69.09,106.28,161.31,0.788,30.9,1214.0,11.1,1.438,forest,282.8,normal,0.5759,high,True
2023-09-23 20:15:00,4.9,15.44,28.75,41.11,0.4467,65.0,1494.1,93.7,0.482,forest,222.9,dry,0.2139,low,True
2023-09-23 20:45:00,3.65,10.4,17.47,27.49,0.5809,28.65,2379.8,48.0,0.988,barren,478.2,normal,0.1762,low,True
2023-09-23 21:45:00,0.08,0.19,0.37,1.22,0.2329,26.06,2499.2,194.9,0.066,agriculture,162.6,dry,0.1769,low,True
2023-09-23 22:00:00,0.21,0.37,0.67,1.39,0.1941,31.82,1493.1,63.9,2.177,forest,1056.9,dry,0.052,low,True
2023-09-23 22:45:00,1.73,4.07,7.48,10.85,0.2523,32.84,1892.5,267.1,0.996,agriculture,196.9,dry,0.0607,low,True
2023-09-23 23:45:00,0.2,0.42,0.71,1.01,0.7737,33.48,1816.5,330.6,0.204,forest,358.8,wet,0.1291,low,True
2023-09-23 23:45:00,0.52,1.02,2.63,4.59,0.4573,24.62,939.8,74.6,0.013,urban,97.7,normal,0.1084,low,True
2023-09-24 01:45:00,0.56,1.13,2.12,4.84,0.8088,33.85,1905.9,326.4,0.108,agriculture,418.4,wet,0.1801,low,True
2023-09-24 02:30:00,4.47,11.29,18.75,40.33,0.99,30.89,308.6,227.4,0.325,forest,262.4,wet,0.256,low,True
2023-09-24 03:15:00,0.43,0.83,2.07,6.47,0.8193,28.47,2145.8,70.6,0.002,agriculture,156.6,wet,0.2515,low,True
2023-09-24 06:00:00,4.27,7.75,10.77,23.52,0.6392,43.63,1912.5,265.2,0.025,barren,159.7,normal,0.2382,low,True
2023-09-24 07:00:00,80.06,111.09,147.34,171.31,0.99,26.73,300.0,32.7,0.062,agriculture,174.8,wet,0.8367,critical,True
2023-09-24 08:45:00,3.92,11.47,24.02,52.2,0.4454,33.63,1021.1,249.2,0.996,barren,211.3,dry,0.2211,low,True
2023-09-24 09:00:00,0.3,0.76,1.45,3.37,0.2412,22.61,543.2,310.1,0.475,forest,109.6,dry,0.1241,low,True
2023-09-24 12:15:00,1.03,2.64,4.65,12.14,0.8658,24.74,984.8,342.1,0.127,urban,123.7,wet,0.2855,medium,True
2023-09-24 13:00:00,8.66,15.87,25.87,38.93,0.3828,24.19,1680.2,19.6,0.184,barren,1122.6,dry,0.0718,low,True
2023-09-24 14:15:00,3.69,11.05,16.01,22.12,0.8191,21.45,2645.4,22.3,0.617,barren,135.5,wet,0.2449,low,True
2023-09-24 21:00:00,3.61,7.19,13.7,22.63,0.6738,21.48,1910.1,334.9,0.23,forest,355.1,normal,0.1666,low,True
2023-09-24 21:00:00,11.85,24.81,34.18,50.63,0.8358,33.19,1372.1,284.3,0.688,urban,158.3,normal,0.4083,medium,True
2023-09-25 03:15:00,5.57,12.09,15.93,33.68,0.4171,31.7,2030.5,278.7,0.904,agriculture,592.8,dry,0.1571,low,True
2023-09-25 03:30:00,3.96,9.3,17.18,40.06,0.6877,18.72,1972.0,267.3,0.22,barren,426.7,normal,0.2511,low,True
2023-09-25 04:00:00,8.22,21.74,31.4,42.09,0.6397,15.75,2468.0,258.2,0.274,forest,149.2,normal,0.2251,low,True
2023-09-25 09:00:00,0.17,0.3,0.47,0.73,0.4864,31.55,2102.5,220.8,0.031,forest,451.3,normal,0.149,low,True
2023-09-25 09:00:00,4.07,9.36,18.38,25.75,0.6537,25.0,1603.4,292.6,1.028,forest,504.8,normal,0.2567,low,True
2023-09-25 09:15:00,0.54,0.92,1.64,3.45,0.1983,31.2,696.2,12.3,0.559,agriculture,62.1,dry,0.2053,low,True
2023-09-25 11:30:00,0.04,0.14,0.2,0.38,0.5355,13.17,2409.8,266.5,1.315,agriculture,312.1,normal,0.1479,low,True
2023-09-25 15:30:00,0.05,0.17,0.47,0.91,0.5164,24.23,1525.5,209.9,0.126,agriculture,587.2,normal,0.0676,low,True
2023-09-25 16:30:00,1.29,2.84,6.33,11.23,0.3106,47.81,1066.8,326.7,1.94,agriculture,28.1,dry,0.2832,medium,True
2023-09-25 16:30:00,0.8,1.83,2.71,4.06,0.1822,30.29,409.4,337.1,0.736,barren,258.2,dry,0.1731,low,True
2023-09-25 18:15:00,6.31,11.55,21.65,30.49,0.713,33.79,910.3,86.9,0.131,forest,651.0,normal,0.213,low,True
2023-09-25 18:15:00,14.16,41.71,61.41,103.03,0.8282,35.31,1841.4,284.2,0.373,forest,1078.4,normal,0.374,medium,True
2023-09-25 22:15:00,0.74,1.73,5.38,9.05,0.5208,28.82,1366.3,344.5,0.72,urban,383.5,normal,0.1499,low,True
2023-09-25 23:00:00,0.0,0.01,0.02,0.05,0.1988,25.81,2195.1,96.0,0.01,agriculture,149.0,dry,0.1292,low,True
2023-09-26 00:30:00,1.59,5.64,14.51,27.33,0.6883,16.28,2571.7,306.4,0.909,agriculture,335.0,normal,0.2111,low,True
2023-09-26 00:45:00,0.91,1.59,2.47,3.78,0.5479,18.44,319.1,211.2,1.77,agriculture,19.7,normal,0.2426,low,True
2023-09-26 02:00:00,0.45,1.45,2.2,3.3,0.453,13.77,989.3,142.2,0.051,agriculture,223.0,normal,0.2179,low,True
2023-09-26 03:30:00,0.05,0.12,0.17,0.4,0.4612,36.48,1683.2,296.5,1.37,forest,464.8,normal,0.2155,low,True
2023-09-26 06:30:00,8.44,25.66,47.38,56.41,0.9244,28.32,2488.2,313.3,0.375,agriculture,22.9,normal,0.376,medium,True
2023-09-26 08:00:00,0.15,0.28,0.83,1.69,0.2544,22.43,1097.3,101.8,0.435,urban,333.5,dry,0.0535,low,True
2023-09-26 09:30:00,0.11,0.46,0.92,1.82,0.5212,27.12,1735.3,286.0,1.1,agriculture,320.6,normal,0.1801,low,True
2023-09-26 12:30:00,0.32,0.7,2.25,4.54,0.488,45.07,945.8,17.9,0.534,forest,83.6,normal,0.2305,low,True
2023-09-26 14:00:00,6.53,17.03,33.38,53.8,0.8003,24.94,1549.5,150.4,0.26,barren,304.8,normal,0.3201,medium,True
2023-09-26 14:00:00,0.04,0.08,0.19,0.39,0.7506,24.46,1682.7,25.1,0.791,forest,194.3,wet,0.2131,low,True
2023-09-26 15:30:00,3.55,9.85,14.34,25.27,0.6641,19.43,1405.0,105.8,0.089,forest,238.1,normal,0.1931,low,True
2023-09-26 17:30:00,9.99,21.29,52.35,62.8,0.8525,17.63,2582.6,342.1,0.658,barren,147.8,normal,0.3496,medium,True
2023-09-26 21:00:00,2.31,5.83,8.81,13.72,0.9084,19.87,2314.1,264.5,0.894,forest,591.9,wet,0.2306,low,True
2023-09-26 21:15:00,0.09,0.27,0.58,1.14,0.319,34.76,1408.5,272.0,0.245,urban,169.3,dry,0.0495,low,True
2023-09-26 21:45:00,0.15,0.32,0.55,1.07,0.8251,36.0,1443.6,48.4,2.109,forest,557.6,wet,0.2244,low,True
2023-09-27 02:30:00,0.0,0.01,0.04,0.11,0.1715,54.25,2078.3,208.3,0.614,barren,37.9,dry,0.2336,low,True
2023-09-27 05:00:00,0.08,0.32,0.99,2.29,0.7311,23.83,1628.6,140.0,0.06,agriculture,124.3,wet,0.178,low,True
2023-09-27 09:00:00,4.22,9.94,22.0,43.98,0.5061,16.49,1607.6,264.3,2.034,forest,190.3,dry,0.2256,low,True
2023-09-27 09:15:00,0.22,0.49,0.9,2.91,0.499,17.42,1187.8,56.6,0.818,agriculture,191.5,normal,0.1529,low,True
2023-09-27 09:45:00,8.27,20.13,29.44,40.06,0.6995,27.14,1959.3,101.5,0.714,urban,213.7,normal,0.2658,low,True
2023-09-27 09:45:00,3.89,8.96,13.59,32.27,0.8733,45.64,1216.1,323.5,0.175,barren,379.8,wet,0.2179,low,True
2023-09-27 10:30:00,19.96,33.76,43.35,84.05,0.5308,28.61,1215.9,61.1,0.385,agriculture,308.7,dry,0.2172,low,True
2023-09-27 13:15:00,15.6,27.87,35.72,70.39,0.99,31.55,1773.5,227.7,1.388,urban,267.7,wet,0.531,high,True
2023-09-27 17:15:00,2.75,6.54,9.55,15.16,0.666,26.47,1684.3,113.5,0.221,forest,646.3,normal,0.2145,low,True
2023-09-27 17:30:00,0.06,0.12,0.19,0.57,0.2011,21.23,1620.3,29.5,0.33,forest,86.4,dry,0.1116,low,True
2023-09-27 22:30:00,0.65,1.26,3.03,6.79,0.5371,37.12,511.1,80.5,0.178,forest,698.7,normal,0.0734,low,True
2023-09-27 22:45:00,12.91,20.43,27.41,40.41,0.6813,41.31,1742.8,313.0,0.146,barren,593.9,normal,0.3049,medium,True
2023-09-28 00:15:00,1.51,4.42,9.76,18.64,0.6478,25.22,395.6,327.8,0.027,barren,86.2,normal,0.1813,low,True
2023-09-28 00:45:00,18.04,38.22,53.62,70.71,0.99,33.78,2213.4,151.1,0.801,agriculture,352.4,wet,0.4076,medium,True
2023-09-28 02:30:00,0.89,2.15,3.54,5.2,0.8087,25.42,1267.9,223.5,0.057,urban,98.4,wet,0.226,low,True
2023-09-28 05:30:00,0.07,0.24,0.45,0.69,0.5087,33.19,1695.4,187.4,0.455,agriculture,1011.5,normal,0.1708,low,True
2023-09-28 06:00:00,0.15,0.52,0.76,1.25,0.8396,14.79,1251.4,100.7,0.031,forest,247.7,wet,0.169,low,True
2023-09-28 06:15:00,0.76,1.35,3.87,6.55,0.2356,29.55,1784.7,124.1,2.477,forest,89.7,dry,0.1199,low,True
2023-09-28 08:15:00,0.38,1.6,3.28,5.84,0.2703,25.37,877.0,189.7,0.742,urban,363.8,dry,0.1694,low,True
2023-09-28 10:30:00,3.16,9.41,15.92,36.21,0.9734,37.38,2710.6,250.3,0.597,forest,439.9,wet,0.2614,low,True
2023-09-28 12:30:00,0.04,0.13,0.2,0.5,0.8066,40.04,1188.0,125.9,0.124,agriculture,335.1,wet,0.2344,low,True
2023-09-28 15:15:00,3.5,10.4,14.91,24.21,0.3372,21.37,2125.6,251.6,0.451,forest,106.8,dry,0.1422,low,True
2023-09-28 15:45:00,6.99,20.53,27.34,51.55,0.8353,37.84,931.2,346.0,0.42,forest,475.1,normal,0.2199,low,True
2023-09-28 16:45:00,0.13,0.29,0.48,0.7,0.8084,27.87,1364.4,8.8,0.267,agriculture,938.6,wet,0.1429,low,True
2023-09-28 21:00:00,0.04,0.12,0.32,0.73,0.2304,23.23,1150.0,59.0,0.102,forest,1073.8,dry,0.0,low,True
2023-09-28 21:00:00,8.62,27.28,64.59,123.14,0.6126,32.93,1241.7,329.9,0.274,urban,408.2,dry,0.4659,medium,True
2023-09-28 21:30:00,4.61,12.46,16.06,35.55,0.7166,48.81,1853.9,25.8,0.564,forest,651.9,normal,0.1891,low,True
2023-09-28 23:30:00,9.4,26.57,41.02,54.94,0.99,28.81,1880.4,275.4,0.401,agriculture,1356.0,wet,0.3175,medium,True
2023-09-28 23:30:00,27.11,73.06,92.18,116.77,0.99,28.73,1844.6,224.6,0.506,barren,25.5,wet,0.7272,high,True
2023-09-29 05:45:00,0.14,0.44,0.79,1.13,0.8198,29.45,1076.6,17.2,0.509,agriculture,236.9,wet,0.232,low,True
2023-09-29 10:30:00,0.23,0.43,1.15,2.42,0.5964,40.28,1677.8,0.3,0.168,urban,130.6,normal,0.2169,low,True
2023-09-29 11:15:00,11.35,20.13,30.1,51.55,0.8268,22.97,1092.1,180.7,0.071,forest,235.4,normal,0.2452,low,True
2023-09-29 12:00:00,0.68,1.15,2.5,4.87,0.1382,20.67,2479.8,42.2,0.443,forest,880.8,dry,0.0179,low,True
2023-09-29 12:45:00,0.39,1.6,3.92,7.28,0.9189,27.3,1044.7,314.0,1.337,forest,1444.1,wet,0.2273,low,True
2023-09-29 13:15:00,18.56,35.28,50.48,83.67,0.8808,40.44,1316.8,173.1,3.225,barren,833.6,normal,0.4226,medium,True
2023-09-29 16:00:00,3.57,5.9,9.87,20.27,0.5362,37.56,1634.8,84.4,0.925,urban,86.8,normal,0.2634,low,True
2023-09-29 20:30:00,0.07,0.12,0.28,0.61,0.7434,43.88,987.2,60.6,0.15,forest,578.4,wet,0.1782,low,True
2023-09-29 21:00:00,0.19,0.75,2.03,3.82,0.2011,44.89,1980.2,300.9,0.597,agriculture,605.7,dry,0.0575,low,True
2023-09-29 22:30:00,0.06,0.19,0.35,0.59,0.7664,28.58,2268.5,258.7,0.164,forest,313.1,wet,0.1626,low,True
2023-09-29 23:15:00,52.22,68.32,86.81,113.63,0.9517,28.96,1070.1,258.5,0.515,forest,449.2,normal,0.5754,high,True
2024-06-15 01:45:00,104.21,119.69,137.6,195.25,0.9073,20.77,1192.8,30.7,0.393,agriculture,835.2,normal,0.739,high,True
2024-06-15 04:00:00,5.14,10.98,20.16,50.27,0.4665,28.41,2316.4,224.8,0.288,forest,1810.3,dry,0.1324,low,True
2024-06-15 04:30:00,0.04,0.1,0.15,0.34,0.8647,31.01,1686.8,313.0,0.616,agriculture,24.3,wet,0.2455,low,True
2024-06-15 06:00:00,5.11,14.75,27.66,38.92,0.99,20.11,1467.7,275.7,1.17,agriculture,114.0,wet,0.3386,medium,True
2024-06-15 08:45:00,0.11,0.27,0.52,0.83,0.1981,61.71,1142.7,42.5,0.247,barren,964.4,dry,0.0752,low,True
2024-06-15 10:30:00,0.09,0.18,0.3,0.78,0.1465,33.05,1378.5,341.7,0.4,agriculture,149.7,dry,0.1461,low,True
2024-06-15 10:45:00,0.03,0.06,0.16,0.43,0.8744,28.53,1512.1,25.1,0.365,agriculture,49.4,wet,0.2535,low,True
2024-06-15 12:15:00,4.77,15.48,21.25,51.59,0.5027,41.65,1983.7,200.5,0.172,agriculture,141.5,dry,0.2223,low,True
2024-06-15 16:00:00,6.34,14.16,20.24,41.0,0.7171,43.71,1598.4,340.2,0.328,forest,265.8,normal,0.1834,low,True
2024-06-15 20:15:00,10.2,19.08,28.49,40.21,0.6737,15.18,1053.9,296.0,0.013,barren,180.8,normal,0.2714,low,True
2024-06-15 23:00:00,82.72,101.22,120.25,153.22,0.99,36.93,1286.3,245.1,0.437,forest,553.4,wet,0.8128,critical,True
2024-06-16 00:30:00,0.11,0.23,0.37,0.72,0.4496,19.84,929.2,308.3,0.765,forest,340.5,normal,0.0849,low,True
2024-06-16 01:30:00,2.49,6.23,14.03,20.66,0.6361,46.22,1520.5,242.4,0.275,agriculture,209.8,normal,0.1811,low,True
2024-06-16 05:00:00,4.42,10.39,22.34,51.87,0.9798,20.17,2952.5,19.8,0.824,barren,2075.1,wet,0.3149,medium,True
2024-06-16 05:15:00,2.98,5.89,9.52,20.96,0.2526,23.86,3086.2,126.3,0.833,forest,769.9,dry,0.0619,low,True
2024-06-16 09:15:00,0.16,0.54,1.23,2.08,0.2531,30.73,1796.4,153.8,2.485,forest,703.8,dry,0.0826,low,True
2024-06-16 13:30:00,0.21,0.92,1.69,2.5,0.109,21.18,608.3,196.7,0.474,forest,303.2,dry,0.1381,low,True
2024-06-16 23:30:00,0.33,1.47,3.25,5.4,0.8564,28.69,2155.6,82.7,0.311,forest,539.8,wet,0.1847,low,True
2024-06-16 23:30:00,0.47,1.4,2.28,5.28,0.549,45.74,2000.4,317.2,0.612,agriculture,153.3,normal,0.2435,low,True
2024-06-17 02:30:00,0.49,0.9,2.27,6.42,0.1724,16.01,3212.2,82.3,0.591,forest,150.1,dry,0.094,low,True
2024-06-17 02:45:00,0.08,0.2,0.37,0.67,0.5273,26.96,1644.8,236.7,2.622,barren,789.1,normal,0.1418,low,True
2024-06-17 05:45:00,0.36,0.85,1.26,2.09,0.4949,31.32,1344.9,315.6,0.738,barren,327.9,normal,0.1051,low,True
2024-06-17 07:30:00,109.59,130.75,149.45,201.25,0.99,38.51,1000.9,263.8,0.22,agriculture,157.3,wet,0.9185,critical,True
2024-06-17 08:45:00,23.56,63.61,87.82,130.69,0.5346,35.55,2093.5,49.0,0.125,agriculture,663.2,dry,0.3089,medium,True
2024-06-17 09:30:00,1.89,3.86,9.73,26.19,0.5679,40.06,1487.3,342.5,0.944,forest,214.5,normal,0.2182,low,True
2024-06-17 10:30:00,7.21,14.35,32.03,43.72,0.7606,38.82,1446.3,33.1,0.119,forest,188.8,normal,0.2513,low,True
2024-06-17 11:30:00,0.34,0.58,0.86,2.01,0.1883,30.44,1298.0,72.0,0.592,agriculture,19.3,dry,0.2398,low,True
2024-06-17 14:15:00,0.4,0.87,2.01,5.22,0.7481,20.31,2920.0,50.1,0.085,forest,407.7,wet,0.1882,low,True
2024-06-17 15:30:00,88.8,135.61,168.25,220.38,0.5606,18.31,1352.6,240.1,0.761,agriculture,276.2,dry,0.7481,critical,True
2024-06-17 15:30:00,2.6,8.54,17.7,25.85,0.6872,31.06,2020.3,290.7,0.916,forest,140.8,normal,0.2137,low,True
2024-06-17 17:45:00,84.26,112.02,142.12,163.23,0.99,35.39,1877.3,85.7,2.796,forest,62.5,wet,0.9797,critical,True
2024-06-17 18:45:00,0.59,1.75,5.2,9.19,0.5711,37.93,300.0,352.5,1.85,forest,80.5,normal,0.1735,low,True
2024-06-17 18:45:00,6.7,12.55,25.06,43.66,0.4589,19.95,2927.9,50.1,0.751,forest,99.1,dry,0.1914,low,True
2024-06-17 19:15:00,0.35,1.57,3.78,6.28,0.7921,42.97,488.3,113.7,0.195,urban,711.4,wet,0.2124,low,True
2024-06-18 01:30:00,0.09,0.39,0.83,2.22,0.1746,38.23,1059.4,176.5,0.027,forest,239.3,dry,0.097,low,True
2024-06-18 01:45:00,0.41,1.74,5.32,9.32,0.6012,26.11,1295.2,291.2,0.486,urban,426.2,normal,0.1349,low,True
2024-06-18 03:45:00,0.13,0.35,0.58,1.22,0.783,46.07,1164.9,135.6,0.871,agriculture,226.5,wet,0.2709,low,True
2024-06-18 04:00:00,0.67,2.93,5.28,9.03,0.8939,36.28,1462.6,64.8,0.006,barren,234.7,wet,0.3191,medium,True
2024-06-18 04:45:00,75.07,121.39,156.06,169.28,0.7922,55.85,1136.8,167.4,0.446,agriculture,614.4,normal,0.7824,critical,True
2024-06-18 07:30:00,9.0,14.75,24.25,49.95,0.395,40.36,2414.0,171.5,1.287,urban,526.2,dry,0.1981,low,True
2024-06-18 07:45:00,3.92,8.05,18.2,31.51,0.99,27.07,1954.5,5.8,0.608,forest,102.5,wet,0.3068,medium,True
2024-06-18 09:45:00,2.56,8.07,12.28,21.91,0.2917,23.79,1227.6,7.5,0.691,agriculture,354.0,dry,0.1266,low,True
2024-06-18 16:45:00,1.83,3.13,5.19,7.56,0.2729,46.85,1098.0,99.9,0.386,forest,409.0,dry,0.1213,low,True
2024-06-18 19:15:00,1.03,2.25,5.41,8.17,0.7701,30.97,1261.0,266.8,1.72,forest,191.6,wet,0.2191,low,True
2024-06-18 20:30:00,0.05,0.19,0.29,0.46,0.5315,36.93,1056.9,131.8,0.282,agriculture,34.8,normal,0.2264,low,True
2024-06-18 21:30:00,8.3,18.69,26.68,53.84,0.4449,32.12,880.6,76.0,0.286,agriculture,172.5,dry,0.1896,low,True
2024-06-18 22:15:00,0.24,1.03,1.92,4.81,0.5088,43.9,2161.2,40.7,0.438,forest,165.3,normal,0.1491,low,True
2024-06-18 22:45:00,0.0,0.0,0.01,0.02,0.1232,39.61,1365.9,101.0,0.529,forest,420.6,dry,0.0854,low,True
2024-06-18 23:30:00,0.05,0.16,0.43,1.22,0.2502,19.92,1837.1,173.3,0.463,agriculture,590.4,dry,0.0814,low,True
2024-06-18 23:45:00,0.09,0.25,0.46,1.22,0.1618,44.24,1639.0,33.6,1.024,agriculture,186.5,dry,0.1858,low,True
2024-06-19 04:45:00,5.56,9.29,16.88,30.98,0.9154,56.71,2469.7,5.4,1.079,forest,373.2,wet,0.3372,medium,True
2024-06-19 06:00:00,0.27,0.96,1.79,3.68,0.8353,48.66,2137.2,45.8,0.085,urban,370.3,wet,0.21,low,True
2024-06-19 07:15:00,44.5,80.17,119.67,142.56,0.8736,31.67,1817.0,265.7,0.544,urban,375.6,normal,0.6812,high,True
2024-06-19 08:15:00,0.9,2.23,3.44,9.76,0.3188,28.29,2977.2,167.9,2.477,barren,292.8,dry,0.1602,low,True
2024-06-19 10:30:00,0.15,0.28,0.45,0.88,0.5282,50.75,1176.9,160.3,0.549,barren,357.2,normal,0.1835,low,True
2024-06-19 11:00:00,0.34,1.34,2.44,4.97,0.5066,47.54,1487.4,7.1,0.699,forest,717.9,normal,0.0842,low,True
2024-06-19 16:45:00,0.02,0.09,0.26,0.53,0.4049,36.57,1991.9,255.9,1.186,urban,902.1,normal,0.1048,low,True
2024-06-19 17:30:00,0.2,0.65,0.99,2.86,0.7356,35.96,2106.6,72.7,1.209,forest,43.7,wet,0.2529,low,True
2024-06-19 17:45:00,0.11,0.19,0.36,0.61,0.4933,32.84,1072.8,32.7,0.01,forest,14.1,normal,0.2385,low,True
2024-06-19 21:45:00,8.61,22.73,37.13,54.26,0.7746,19.36,1579.7,303.1,0.164,barren,266.1,normal,0.3044,medium,True
2024-06-19 23:45:00,0.25,0.5,1.25,1.88,0.8331,34.87,1613.3,174.8,1.192,forest,196.3,wet,0.2445,low,True
2024-06-20 00:15:00,0.03,0.13,0.31,0.75,0.5998,39.27,2998.3,269.6,0.66,agriculture,220.0,normal,0.2511,low,True
2024-06-20 01:30:00,7.17,11.22,16.16,27.53,0.6237,10.03,1997.4,295.9,0.599,forest,224.7,normal,0.1693,low,True
2024-06-20 02:00:00,13.61,43.84,59.37,73.03,0.7483,34.59,2248.4,347.3,1.179,agriculture,799.5,normal,0.2928,medium,True
2024-06-20 04:00:00,5.55,13.56,16.99,36.38,0.3773,13.96,1366.9,224.5,0.986,agriculture,364.3,dry,0.1465,low,True
2024-06-20 05:45:00,0.06,0.14,0.39,0.76,0.4676,40.17,1149.7,24.6,0.835,forest,214.4,normal,0.1465,low,True
2024-06-20 09:15:00,14.29,22.12,27.99,52.95,0.8688,41.2,1345.7,200.8,0.029,forest,222.3,normal,0.3098,medium,True
2024-06-20 09:45:00,0.11,0.3,0.92,1.44,0.241,24.55,1928.7,183.4,0.913,agriculture,661.4,dry,0.1427,low,True
2024-06-20 11:00:00,10.29,17.19,34.91,54.25,0.4223,24.06,2485.1,20.7,0.134,agriculture,95.6,dry,0.2634,low,True
2024-06-20 11:45:00,5.86,17.2,31.91,49.58,0.9789,21.83,746.5,110.3,0.016,forest,15.2,wet,0.3191,medium,True
2024-06-20 11:45:00,90.34,112.45,124.41,149.05,0.8021,34.99,2788.5,148.4,0.406,urban,237.6,normal,0.7429,critical,True
2024-06-20 15:15:00,3.64,7.16,10.29,19.58,0.3033,29.4,2131.8,58.0,1.712,forest,1140.8,dry,0.0429,low,True
2024-06-20 17:30:00,0.11,0.21,0.52,1.34,0.1921,29.57,2200.6,3.2,1.305,barren,599.4,dry,0.0999,low,True
2024-06-20 18:30:00,0.16,0.42,1.31,2.4,0.5103,29.74,2160.5,272.5,2.412,forest,193.7,normal,0.1712,low,True
2024-06-20 19:30:00,36.28,77.35,88.03,133.29,0.4953,30.73,1356.3,306.6,0.17,forest,77.4,dry,0.3825,medium,True
2024-06-20 22:00:00,0.94,1.89,2.86,6.7,0.2009,32.77,1523.3,82.5,0.713,forest,305.5,dry,0.0993,low,True
2024-06-20 23:30:00,0.78,1.46,2.66,8.64,0.7754,26.25,2008.3,1.4,0.034,forest,751.2,wet,0.1505,low,True
2024-06-21 04:00:00,0.02,0.05,0.12,0.19,0.5245,22.92,1450.1,320.4,0.976,forest,452.1,normal,0.1033,low,True
2024-06-21 07:45:00,2.33,7.13,10.33,19.41,0.6146,36.32,1740.5,48.2,0.445,forest,281.9,normal,0.1618,low,True
2024-06-21 09:00:00,10.02,16.88,34.06,50.23,0.443,42.86,1201.8,145.2,3.357,forest,474.6,dry,0.3043,medium,True
2024-06-21 12:30:00,10.6,17.22,29.7,44.89,0.7838,35.97,2063.7,131.7,0.165,forest,1179.9,normal,0.2063,low,True
2024-06-21 14:45:00,44.91,93.47,103.67,152.08,0.5824,60.14,1515.5,59.1,0.921,agriculture,291.6,dry,0.5597,high,True
2024-06-21 17:15:00,0.03,0.07,0.13,0.27,0.4525,20.4,1357.1,215.6,0.112,urban,293.7,normal,0.1142,low,True
2024-06-21 18:00:00,0.02,0.03,0.05,0.13,0.2051,32.6,1104.6,330.7,0.203,forest,237.9,dry,0.1354,low,True
2024-06-21 20:00:00,8.15,18.91,24.14,54.42,0.4005,40.11,1201.0,184.9,0.21,barren,302.6,dry,0.2548,low,True
2024-06-21 22:30:00,1.58,3.06,7.18,14.99,0.5609,27.07,807.8,350.2,0.517,barren,362.9,normal,0.0719,low,True
2024-06-22 00:30:00,3.42,6.96,9.04,15.87,0.9147,46.52,1853.9,68.7,0.273,agriculture,90.0,wet,0.2741,low,True
2024-06-22 06:00:00,4.02,10.82,20.88,34.51,0.3481,35.47,1241.1,305.5,0.347,urban,303.8,dry,0.1884,low,True
2024-06-22 07:30:00,0.07,0.25,0.7,1.06,0.4941,38.54,1574.6,92.5,0.443,urban,14.7,normal,0.2706,low,True
2024-06-22 08:30:00,3.77,8.18,12.95,19.08,0.6113,37.91,2329.1,90.2,0.035,forest,982.8,normal,0.0873,low,True
2024-06-22 10:45:00,4.69,9.47,15.34,30.95,0.6784,34.23,1528.1,42.4,0.657,agriculture,23.5,normal,0.2609,low,True
2024-06-22 12:30:00,0.23,0.97,2.77,6.15,0.8279,26.59,1505.4,310.9,0.629,agriculture,1120.8,wet,0.1662,low,True
2024-06-22 13:15:00,0.2,0.39,0.8,1.87,0.5704,52.75,1569.6,261.0,2.008,forest,1225.7,normal,0.1457,low,True
2024-06-22 14:15:00,0.05,0.2,0.33,0.51,0.8248,29.52,1775.6,123.0,0.086,forest,271.9,wet,0.2505,low,True
2024-06-22 16:15:00,0.19,0.83,1.91,3.14,0.1693,41.7,1319.4,125.8,0.019,urban,151.4,dry,0.1596,low,True
2024-06-22 19:45:00,0.07,0.23,0.46,0.95,0.9553,33.88,2111.2,304.1,0.086,barren,81.6,wet,0.3316,medium,True
2024-06-22 21:00:00,0.69,1.16,1.95,6.13,0.1842,27.19,1678.0,333.9,0.329,forest,71.9,dry,0.1642,low,True
2024-06-23 03:30:00,6.95,15.62,25.73,52.28,0.5192,27.13,1274.3,216.9,0.144,forest,105.1,dry,0.3173,medium,True
2024-06-23 06:45:00,0.03,0.06,0.1,0.17,0.2151,28.51,1394.2,146.5,0.146,urban,236.3,dry,0.1271,low,True
2024-06-23 11:30:00,34.17,68.91,89.7,128.71,0.6607,43.23,2285.8,19.1,1.221,forest,485.4,dry,0.366,medium,True
2024-06-23 12:00:00,6.92,13.84,23.92,35.06,0.6418,27.83,1205.5,45.6,0.235,agriculture,188.0,normal,0.283,medium,True
2024-06-23 13:00:00,0.77,1.51,2.39,3.85,0.5402,23.36,1852.0,51.0,0.324,forest,541.6,normal,0.1167,low,True
2024-06-23 15:30:00,1.08,2.04,3.49,10.78,0.6096,18.29,1886.8,99.6,0.691,forest,301.0,normal,0.1355,low,True
2024-06-23 17:00:00,4.44,9.54,21.94,45.88,0.4998,45.52,955.0,92.5,0.249,forest,16.8,dry,0.2263,low,True
2024-06-23 18:00:00,8.71,18.32,25.11,47.98,0.7278,56.38,732.0,195.4,0.485,forest,59.5,normal,0.2992,medium,True
2024-06-23 19:00:00,2.56,7.8,16.08,24.08,0.6597,32.28,1406.3,339.9,0.444,forest,307.2,normal,0.1506,low,True
2024-06-23 19:15:00,3.6,11.57,20.28,46.25,0.7061,38.19,2083.3,310.2,0.182,agriculture,71.5,normal,0.2738,low,True
2024-06-23 19:45:00,6.22,17.9,29.31,46.16,0.4173,26.05,717.6,183.3,0.758,agriculture,338.1,dry,0.1692,low,True
2024-06-23 22:45:00,9.62,26.23,60.92,76.77,0.5108,32.66,1076.5,6.2,1.078,forest,216.3,dry,0.2414,low,True
2024-06-23 23:30:00,2.32,4.34,6.71,16.68,0.5231,22.33,2003.5,24.6,0.918,barren,420.0,normal,0.1372,low,True
2024-06-23 23:45:00,4.83,11.01,25.32,49.56,0.99,32.19,958.8,309.7,0.302,agriculture,130.6,wet,0.304,medium,True
2024-06-24 02:15:00,1.6,2.8,4.83,12.71,0.5719,65.0,2213.8,102.1,1.621,forest,613.4,normal,0.2023,low,True
2024-06-24 07:30:00,2.17,5.87,12.79,17.66,0.3224,17.83,3190.6,114.5,1.375,forest,182.4,dry,0.1539,low,True
2024-06-24 07:45:00,6.52,10.87,23.33,34.71,0.3299,27.13,1110.7,50.3,0.186,forest,567.5,dry,0.0745,low,True
2024-06-24 13:45:00,0.15,0.45,1.02,2.95,0.2508,38.05,2483.5,80.3,0.079,urban,16.8,dry,0.1654,low,True
2024-06-24 14:00:00,12.52,33.61,65.36,125.64,0.9379,49.4,1796.7,89.0,1.346,agriculture,184.8,normal,0.5583,high,True
2024-06-24 16:15:00,60.51,75.97,109.43,126.35,0.9023,49.57,1124.9,148.4,0.82,forest,97.0,normal,0.7138,high,True
2024-06-24 19:30:00,51.22,89.18,118.09,169.4,0.5982,34.23,2555.6,224.3,0.224,barren,215.2,dry,0.6454,high,True
2024-06-24 21:00:00,0.08,0.37,0.65,0.99,0.5128,31.26,1844.1,127.1,0.218,forest,1036.9,normal,0.1509,low,True
2024-06-24 23:00:00,0.48,1.02,1.83,3.05,0.4425,25.04,2314.1,162.0,0.233,forest,70.6,normal,0.2106,low,True
2024-06-25 00:00:00,1.5,3.05,5.62,8.53,0.5902,35.4,3007.4,65.5,1.185,agriculture,42.2,normal,0.2597,low,True
2024-06-25 01:15:00,0.13,0.44,0.7,1.26,0.2674,45.94,1535.5,20.3,0.165,barren,31.1,dry,0.167,low,True
2024-06-25 02:30:00,11.83,20.26,28.79,39.9,0.5742,42.57,1931.6,125.4,0.632,forest,56.1,normal,0.3343,medium,True
2024-06-25 05:30:00,0.51,1.1,2.07,5.2,0.4714,18.76,930.8,22.5,1.079,barren,32.4,normal,0.1718,low,True
2024-06-25 05:30:00,3.6,7.97,11.12,21.63,0.8751,22.3,1320.9,107.9,0.294,forest,414.0,wet,0.2148,low,True
2024-06-25 06:00:00,0.52,0.95,2.28,3.86,0.7483,30.31,1551.1,301.5,0.038,forest,53.7,wet,0.207,low,True
2024-06-25 11:00:00,64.13,88.26,119.25,147.24,0.4975,21.97,1727.0,132.1,0.853,urban,87.0,dry,0.75,critical,True
2024-06-25 11:30:00,0.12,0.51,1.03,1.6,0.2905,35.95,322.7,69.6,0.012,agriculture,373.0,dry,0.0392,low,True
2024-06-25 16:15:00,0.14,0.26,0.84,1.82,0.541,17.44,2529.2,324.7,1.066,barren,216.8,normal,0.1727,low,True
2024-06-25 23:30:00,0.28,0.69,1.78,3.17,0.5211,21.13,1980.5,230.2,0.269,barren,29.7,normal,0.1793,low,True
2024-06-26 01:00:00,0.26,0.47,1.18,2.15,0.8125,42.63,1910.0,355.8,0.97,urban,1245.2,wet,0.1646,low,True
2024-06-26 02:00:00,0.11,0.44,0.97,1.45,0.5959,40.51,2829.2,108.1,0.473,forest,330.6,normal,0.1838,low,True
2024-06-26 06:00:00,0.15,0.45,0.82,1.66,0.7888,18.4,2572.7,72.1,0.267,forest,343.0,wet,0.2254,low,True
2024-06-26 08:00:00,4.5,14.76,18.8,27.11,0.5874,43.22,1509.2,107.3,1.378,barren,680.1,normal,0.2007,low,True
2024-06-26 09:00:00,0.47,1.04,1.57,2.85,0.8701,24.79,1258.2,292.5,0.874,agriculture,849.3,wet,0.1728,low,True
2024-06-26 10:15:00,9.51,17.71,23.02,35.89,0.6294,52.88,1973.8,54.6,0.05,agriculture,30.6,normal,0.3051,medium,True
2024-06-26 10:30:00,0.31,0.61,1.7,3.59,0.4079,41.96,2530.9,86.8,1.601,forest,34.8,normal,0.2362,low,True
2024-06-26 11:45:00,0.03,0.14,0.23,0.4,0.5041,28.48,1510.8,252.6,0.378,forest,534.5,normal,0.1289,low,True
2024-06-26 13:30:00,0.26,0.64,1.03,2.63,0.7476,35.97,2133.6,265.7,0.097,agriculture,426.6,wet,0.2136,low,True
2024-06-26 14:15:00,0.18,0.44,0.71,1.77,0.2471,30.08,2623.8,345.2,0.885,forest,95.5,dry,0.1305,low,True
2024-06-26 16:00:00,0.26,0.61,1.16,2.22,0.8198,42.66,2192.9,352.9,0.437,forest,145.6,wet,0.1965,low,True
2024-06-26 16:15:00,0.35,0.75,1.42,3.24,0.5188,19.13,643.0,238.9,0.67,forest,340.5,normal,0.1104,low,True
2024-06-26 17:00:00,0.09,0.16,0.28,0.51,0.4977,34.79,883.1,130.6,0.711,forest,554.5,normal,0.1167,low,True
2024-06-26 18:00:00,0.04,0.12,0.36,0.53,0.7991,21.16,2789.8,163.1,0.132,barren,333.5,wet,0.1298,low,True
2024-06-26 18:45:00,0.34,1.62,3.1,4.96,0.8148,44.74,1665.9,158.1,2.122,barren,559.5,wet,0.2624,low,True
2024-06-26 19:00:00,15.58,48.96,86.53,109.38,0.99,38.5,1798.1,139.5,0.067,forest,100.9,wet,0.5475,high,True
2024-06-26 19:45:00,0.44,1.46,2.27,5.9,0.1692,16.48,1940.9,121.8,0.559,forest,150.7,dry,0.0926,low,True
2024-06-27 02:15:00,0.01,0.05,0.15,0.41,0.868,26.3,2459.2,60.4,0.095,agriculture,47.5,wet,0.2442,low,True
2024-06-27 02:15:00,0.01,0.03,0.05,0.09,0.4984,36.06,1130.3,131.8,1.259,forest,1475.6,normal,0.0702,low,True
2024-06-27 03:30:00,4.83,11.25,15.53,26.43,0.6967,16.14,1352.3,348.9,0.114,barren,589.4,normal,0.104,low,True
2024-06-27 03:30:00,0.78,1.46,2.6,7.88,0.8869,24.21,996.8,317.6,0.349,barren,450.3,wet,0.1707,low,True
2024-06-27 04:00:00,5.48,9.98,21.96,29.97,0.3219,38.1,361.6,222.2,0.055,urban,85.8,dry,0.1921,low,True
2024-06-27 07:30:00,8.14,17.58,22.51,39.49,0.4415,18.78,1846.0,69.4,0.357,agriculture,429.9,dry,0.1023,low,True
2024-06-27 08:00:00,0.23,0.66,1.8,2.89,0.4675,21.31,1080.5,316.3,0.002,forest,704.2,normal,0.1317,low,True
2024-06-27 08:45:00,0.44,1.77,3.41,7.41,0.2075,26.39,2177.5,112.3,0.352,agriculture,591.9,dry,0.0642,low,True
2024-06-27 13:30:00,0.12,0.21,0.55,0.96,0.4082,25.2,1236.0,196.5,0.699,forest,501.8,normal,0.0836,low,True
2024-06-27 14:15:00,3.65,6.32,11.19,25.62,0.4023,32.74,792.0,328.2,0.121,forest,181.4,dry,0.1475,low,True
2024-06-27 18:45:00,0.03,0.1,0.17,0.42,0.2629,50.91,2232.5,120.5,0.483,forest,519.8,dry,0.1122,low,True
2024-06-27 19:00:00,5.74,10.66,13.34,31.19,0.5982,34.29,1913.7,328.8,0.386,forest,242.0,normal,0.1556,low,True
2024-06-27 19:15:00,5.48,11.84,14.91,34.74,0.6684,30.74,1500.7,84.6,0.245,forest,191.4,normal,0.235,low,True
2024-06-27 19:15:00,0.13,0.26,0.53,1.68,0.2323,38.88,1534.3,334.3,0.667,forest,1181.2,dry,0.0654,low,True
2024-06-27 21:30:00,19.57,40.61,75.37,126.69,0.5657,27.67,1960.5,129.1,3.196,agriculture,65.5,dry,0.4514,medium,True
2024-06-27 21:30:00,5.15,15.19,31.0,44.45,0.6772,41.12,2621.0,134.9,1.666,urban,710.1,normal,0.2675,low,True
2024-06-27 22:00:00,0.48,1.73,4.05,11.49,0.8912,29.64,1841.0,199.1,2.106,forest,146.1,wet,0.2977,medium,True
2024-06-27 22:00:00,0.29,0.8,1.35,2.99,0.8925,43.38,1881.9,124.9,0.012,agriculture,264.3,wet,0.2663,low,True
2024-06-27 22:15:00,0.42,1.67,3.51,6.87,0.3132,22.23,1325.8,162.0,0.178,forest,167.8,dry,0.1403,low,True
2024-06-27 22:45:00,0.03,0.07,0.14,0.42,0.5184,23.41,1458.3,180.5,1.536,urban,254.8,normal,0.1277,low,True
2024-06-27 23:15:00,9.92,15.77,20.54,33.26,0.3804,38.0,300.0,176.8,0.03,forest,607.1,dry,0.0616,low,True
2024-06-27 23:45:00,0.35,0.6,1.25,2.44,0.4328,26.14,1034.1,346.0,0.272,barren,80.7,normal,0.0897,low,True
2024-06-28 01:45:00,58.23,91.4,105.17,146.66,0.99,32.88,960.9,101.4,0.634,forest,502.0,wet,0.7853,critical,True
2024-06-28 03:00:00,0.56,1.5,2.31,6.55,0.5102,33.66,944.8,102.4,2.444,barren,216.6,normal,0.1357,low,True
2024-06-28 04:00:00,0.49,1.56,2.43,5.77,0.6079,22.46,1370.9,301.7,0.194,forest,966.4,normal,0.1134,low,True
2024-06-28 04:00:00,3.11,5.62,11.12,17.23,0.2892,28.21,1434.5,141.1,0.867,forest,287.1,dry,0.1338,low,True
2024-06-28 09:45:00,2.51,6.98,10.0,21.82,0.8397,21.92,960.9,26.4,0.648,forest,24.8,wet,0.2769,low,True
2024-06-28 12:00:00,0.03,0.05,0.08,0.25,0.4506,27.13,2355.1,173.3,0.57,forest,853.6,normal,0.0725,low,True
2024-06-28 15:15:00,0.33,0.57,1.14,2.87,0.5762,32.38,1959.4,198.1,0.815,barren,914.2,normal,0.0964,low,True
2024-06-28 15:15:00,0.01,0.05,0.07,0.23,0.4901,39.51,1723.8,222.4,0.176,agriculture,79.4,normal,0.2277,low,True
2024-06-28 17:15:00,0.75,1.42,3.42,5.45,0.1655,54.35,1987.3,84.6,0.248,forest,1269.8,dry,0.0775,low,True
2024-06-28 17:45:00,5.75,18.53,25.11,34.47,0.9557,42.55,568.5,350.4,0.493,urban,216.6,wet,0.4013,medium,True
2024-06-28 19:00:00,6.47,16.18,20.67,36.65,0.3595,34.09,551.5,265.3,0.347,agriculture,870.4,dry,0.1291,low,True
2024-06-28 19:45:00,0.04,0.17,0.53,0.81,0.4702,52.73,2330.9,259.3,0.768,urban,168.4,normal,0.188,low,True
2024-06-28 23:45:00,0.44,0.93,1.39,4.01,0.5988,24.85,3029.1,314.2,0.968,forest,18.0,normal,0.2205,low,True
2024-06-29 00:15:00,9.2,14.97,22.65,53.9,0.5707,42.65,1632.7,9.4,0.45,urban,564.7,dry,0.2419,low,True
2024-06-29 01:00:00,3.97,6.39,13.63,33.41,0.3191,19.25,2950.3,220.7,0.3,forest,769.5,dry,0.0835,low,True
2024-06-29 03:45:00,16.59,46.64,78.88,96.84,0.8017,30.38,1600.7,294.4,1.457,agriculture,72.2,normal,0.468,medium,True
2024-06-29 08:30:00,0.56,2.24,4.83,7.15,0.4304,30.06,1174.8,12.4,0.831,forest,292.6,normal,0.1597,low,True
2024-06-29 12:30:00,7.02,13.06,16.39,28.72,0.3513,25.29,2188.2,272.2,0.671,agriculture,633.4,dry,0.1211,low,True
2024-06-29 13:15:00,3.39,6.66,12.86,26.25,0.4129,28.26,309.6,356.3,0.035,agriculture,226.7,dry,0.2044,low,True
2024-06-29 13:30:00,15.57,44.67,68.02,113.25,0.99,32.89,1247.6,213.6,0.45,forest,553.5,wet,0.5107,medium,True
2024-06-29 16:00:00,0.42,1.84,3.51,8.78,0.893,22.58,1103.4,152.9,0.078,urban,365.7,wet,0.199,low,True
2024-06-29 16:15:00,0.03,0.05,0.11,0.29,0.845,34.59,880.1,163.3,0.648,urban,456.5,wet,0.1881,low,True
2024-06-29 17:45:00,0.29,0.75,2.09,3.99,0.5161,16.44,1300.9,244.6,0.214,urban,888.9,normal,0.0884,low,True
2024-06-29 17:45:00,0.07,0.19,0.5,1.48,0.5343,19.9,1774.3,205.2,0.805,urban,198.7,normal,0.1063,low,True
2024-06-29 18:45:00,2.0,6.2,12.47,20.51,0.2976,25.92,2386.9,283.5,0.903,barren,525.9,dry,0.1094,low,True
2024-06-29 20:15:00,13.02,32.41,47.13,59.3,0.4791,21.98,2224.9,151.8,0.214,urban,446.5,dry,0.2161,low,True
2024-06-29 22:30:00,2.37,7.61,17.29,25.51,0.9629,25.73,643.8,150.2,2.245,urban,212.3,wet,0.2895,medium,True
2024-06-30 00:45:00,1.08,1.96,3.49,5.08,0.8725,21.21,2973.9,268.5,0.436,forest,178.0,wet,0.2333,low,True
2024-06-30 02:00:00,0.25,0.52,1.12,2.11,0.806,36.33,2347.8,232.4,0.147,barren,756.1,wet,0.1946,low,True
2024-06-30 05:15:00,0.09,0.35,0.61,1.22,0.5051,63.24,1624.3,280.1,0.896,urban,90.2,normal,0.2228,low,True
2024-06-30 05:30:00,0.16,0.45,0.65,1.32,0.8259,29.62,2407.3,319.4,0.858,barren,144.2,wet,0.331,medium,True
2024-06-30 08:00:00,3.81,6.95,15.92,31.03,0.9766,33.13,1047.2,94.8,0.321,forest,1293.9,wet,0.235,low,True
2024-06-30 11:00:00,0.17,0.66,2.15,4.83,0.4948,30.67,2106.8,113.4,0.645,forest,123.7,normal,0.1918,low,True
2024-06-30 14:30:00,2.21,6.07,11.37,23.67,0.2521,21.17,439.2,189.7,0.013,barren,730.8,dry,0.0661,low,True
2024-06-30 16:45:00,0.27,1.1,1.6,2.89,0.4555,42.12,1415.7,335.0,0.207,urban,172.5,normal,0.1585,low,True
2024-06-30 18:30:00,0.37,1.01,1.83,2.77,0.198,55.16,2418.5,300.5,1.28,forest,290.4,dry,0.1448,low,True
2024-06-30 18:45:00,0.55,1.69,2.97,5.67,0.8589,33.73,1325.1,168.6,0.158,forest,187.8,wet,0.2744,low,True
2024-06-30 19:45:00,0.24,0.83,1.89,4.02,0.5189,34.16,1351.4,206.3,1.416,forest,97.5,normal,0.199,low,True
2024-06-30 19:45:00,0.6,1.36,3.74,10.87,0.5174,43.35,1237.6,256.4,0.52,agriculture,421.2,normal,0.1276,low,True
2024-06-30 20:45:00,1.16,2.46,5.26,8.21,0.5396,50.67,1481.7,188.2,1.399,forest,1199.8,normal,0.0838,low,True
2024-06-30 21:45:00,2.21,5.79,14.43,28.22,0.5755,25.23,992.9,35.4,0.084,agriculture,791.6,normal,0.1574,low,True
2024-06-30 22:15:00,5.11,9.96,20.31,32.71,0.3341,41.63,2549.2,127.0,0.374,urban,1486.4,dry,0.1918,low,True
2024-07-01 02:00:00,0.21,0.74,1.78,4.9,0.8888,53.97,880.5,17.1,0.211,agriculture,421.2,wet,0.2822,medium,True
2024-07-01 02:00:00,0.51,1.5,3.21,9.73,0.3186,22.14,1794.3,241.2,1.308,forest,22.3,dry,0.1924,low,True
2024-07-01 04:00:00,0.2,0.48,1.18,2.35,0.9217,27.31,2107.4,121.4,0.251,urban,292.7,wet,0.2039,low,True
2024-07-01 05:15:00,86.37,119.58,156.53,173.39,0.99,45.98,1158.5,265.8,0.533,agriculture,351.0,wet,0.8826,critical,True
2024-07-01 05:45:00,102.12,122.22,145.12,162.77,0.5457,25.36,726.3,154.7,1.055,forest,54.8,dry,0.5785,high,True
2024-07-01 06:15:00,3.49,7.49,16.09,28.82,0.9324,30.92,1253.2,16.4,0.156,agriculture,627.0,wet,0.2024,low,True
2024-07-01 07:30:00,8.61,15.0,26.16,52.38,0.7579,28.21,1362.5,136.7,0.028,agriculture,468.4,normal,0.2671,low,True
2024-07-01 08:15:00,1.14,1.96,3.31,5.38,0.4847,26.37,2151.3,78.7,0.409,barren,218.2,normal,0.0986,low,True
2024-07-01 12:00:00,2.57,5.86,13.45,19.77,0.5974,24.59,1511.3,77.1,0.691,urban,130.9,normal,0.2877,medium,True
2024-07-01 14:00:00,0.05,0.1,0.23,0.68,0.5104,44.12,1601.5,135.9,0.762,forest,97.8,normal,0.1616,low,True
2024-07-01 14:45:00,0.95,2.24,4.24,14.04,0.2281,60.64,756.8,352.2,0.324,forest,1177.9,dry,0.1329,low,True
2024-07-01 15:00:00,0.6,1.09,1.9,3.62,0.8082,33.09,1483.7,345.6,0.049,forest,577.0,wet,0.1065,low,True
2024-07-01 16:00:00,0.41,0.72,2.22,7.21,0.5236,48.04,2461.9,289.2,0.31,barren,423.8,normal,0.1568,low,True
2024-07-01 16:15:00,9.35,16.85,23.66,40.71,0.3695,19.98,2257.7,88.4,0.078,barren,1047.3,dry,0.0751,low,True
2024-07-01 18:00:00,0.3,0.64,1.35,2.74,0.5481,44.25,1298.2,275.0,0.045,forest,89.6,normal,0.1973,low,True
2024-07-01 18:15:00,9.79,19.69,28.98,53.21,0.689,26.98,2098.1,5.5,0.217,forest,692.2,normal,0.2008,low,True
2024-07-01 20:45:00,0.31,0.58,0.93,1.46,0.4383,24.8,1515.9,20.3,0.901,urban,316.5,normal,0.1111,low,True
2024-07-02 02:00:00,2.39,4.84,9.63,18.42,0.1905,38.84,1902.5,300.9,0.878,urban,956.3,dry,0.1066,low,True
2024-07-02 02:15:00,0.09,0.27,0.7,1.04,0.429,37.3,1423.3,203.1,0.562,forest,388.2,normal,0.1702,low,True
2024-07-02 05:30:00,0.34,1.04,1.64,2.64,0.3441,35.41,1020.0,134.4,1.05,barren,483.5,dry,0.1044,low,True
2024-07-02 05:30:00,40.94,59.88,94.38,125.81,0.9433,24.06,989.4,266.6,0.417,agriculture,98.0,normal,0.66,high,True
2024-07-02 11:00:00,1.25,3.38,6.42,15.57,0.8513,47.45,1916.2,41.2,0.167,forest,158.1,wet,0.3164,medium,True
2024-07-02 12:00:00,6.57,19.59,27.39,38.41,0.3711,26.26,300.0,103.2,0.506,forest,136.0,dry,0.1853,low,True
2024-07-02 12:30:00,1.9,5.59,9.28,19.8,0.2727,34.4,2238.6,261.9,1.54,forest,424.6,dry,0.1472,low,True
2024-07-02 12:45:00,0.17,0.64,0.95,2.37,0.7839,26.01,1455.8,74.6,0.022,forest,195.4,wet,0.1815,low,True
2024-07-02 17:15:00,0.14,0.52,1.33,2.76,0.2816,34.51,1214.5,216.2,2.009,agriculture,698.1,dry,0.1708,low,True
2024-07-02 19:45:00,0.37,1.16,1.91,3.59,0.242,22.77,2199.2,161.2,0.818,forest,93.6,dry,0.1494,low,True
2024-07-02 20:45:00,10.97,20.65,35.21,50.29,0.7099,32.8,300.0,72.9,0.695,forest,565.8,normal,0.2093,low,True
2024-07-02 20:45:00,3.98,9.99,15.59,21.21,0.9082,26.81,1877.3,319.8,0.571,agriculture,597.3,wet,0.2084,low,True
2024-07-02 21:00:00,0.48,1.42,3.35,5.34,0.9398,15.07,2584.4,156.8,0.179,forest,356.0,wet,0.1566,low,True
2024-07-02 21:45:00,8.13,20.95,31.12,48.58,0.99,33.19,776.9,215.6,1.302,barren,66.2,wet,0.3548,medium,True
2024-07-02 22:00:00,111.49,156.25,192.4,212.18,0.9335,27.42,1327.3,91.1,2.134,forest,148.5,normal,0.824,critical,True
2024-07-02 22:45:00,17.47,52.1,68.6,92.87,0.99,31.85,1871.5,124.8,1.547,agriculture,187.5,wet,0.5456,high,True
2024-07-03 00:30:00,0.17,0.47,1.12,1.84,0.2546,43.61,657.6,17.6,0.069,urban,229.2,dry,0.0985,low,True
2024-07-03 04:30:00,0.6,1.04,2.93,9.72,0.4951,39.69,1747.6,174.0,0.8,forest,477.1,normal,0.1664,low,True
2024-07-03 06:15:00,4.61,8.17,10.54,18.63,0.6548,62.43,3212.4,124.1,0.488,agriculture,154.6,normal,0.2647,low,True
2024-07-03 06:30:00,0.35,0.69,1.13,2.28,0.1631,55.03,1796.3,118.6,0.932,forest,16.4,dry,0.1465,low,True
2024-07-03 09:15:00,0.62,1.18,3.57,5.18,0.6012,32.19,1776.4,320.4,0.261,urban,713.7,normal,0.1623,low,True
2024-07-03 12:00:00,0.17,0.51,1.18,1.92,0.5065,28.45,877.7,253.4,1.887,barren,208.2,normal,0.1992,low,True
2024-07-03 13:45:00,0.12,0.27,0.86,2.45,0.4197,29.05,2397.8,164.6,0.225,forest,126.4,normal,0.1594,low,True
2024-07-03 14:45:00,0.2,0.6,1.13,2.96,0.5159,26.23,300.0,70.3,0.804,agriculture,608.6,normal,0.1835,low,True
2024-07-03 15:15:00,5.35,9.66,16.87,42.07,0.7795,44.55,1578.0,350.4,0.42,forest,748.7,normal,0.218,low,True
2024-07-03 15:30:00,8.86,13.72,20.78,30.23,0.6267,12.78,2149.5,26.9,0.576,urban,469.6,normal,0.2357,low,True
2024-07-03 17:45:00,0.26,0.58,1.26,1.88,0.3089,36.42,300.0,49.0,0.074,forest,163.1,dry,0.1282,low,True
2024-07-03 21:30:00,6.08,9.56,18.54,33.42,0.6768,29.77,391.4,97.3,0.566,barren,102.0,normal,0.2895,medium,True
2024-07-03 22:30:00,12.25,26.22,58.13,94.6,0.6719,30.35,713.5,343.6,0.497,forest,446.7,dry,0.1933,low,True
2024-07-04 04:15:00,7.63,13.03,21.93,49.77,0.4356,28.1,2423.7,100.4,0.761,agriculture,30.7,dry,0.2619,low,True
2024-07-04 06:30:00,8.85,13.96,24.67,52.37,0.99,42.07,1218.1,176.9,0.204,urban,183.6,wet,0.4566,medium,True
2024-07-04 08:30:00,0.14,0.33,0.64,1.63,0.2085,29.75,2137.9,274.0,1.071,barren,507.8,dry,0.121,low,True
2024-07-04 09:00:00,5.93,11.25,15.36,31.51,0.3696,35.45,2041.1,334.5,1.743,forest,317.9,dry,0.1718,low,True
2024-07-04 10:45:00,0.46,1.04,1.63,3.38,0.2079,30.23,603.6,217.8,1.282,agriculture,473.3,dry,0.1041,low,True
2024-07-04 12:00:00,9.14,17.94,24.93,33.54,0.9457,32.26,1366.3,138.3,0.298,forest,307.8,wet,0.2746,low,True
2024-07-04 12:00:00,5.02,11.68,20.64,27.81,0.3374,23.33,1463.2,354.8,0.862,forest,105.9,dry,0.1612,low,True
2024-07-04 16:00:00,10.01,19.15,26.91,40.22,0.6919,24.72,1906.6,9.4,0.273,forest,241.0,normal,0.2593,low,True
2024-07-04 19:00:00,8.86,18.69,26.53,44.06,0.3864,65.0,1736.6,299.6,1.193,forest,529.1,dry,0.1714,low,True
2024-07-04 20:30:00,0.13,0.45,1.06,1.66,0.8093,22.54,1560.6,99.9,0.282,agriculture,101.7,wet,0.2626,low,True
2024-07-05 00:15:00,0.51,1.06,1.64,4.32,0.878,38.64,2298.9,294.3,0.124,forest,1164.1,wet,0.1848,low,True
2024-07-05 00:30:00,1.94,3.62,8.36,20.63,0.6114,55.09,2290.2,58.4,0.403,agriculture,89.4,normal,0.2725,low,True
2024-07-05 03:45:00,0.15,0.7,1.59,2.56,0.8493,28.5,731.1,124.9,0.087,forest,15.0,wet,0.2206,low,True
2024-07-05 05:30:00,4.07,9.47,17.87,43.33,0.7058,17.46,1330.9,20.1,0.53,forest,536.9,normal,0.1708,low,True
2024-07-05 07:00:00,4.24,9.75,12.34,18.43,0.9596,32.83,1619.0,71.9,0.516,barren,932.8,wet,0.2955,medium,True
2024-07-05 07:00:00,0.08,0.24,0.39,1.1,0.7977,63.75,1650.8,217.0,0.405,forest,109.1,wet,0.2337,low,True
2024-07-05 08:15:00,11.04,17.51,27.28,51.56,0.4462,34.28,1930.4,274.1,0.555,forest,69.0,dry,0.2322,low,True
2024-07-05 09:00:00,0.37,0.9,1.9,5.93,0.5446,23.79,1823.9,328.0,2.221,forest,98.7,normal,0.2091,low,True
2024-07-05 09:15:00,78.95,123.67,139.86,171.91,0.99,24.08,1957.3,43.1,0.29,agriculture,356.0,wet,0.8279,critical,True
2024-07-05 09:45:00,0.31,1.15,1.87,3.57,0.5754,36.55,2027.9,50.6,0.33,agriculture,312.8,normal,0.1445,low,True
2024-07-05 13:00:00,3.98,8.52,17.34,28.94,0.9019,39.44,1430.2,338.0,0.192,forest,349.9,wet,0.2602,low,True
2024-07-05 13:15:00,0.4,0.8,1.47,4.62,0.589,42.55,1397.7,275.8,0.122,forest,12.7,normal,0.2785,low,True
2024-07-05 13:15:00,6.99,21.97,34.02,47.71,0.7244,21.85,2436.9,194.3,0.205,urban,69.8,normal,0.3908,medium,True
2024-07-05 14:30:00,16.72,50.04,85.71,121.13,0.865,31.57,1302.2,171.6,0.143,urban,107.5,normal,0.5955,high,True
2024-07-05 14:30:00,0.29,0.8,1.58,2.29,0.7125,19.2,2043.9,56.8,0.34,forest,428.0,wet,0.1487,low,True
2024-07-05 17:30:00,0.17,0.35,0.98,1.42,0.4842,19.62,1146.6,136.5,0.159,agriculture,338.4,normal,0.1695,low,True
2024-07-05 19:15:00,0.05,0.19,0.35,0.66,0.2542,31.5,1800.8,134.1,0.437,forest,352.3,dry,0.0334,low,True
2024-07-05 22:45:00,0.44,2.18,3.16,9.16,0.614,42.79,1844.2,233.4,0.202,forest,306.0,normal,0.1636,low,True
2024-07-05 23:15:00,5.68,9.81,15.13,37.46,0.99,27.78,1989.4,215.6,0.332,forest,487.6,wet,0.2682,low,True
2024-07-06 03:30:00,0.54,1.02,1.65,2.79,0.578,27.36,2554.2,21.5,0.083,agriculture,1004.7,normal,0.0673,low,True
2024-07-06 09:15:00,0.62,1.05,2.56,4.36,0.1829,22.37,1000.4,305.5,0.107,forest,401.8,dry,0.0628,low,True
2024-07-06 09:45:00,92.47,139.56,170.38,186.89,0.672,35.5,1689.5,337.5,0.571,urban,488.2,dry,0.7756,critical,True
2024-07-06 11:00:00,0.25,0.58,1.04,2.2,0.848,23.39,1997.4,280.9,0.5,agriculture,337.9,wet,0.1868,low,True
2024-07-06 16:30:00,0.87,3.02,4.71,7.34,0.1976,40.32,1999.0,64.2,0.113,forest,569.2,dry,0.1281,low,True
2024-07-06 17:15:00,0.52,1.18,2.46,5.33,0.5162,23.49,1414.3,62.0,0.21,barren,1012.6,normal,0.0908,low,True
2024-07-06 21:30:00,0.01,0.02,0.04,0.12,0.1494,29.39,1830.8,261.4,0.15,forest,335.2,dry,0.0706,low,True
2024-07-06 22:45:00,0.81,1.78,3.0,8.61,0.3078,37.37,1588.6,158.7,0.958,forest,79.9,dry,0.1822,low,True
2024-07-06 23:00:00,2.52,6.5,12.25,18.47,0.6321,41.33,2044.0,280.4,0.272,forest,524.8,normal,0.1724,low,True
2024-07-06 23:30:00,3.28,5.73,9.22,19.03,0.3057,22.97,1552.7,27.2,0.312,forest,378.3,dry,0.0493,low,True
2024-07-06 23:45:00,7.44,16.87,23.77,32.06,0.981,20.64,1561.6,257.9,0.656,forest,959.2,wet,0.2503,low,True
2024-07-07 00:45:00,66.32,96.71,129.13,155.12,0.9037,43.63,1762.6,152.7,0.236,forest,121.2,normal,0.6949,high,True
2024-07-07 01:45:00,0.31,1.22,1.81,3.31,0.5212,26.71,1300.5,11.2,0.285,forest,1237.7,normal,0.0996,low,True
2024-07-07 02:45:00,0.12,0.26,0.59,0.98,0.4273,32.47,1144.5,196.3,0.959,forest,290.9,normal,0.0818,low,True
2024-07-07 04:00:00,0.3,0.68,1.07,3.48,0.8811,28.89,804.2,251.7,0.949,urban,1173.5,wet,0.2149,low,True
2024-07-07 08:30:00,0.12,0.33,0.59,1.63,0.4206,21.12,1519.1,190.2,0.557,forest,546.4,normal,0.0429,low,True
2024-07-07 09:30:00,20.92,52.05,102.87,131.05,0.5961,28.25,1159.0,44.2,0.491,forest,713.4,dry,0.2852,medium,True
2024-07-07 13:45:00,0.49,1.66,4.9,10.02,0.2973,36.88,1422.2,293.7,0.12,urban,147.0,dry,0.1637,low,True
2024-07-07 14:45:00,38.81,55.82,93.51,134.36,0.8421,15.8,2343.0,114.2,0.385,agriculture,96.7,normal,0.6484,high,True
2024-07-07 15:15:00,0.37,0.74,2.41,3.51,0.7901,22.99,1441.2,331.7,0.192,agriculture,352.4,wet,0.223,low,True
2024-07-07 19:15:00,0.05,0.2,0.65,1.89,0.449,27.39,2354.7,326.5,0.785,forest,174.1,normal,0.1173,low,True
2024-07-07 20:00:00,80.82,127.36,138.01,151.15,0.5287,37.25,1831.3,72.1,0.593,agriculture,1501.4,dry,0.5612,high,True
2024-07-07 20:15:00,0.56,2.6,5.32,14.46,0.4822,43.65,1431.0,171.5,0.285,forest,249.5,normal,0.1957,low,True
2024-07-07 23:45:00,8.51,21.99,35.16,52.9,0.7591,23.96,988.0,49.5,0.46,agriculture,51.0,normal,0.3967,medium,True
2024-07-08 02:30:00,0.21,0.69,1.21,2.9,0.5592,49.64,1531.9,244.0,0.328,urban,251.8,normal,0.199,low,True
2024-07-08 03:15:00,0.31,0.69,2.11,3.48,0.1233,65.0,1358.9,306.7,0.095,agriculture,278.1,dry,0.1019,low,True
2024-07-08 05:45:00,1.16,3.79,7.3,15.25,0.2644,37.79,2310.5,233.4,0.911,forest,11.7,dry,0.2033,low,True
2024-07-08 06:15:00,4.04,11.19,19.91,31.78,0.4163,35.63,2781.3,93.8,1.371,agriculture,108.6,dry,0.2612,low,True
2024-07-08 06:45:00,0.41,0.82,1.86,5.14,0.297,20.38,2218.7,27.5,1.599,agriculture,10.5,dry,0.2352,low,True
2024-07-08 10:00:00,5.03,13.62,25.33,54.98,0.99,24.91,1155.6,24.9,0.934,agriculture,298.1,wet,0.2719,low,True
2024-07-08 14:15:00,0.08,0.34,0.61,0.87,0.1066,22.77,1632.9,219.9,1.034,agriculture,130.9,dry,0.1341,low,True
2024-07-08 17:00:00,0.02,0.09,0.16,0.35,0.4414,21.82,1463.9,343.2,0.034,agriculture,76.6,normal,0.1936,low,True
2024-07-08 17:00:00,0.13,0.44,0.65,1.15,0.4446,38.8,1246.4,250.3,0.914,agriculture,648.3,normal,0.1237,low,True
2024-07-08 21:15:00,19.23,30.31,68.68,101.61,0.8943,32.24,1545.4,263.0,0.217,urban,20.7,normal,0.6015,high,True
2024-07-08 21:15:00,2.13,6.37,10.25,15.13,0.9176,24.17,1520.6,118.5,0.089,barren,421.8,wet,0.2843,medium,True
2024-07-08 23:00:00,11.3,19.95,26.6,41.64,0.6778,35.23,2702.0,211.0,0.443,forest,307.8,normal,0.2246,low,True
2024-07-08 23:45:00,24.53,48.42,60.95,87.48,0.99,42.32,1797.3,114.0,0.507,barren,526.8,wet,0.6096,high,True
2024-07-08 23:45:00,0.15,0.67,1.5,2.52,0.1496,43.67,2095.5,324.6,0.398,forest,59.7,dry,0.1477,low,True
2024-07-09 01:45:00,22.16,35.63,65.4,95.96,0.5317,51.64,2229.0,47.7,0.635,barren,728.4,dry,0.3576,medium,True
2024-07-09 02:00:00,0.26,0.45,0.9,1.98,0.202,36.19,2053.1,227.5,0.752,forest,145.8,dry,0.1458,low,True
2024-07-09 02:15:00,0.31,0.85,2.11,4.03,0.222,21.2,2418.9,263.1,0.088,agriculture,13.0,dry,0.1936,low,True
2024-07-09 03:45:00,0.06,0.19,0.52,1.05,0.4417,42.95,1377.1,251.5,0.576,barren,384.2,normal,0.1292,low,True
2024-07-09 05:00:00,102.92,150.6,172.29,182.82,0.99,25.72,2175.7,92.6,0.034,forest,696.5,wet,0.7942,critical,True
2024-07-09 08:45:00,106.22,148.92,171.39,212.37,0.4613,36.08,2777.2,175.0,0.357,barren,162.8,dry,0.6983,high,True
2024-07-09 13:30:00,32.75,54.14,92.13,138.94,0.99,65.0,1167.4,238.8,0.063,agriculture,272.5,wet,0.6924,high,True
2024-07-09 14:30:00,5.78,15.77,28.89,46.84,0.6952,56.67,1396.2,335.1,0.358,forest,196.1,normal,0.1597,low,True
2024-07-09 15:15:00,16.13,26.37,44.6,67.93,0.8862,51.39,1351.1,179.9,0.116,forest,25.2,normal,0.3865,medium,True
2024-07-09 17:15:00,2.84,9.02,11.58,24.62,0.3459,27.24,2893.3,108.2,0.796,urban,499.6,dry,0.1177,low,True
2024-07-09 19:45:00,2.59,5.26,10.24,23.72,0.267,41.7,961.9,139.1,1.379,forest,1003.4,dry,0.1339,low,True
2024-07-10 07:15:00,6.52,21.59,28.21,42.06,0.99,35.74,1666.2,194.9,0.111,agriculture,200.7,wet,0.3427,medium,True
2024-07-10 09:45:00,2.78,7.87,18.69,30.42,0.4027,55.78,1895.3,351.5,0.801,barren,64.6,dry,0.2984,medium,True
2024-07-10 15:45:00,7.69,13.78,28.86,50.26,0.99,28.11,1270.4,226.2,0.095,urban,256.2,wet,0.4466,medium,True
2024-07-10 16:45:00,0.38,1.06,3.26,5.22,0.5547,30.92,1005.1,55.7,0.341,barren,833.0,normal,0.1694,low,True
2024-07-10 17:00:00,0.73,2.89,4.32,6.87,0.8634,26.62,1108.1,303.5,0.589,agriculture,335.8,wet,0.2543,low,True
2024-07-10 17:15:00,8.19,14.89,28.02,50.56,0.6988,53.83,1449.7,65.3,0.463,urban,93.5,normal,0.393,medium,True
2024-07-10 17:30:00,0.35,0.67,1.39,2.36,0.2255,33.18,1279.2,13.9,0.035,barren,292.0,dry,0.0817,low,True
2024-07-10 19:15:00,6.62,20.65,31.12,52.87,0.7695,34.31,2466.0,36.1,0.27,barren,148.5,normal,0.3459,medium,True
2024-07-10 20:30:00,7.84,17.88,22.67,39.88,0.3763,31.51,1284.4,283.0,0.381,forest,18.3,dry,0.1858,low,True
2024-07-10 21:30:00,0.2,0.33,0.87,1.31,0.433,37.22,1278.5,324.7,0.298,forest,867.2,normal,0.1732,low,True
2024-07-10 22:00:00,2.74,5.75,9.77,23.07,0.2682,65.0,1836.7,96.6,0.657,agriculture,563.7,dry,0.0627,low,True
2024-07-10 22:15:00,0.03,0.07,0.12,0.19,0.4633,23.77,1774.2,179.3,1.314,agriculture,912.3,normal,0.1177,low,True
2024-07-11 00:15:00,0.62,1.48,2.31,4.52,0.2736,36.45,300.0,215.0,0.661,forest,411.9,dry,0.1152,low,True
2024-07-11 00:45:00,76.75,98.69,110.9,131.46,0.99,17.83,1078.5,150.7,0.535,forest,219.1,wet,0.8036,critical,True
2024-07-11 01:00:00,0.51,1.18,2.07,5.15,0.4956,42.35,1296.8,23.5,0.097,agriculture,247.9,normal,0.1846,low,True
2024-07-11 01:00:00,0.29,0.67,2.19,3.79,0.7363,33.97,993.2,20.4,0.257,forest,90.1,wet,0.2505,low,True
2024-07-11 05:15:00,2.85,5.45,10.51,19.56,0.3104,30.16,2177.4,158.5,0.477,forest,180.9,dry,0.176,low,True
2024-07-11 05:30:00,10.22,21.15,30.77,53.58,0.8144,54.52,702.5,287.2,1.631,forest,72.6,normal,0.3735,medium,True
2024-07-11 06:30:00,0.15,0.32,0.6,0.92,0.4111,65.0,2230.6,30.5,0.218,barren,234.5,normal,0.1124,low,True
2024-07-11 06:30:00,4.24,9.27,12.56,24.49,0.6001,40.16,330.7,74.0,0.247,agriculture,373.4,normal,0.205,low,True
2024-07-11 06:45:00,0.24,0.58,0.9,2.29,0.8214,39.31,1648.6,97.1,0.534,forest,113.8,wet,0.2295,low,True
2024-07-11 07:45:00,114.53,130.67,157.23,169.86,0.99,37.72,2538.5,201.3,1.38,forest,1017.4,wet,0.8044,critical,True
2024-07-11 07:45:00,0.09,0.3,0.43,1.04,0.1718,21.0,1243.1,15.6,0.47,agriculture,374.3,dry,0.1204,low,True
2024-07-11 08:30:00,1.28,2.76,6.65,12.09,0.918,15.36,1614.0,309.6,0.115,barren,96.9,wet,0.2193,low,True
2024-07-11 13:15:00,2.27,4.75,7.56,15.67,0.5399,55.68,2216.6,169.5,0.047,agriculture,74.0,normal,0.2653,low,True
2024-07-11 13:45:00,0.03,0.05,0.09,0.13,0.8611,33.06,2199.6,174.7,1.319,forest,75.2,wet,0.2129,low,True
2024-07-11 14:45:00,3.46,9.25,19.86,37.95,0.653,33.98,1781.4,117.5,0.665,forest,1285.4,normal,0.1313,low,True
2024-07-11 18:30:00,9.43,25.81,34.67,49.45,0.99,34.91,1490.9,76.3,0.149,barren,104.5,wet,0.4187,medium,True
2024-07-11 18:30:00,4.73,8.69,10.91,20.01,0.9305,46.3,1484.7,130.9,0.774,forest,74.5,wet,0.3425,medium,True
2024-07-11 19:00:00,4.59,9.8,15.84,24.08,0.2031,20.91,765.9,328.8,0.763,agriculture,72.7,dry,0.1804,low,True
2024-07-11 20:30:00,0.06,0.1,0.21,0.53,0.3725,24.02,985.1,33.9,0.887,forest,157.7,normal,0.1742,low,True
2024-07-11 20:45:00,0.24,0.78,1.68,4.53,0.266,55.56,1621.6,21.9,1.336,forest,344.4,dry,0.2437,low,True
2024-07-11 23:30:00,0.16,0.3,0.69,1.01,0.56,32.09,1764.1,41.2,0.099,forest,38.8,normal,0.2146,low,True
2024-07-12 01:00:00,0.28,0.74,1.91,2.87,0.8823,32.9,3142.5,279.7,1.884,agriculture,70.8,wet,0.31,medium,True
2024-07-12 01:30:00,21.39,43.56,87.77,127.36,0.99,31.94,2068.4,17.4,3.91,forest,1322.1,wet,0.5996,high,True
2024-07-12 05:30:00,6.36,12.16,24.42,42.23,0.7361,55.3,1390.7,119.9,0.009,forest,346.6,normal,0.2425,low,True
2024-07-12 07:30:00,0.0,0.01,0.02,0.05,0.4897,27.37,1906.2,152.9,0.057,forest,62.7,normal,0.1416,low,True
2024-07-12 08:00:00,0.09,0.24,0.64,1.66,0.2,29.71,541.7,182.6,0.341,forest,289.6,dry,0.0619,low,True
2024-07-12 09:30:00,20.84,38.42,58.69,87.47,0.5625,49.21,1650.7,1.2,0.021,forest,106.5,dry,0.3385,medium,True
2024-07-12 13:45:00,0.04,0.11,0.21,0.33,0.4028,24.29,2010.8,175.2,0.797,forest,1282.3,normal,0.1079,low,True
2024-07-12 16:45:00,5.69,10.51,18.47,38.93,0.4023,27.03,2016.0,70.2,0.631,forest,182.3,dry,0.1889,low,True
2024-07-12 17:15:00,10.05,24.74,60.81,107.05,0.5583,27.16,1560.3,35.2,0.897,barren,63.8,dry,0.4268,medium,True
2024-07-12 17:15:00,0.14,0.49,1.47,3.9,0.5255,23.77,1941.9,192.0,3.869,agriculture,342.2,normal,0.1641,low,True
2024-07-12 17:45:00,0.03,0.13,0.2,0.56,0.1043,49.16,1438.7,267.9,1.626,forest,61.7,dry,0.1321,low,True
2024-07-12 18:30:00,3.44,7.07,9.68,15.99,0.2991,20.78,1837.4,336.5,0.214,forest,265.5,dry,0.15,low,True
2024-07-12 20:00:00,0.01,0.02,0.02,0.08,0.1533,59.91,1035.1,328.6,0.303,agriculture,679.2,dry,0.0751,low,True
2024-07-12 20:15:00,0.34,0.64,1.45,2.82,0.8333,43.02,922.7,143.6,0.898,forest,158.5,wet,0.3105,medium,True
2024-07-12 22:15:00,27.15,51.05,66.24,98.46,0.6311,45.78,2358.2,253.5,0.295,forest,237.2,dry,0.3807,medium,True
2024-07-12 22:30:00,3.75,6.39,9.98,17.47,0.8901,42.23,1488.8,250.4,0.72,agriculture,50.1,wet,0.3206,medium,True
2024-07-12 22:30:00,4.89,14.44,23.34,54.62,0.4396,31.51,1865.3,148.4,1.505,urban,373.8,dry,0.2835,medium,True
2024-07-13 01:00:00,6.8,10.86,18.85,38.0,0.9166,29.16,1129.1,35.4,0.312,agriculture,51.6,wet,0.353,medium,True
2024-07-13 01:15:00,6.25,10.17,24.68,36.27,0.698,35.83,924.2,137.5,0.493,forest,148.6,normal,0.2166,low,True
2024-07-13 01:45:00,9.8,18.67,27.54,46.86,0.99,33.63,1273.1,357.2,1.105,urban,654.0,wet,0.3965,medium,True
2024-07-13 02:30:00,6.99,10.8,24.87,43.18,0.99,20.99,1854.9,199.8,0.39,forest,66.8,wet,0.3381,medium,True
2024-07-13 03:15:00,1.26,2.15,3.11,5.72,0.5071,31.82,362.3,122.9,0.205,barren,651.8,normal,0.1369,low,True
2024-07-13 04:30:00,0.44,1.02,2.66,7.65,0.8297,38.46,1724.4,267.8,0.179,forest,358.5,wet,0.1942,low,True
2024-07-13 05:45:00,0.05,0.08,0.19,0.51,0.4752,39.58,2008.6,247.1,0.045,forest,63.2,normal,0.1812,low,True
2024-07-13 07:45:00,0.01,0.04,0.11,0.36,0.458,39.62,1070.7,208.4,0.241,agriculture,74.6,normal,0.1526,low,True
2024-07-13 11:00:00,0.12,0.5,1.46,2.36,0.48,24.96,1744.9,229.5,0.695,urban,390.9,normal,0.1629,low,True
2024-07-13 14:15:00,5.1,11.51,16.16,28.1,0.9791,60.09,1698.2,210.6,0.036,urban,467.2,wet,0.2666,low,True
2024-07-13 15:00:00,0.23,0.49,1.41,2.15,0.7456,52.53,1079.9,344.3,0.192,agriculture,383.2,wet,0.1744,low,True
2024-07-13 15:15:00,0.7,1.18,1.92,3.04,0.2386,31.25,1511.6,183.3,0.071,agriculture,448.2,dry,0.0407,low,True
2024-07-13 15:15:00,0.24,0.45,0.7,1.17,0.5162,28.11,1591.5,212.5,0.311,agriculture,167.1,normal,0.1993,low,True
2024-07-13 17:30:00,0.03,0.08,0.2,0.46,0.7927,60.8,1077.5,169.8,0.059,agriculture,10.5,wet,0.3157,medium,True
2024-07-13 17:45:00,0.99,1.66,2.8,4.08,0.8135,34.65,1391.2,216.1,0.822,barren,273.4,wet,0.2507,low,True
2024-07-13 18:45:00,91.93,132.88,158.84,216.24,0.99,29.03,1585.9,320.7,1.579,forest,325.9,wet,0.8879,critical,True
2024-07-13 19:15:00,0.34,1.08,1.74,5.78,0.1936,22.15,1772.2,122.3,0.128,forest,417.3,dry,0.0236,low,True
2024-07-13 19:30:00,41.72,82.04,107.71,132.03,0.7873,18.84,2733.8,178.5,0.173,urban,102.1,normal,0.6812,high,True
2024-07-14 01:30:00,4.84,16.06,20.1,32.03,0.6953,31.52,1019.1,161.5,0.105,urban,75.3,normal,0.3008,medium,True
2024-07-14 02:30:00,9.72,15.46,19.81,37.35,0.3348,29.64,2412.1,143.3,0.125,forest,630.8,dry,0.0985,low,True
2024-07-14 11:15:00,0.85,1.47,2.58,4.76,0.5513,21.72,1061.5,295.6,0.224,forest,654.3,normal,0.106,low,True
2024-07-14 11:45:00,17.32,31.73,45.72,75.84,0.8837,26.08,1598.5,83.5,0.198,urban,1546.8,normal,0.4556,medium,True
2024-07-14 12:45:00,1.38,3.19,7.37,11.85,0.2023,53.34,2151.5,180.0,0.292,agriculture,155.3,dry,0.1559,low,True
2024-07-14 12:45:00,12.94,25.63,37.53,50.3,0.4927,25.2,1864.2,332.9,0.447,agriculture,31.3,dry,0.29,medium,True
2024-07-14 14:15:00,8.92,25.09,57.31,98.85,0.447,33.51,300.0,58.1,0.78,forest,236.1,dry,0.2193,low,True
2024-07-14 17:30:00,0.4,1.15,2.72,4.46,0.5742,53.09,2251.4,1.7,1.295,urban,238.7,normal,0.2363,low,True
2024-07-14 20:15:00,3.45,7.49,14.61,20.83,0.5794,27.88,1794.0,95.5,0.369,forest,23.0,normal,0.2646,low,True
2024-07-14 20:45:00,0.08,0.23,0.38,0.63,0.2425,43.34,1266.3,332.0,1.438,forest,309.5,dry,0.1598,low,True
2024-07-14 23:30:00,34.57,56.94,77.0,112.69,0.868,49.25,1521.5,31.5,0.683,forest,115.8,normal,0.556,high,True
2024-07-14 23:30:00,0.46,1.06,2.01,3.51,0.2468,43.84,1856.4,49.3,0.783,urban,54.4,dry,0.2358,low,True
2024-07-15 01:45:00,0.19,0.41,0.94,1.55,0.7478,36.77,1951.6,115.3,0.443,barren,335.0,wet,0.1897,low,True
2024-07-15 03:45:00,6.64,11.33,17.95,37.28,0.5081,21.42,1929.7,277.1,0.444,barren,126.1,dry,0.2018,low,True
2024-07-15 10:45:00,0.26,0.82,1.48,4.3,0.8648,20.44,1170.9,270.5,0.456,forest,298.6,wet,0.248,low,True
2024-07-15 11:00:00,7.79,12.22,16.49,30.83,0.7065,53.06,1592.6,31.3,0.406,urban,15.4,normal,0.347,medium,True
2024-07-15 11:00:00,0.42,0.95,1.42,2.7,0.8634,54.67,1094.1,336.2,0.368,barren,169.6,wet,0.2841,medium,True
2024-07-15 11:30:00,0.43,1.62,3.32,5.38,0.2454,21.13,2059.8,86.0,0.894,barren,712.0,dry,0.0333,low,True
2024-07-15 13:00:00,5.54,8.75,16.05,21.6,0.3219,42.03,1453.5,101.0,0.294,urban,377.6,dry,0.1336,low,True
2024-07-15 19:30:00,13.86,24.18,36.21,49.61,0.99,27.44,1861.9,139.1,0.139,forest,717.4,wet,0.3437,medium,True
2024-07-15 20:30:00,0.14,0.33,0.89,1.93,0.2001,30.56,1291.6,228.4,0.087,agriculture,482.1,dry,0.1047,low,True
2024-07-15 20:30:00,3.66,11.98,16.41,25.08,0.5878,39.24,1651.4,187.7,1.27,urban,455.2,normal,0.2647,low,True
2024-07-15 21:15:00,3.99,6.92,9.61,23.67,0.6668,16.72,1484.9,334.3,1.192,barren,724.1,normal,0.1413,low,True
2024-07-15 21:45:00,0.05,0.13,0.2,0.3,0.4821,23.78,871.7,203.3,0.168,agriculture,16.9,normal,0.2133,low,True
2024-07-16 09:45:00,4.86,9.67,12.23,26.92,0.9127,49.77,2254.5,308.5,0.075,forest,200.7,wet,0.3054,medium,True
2024-07-16 11:00:00,0.35,0.68,1.57,2.91,0.6938,28.44,2001.1,28.2,1.938,agriculture,1140.2,wet,0.1185,low,True
2024-07-16 12:00:00,0.14,0.28,0.47,1.11,0.5363,52.59,838.5,308.1,0.395,agriculture,78.2,normal,0.1919,low,True
2024-07-16 15:00:00,3.52,7.76,13.89,28.26,0.6365,42.24,1108.3,71.2,0.059,forest,381.2,normal,0.1702,low,True
2024-07-16 15:30:00,0.27,0.71,2.04,4.53,0.8486,14.57,1243.2,130.5,0.145,urban,556.5,wet,0.1397,low,True
2024-07-16 16:00:00,0.02,0.04,0.09,0.25,0.8033,41.46,2390.2,115.2,0.73,forest,959.2,wet,0.2178,low,True
2024-07-16 17:30:00,0.07,0.22,0.37,0.95,0.2503,34.65,2120.3,121.4,0.051,forest,729.0,dry,0.0422,low,True
2024-07-16 20:15:00,50.15,81.01,105.81,125.77,0.8635,21.14,1729.9,330.7,0.341,agriculture,405.1,normal,0.6348,high,True
2024-07-16 20:45:00,0.22,0.9,2.03,5.52,0.2711,17.61,651.0,159.0,0.335,agriculture,444.7,dry,0.1414,low,True
2024-07-17 00:15:00,0.52,0.91,1.56,2.26,0.8455,27.96,1873.9,96.5,0.694,forest,157.0,wet,0.2148,low,True
2024-07-17 00:30:00,1.28,2.37,5.74,11.39,0.2727,23.24,1701.4,106.0,0.133,forest,98.7,dry,0.19,low,True
2024-07-17 00:45:00,2.2,7.19,10.94,18.63,0.5701,20.47,1393.0,289.2,2.473,forest,1124.8,normal,0.1284,low,True
2024-07-17 03:00:00,0.12,0.3,0.87,1.81,0.5691,40.69,2393.1,194.1,0.101,forest,1309.1,normal,0.1223,low,True
2024-07-17 03:45:00,21.53,49.62,97.11,117.74,0.99,33.69,1480.0,161.8,0.547,forest,203.4,wet,0.4745,medium,True
2024-07-17 04:30:00,4.21,12.17,22.58,44.59,0.99,30.4,2308.6,333.7,0.239,forest,195.2,wet,0.3265,medium,True
2024-07-17 05:45:00,2.58,8.48,12.98,28.94,0.3164,30.91,1379.5,334.8,0.086,forest,220.3,dry,0.1832,low,True
2024-07-17 06:00:00,111.01,148.44,176.68,219.03,0.9173,33.23,1086.7,272.2,0.464,agriculture,226.6,normal,0.866,critical,True
2024-07-17 08:15:00,0.12,0.37,0.55,1.06,0.7532,45.56,852.4,186.5,0.111,urban,656.2,wet,0.1785,low,True
2024-07-17 12:45:00,10.47,18.64,31.94,53.93,0.765,13.77,1552.1,42.0,0.683,agriculture,207.2,normal,0.2707,low,True
2024-07-17 15:30:00,0.01,0.04,0.06,0.13,0.4844,36.81,1626.7,254.9,0.02,barren,759.0,normal,0.1176,low,True
2024-07-17 22:00:00,0.02,0.04,0.11,0.21,0.7594,16.34,1027.1,293.4,0.428,forest,425.8,wet,0.1959,low,True
2024-07-18 00:15:00,0.16,0.37,0.6,1.85,0.4592,29.4,1054.7,306.7,0.148,barren,1187.3,normal,0.0,low,True
2024-07-18 03:15:00,0.33,1.07,2.43,4.29,0.5674,35.23,2305.4,209.5,1.797,agriculture,402.9,normal,0.144,low,True
2024-07-18 03:15:00,0.55,1.21,2.45,6.67,0.268,54.7,2045.3,222.1,0.744,agriculture,196.0,dry,0.1848,low,True
2024-07-18 03:45:00,0.3,0.88,2.05,3.22,0.5101,37.65,2698.4,255.3,0.845,forest,885.3,normal,0.1172,low,True
2024-07-18 06:30:00,0.58,1.08,2.13,5.55,0.8161,24.7,629.8,314.6,0.733,forest,101.4,wet,0.2461,low,True
2024-07-18 06:45:00,0.06,0.1,0.28,0.74,0.1773,42.97,2624.9,16.4,0.658,agriculture,1182.9,dry,0.1194,low,True
2024-07-18 07:15:00,2.3,7.47,16.74,33.2,0.5989,42.69,1127.6,202.8,0.089,forest,25.5,normal,0.2603,low,True
2024-07-18 08:00:00,5.05,9.98,21.38,35.2,0.3993,42.9,810.8,132.9,3.578,urban,368.5,dry,0.2275,low,True
2024-07-18 08:15:00,0.03,0.07,0.11,0.17,0.1599,25.15,1750.2,299.9,0.643,forest,16.4,dry,0.1968,low,True
2024-07-18 15:00:00,24.0,55.07,71.91,120.64,0.99,34.2,484.1,48.2,1.366,forest,89.8,wet,0.6369,high,True
2024-07-18 16:30:00,19.48,36.56,65.49,114.3,0.7955,26.85,2250.0,327.5,0.42,agriculture,228.3,normal,0.454,medium,True
2024-07-18 23:45:00,5.94,14.87,25.08,38.06,0.424,27.06,1703.2,44.6,0.202,urban,70.3,dry,0.2603,low,True
2024-07-19 00:15:00,5.86,14.01,24.53,47.99,0.7602,29.57,1177.9,32.2,0.345,forest,1582.9,normal,0.1803,low,True
2024-07-19 01:00:00,0.36,1.07,2.93,5.82,0.5225,28.75,2201.3,124.7,0.306,agriculture,529.0,normal,0.1003,low,True
2024-07-19 06:45:00,3.68,5.67,12.81,30.14,0.3961,23.27,1518.7,358.1,0.01,forest,676.0,dry,0.0325,low,True
2024-07-19 09:45:00,0.29,0.81,2.21,4.04,0.775,53.06,1621.3,228.2,0.674,agriculture,1363.3,wet,0.1694,low,True
2024-07-19 10:45:00,4.18,10.63,19.39,31.99,0.6788,31.56,1976.4,9.5,0.803,barren,403.1,normal,0.2437,low,True
2024-07-19 12:45:00,0.1,0.49,1.01,2.21,0.8518,36.83,1221.6,89.7,0.025,barren,118.5,wet,0.3002,medium,True
2024-07-19 13:30:00,0.02,0.11,0.25,0.5,0.1428,45.09,966.9,53.7,0.169,forest,505.1,dry,0.0805,low,True
2024-07-19 16:00:00,0.06,0.25,0.47,1.19,0.4644,14.39,1521.7,0.4,0.655,forest,317.2,normal,0.0367,low,True
2024-07-19 16:15:00,0.87,1.52,2.81,6.78,0.338,27.23,789.0,185.4,0.233,agriculture,119.0,dry,0.1805,low,True
2024-07-19 16:30:00,5.44,11.57,26.7,48.26,0.4039,49.84,1341.8,137.2,1.629,forest,170.2,dry,0.2248,low,True
2024-07-19 18:30:00,0.36,0.86,1.37,2.75,0.8053,24.71,999.2,220.8,0.072,agriculture,337.7,wet,0.2583,low,True
2024-07-19 20:30:00,0.2,0.49,1.45,2.44,0.203,30.33,1412.9,77.9,1.579,agriculture,186.1,dry,0.1542,low,True
2024-07-19 22:15:00,1.36,2.6,6.54,10.7,0.2584,14.32,1061.9,299.2,1.472,forest,103.8,dry,0.1654,low,True
2024-07-20 00:45:00,0.25,0.42,1.24,2.76,0.7894,13.17,1395.4,137.9,1.871,barren,206.7,wet,0.2327,low,True
2024-07-20 01:15:00,0.02,0.05,0.12,0.35,0.4684,27.97,2216.5,173.8,0.048,forest,103.1,normal,0.0943,low,True
2024-07-20 02:00:00,96.95,138.68,163.74,216.03,0.6798,27.83,1154.5,263.7,0.191,urban,738.1,dry,0.7722,critical,True
2024-07-20 05:30:00,0.02,0.04,0.09,0.16,0.7715,23.3,1830.6,59.8,0.174,barren,424.5,wet,0.1733,low,True
2024-07-20 05:45:00,0.36,1.4,3.64,7.26,0.2514,33.12,514.8,94.4,1.299,barren,175.4,dry,0.1422,low,True
2024-07-20 06:45:00,17.01,50.25,80.2,116.83,0.99,34.24,1402.1,55.7,0.988,forest,1028.0,wet,0.5493,high,True
2024-07-20 07:45:00,13.97,26.44,36.96,51.77,0.4632,23.19,1105.0,276.5,0.104,urban,182.4,dry,0.2859,medium,True
2024-07-20 08:00:00,0.37,0.63,1.07,1.69,0.5717,42.6,1634.7,35.1,0.092,barren,309.0,normal,0.168,low,True
2024-07-20 08:30:00,0.12,0.35,1.11,1.71,0.489,31.42,1268.5,176.0,0.386,forest,261.0,normal,0.1603,low,True
2024-07-20 08:45:00,20.07,47.62,61.68,101.47,0.5043,43.7,2118.7,270.0,0.114,forest,55.5,dry,0.3047,medium,True
2024-07-20 12:15:00,0.3,0.67,2.03,3.46,0.5208,20.57,1387.6,182.8,0.388,forest,203.0,normal,0.1968,low,True
2024-07-20 12:30:00,0.03,0.12,0.3,0.53,0.6354,33.67,2275.0,183.1,1.117,urban,38.3,normal,0.2613,low,True
2024-07-20 13:45:00,0.26,0.78,1.13,2.05,0.6872,29.11,344.7,22.9,0.416,barren,75.4,wet,0.2147,low,True
2024-07-20 15:30:00,5.48,9.98,14.34,19.7,0.9821,35.52,1624.1,281.8,0.773,urban,552.1,wet,0.3435,medium,True
2024-07-20 16:45:00,0.12,0.51,1.59,3.31,0.4565,24.42,1680.6,217.4,0.173,barren,136.2,normal,0.1445,low,True
2024-07-20 18:15:00,0.05,0.13,0.27,0.83,0.4627,29.51,1039.1,240.3,0.185,agriculture,42.6,normal,0.1059,low,True
2024-07-21 01:00:00,1.59,2.84,4.17,6.19,0.533,29.18,1600.7,275.7,0.541,forest,454.2,normal,0.1966,low,True
2024-07-21 03:15:00,4.34,12.22,18.45,41.82,0.7146,41.7,1889.3,201.8,1.148,forest,577.5,normal,0.1698,low,True
2024-07-21 04:30:00,94.65,115.32,145.76,159.37,0.9217,57.41,2252.1,183.1,0.454,forest,312.0,normal,0.6786,high,True
2024-07-21 05:30:00,0.14,0.34,0.8,1.87,0.428,34.16,1428.7,238.7,0.133,agriculture,875.3,normal,0.1455,low,True
2024-07-21 05:45:00,4.14,10.14,21.26,49.93,0.8033,28.94,1336.4,324.0,0.147,urban,672.7,normal,0.2481,low,True
2024-07-21 07:30:00,6.6,12.58,17.63,31.1,0.9681,14.92,1239.2,229.9,0.576,urban,291.6,wet,0.3505,medium,True
2024-07-21 12:15:00,0.15,0.45,1.32,3.47,0.5453,42.25,1629.9,283.8,0.065,forest,477.5,normal,0.1621,low,True
2024-07-21 12:30:00,9.6,15.45,33.36,49.13,0.4432,28.65,1038.5,172.9,0.041,agriculture,149.8,dry,0.2292,low,True
2024-07-21 13:00:00,0.52,2.47,4.0,7.27,0.4245,22.11,2050.3,212.2,0.065,agriculture,364.0,normal,0.1212,low,True
2024-07-21 14:30:00,0.5,1.03,1.67,3.73,0.8686,37.11,626.3,64.9,0.299,agriculture,1329.2,wet,0.1788,low,True
2024-07-21 15:15:00,66.19,96.55,121.29,158.55,0.99,25.42,1561.2,175.9,0.263,agriculture,573.1,wet,0.7453,critical,True
2024-07-21 16:15:00,0.05,0.13,0.36,1.04,0.7777,22.62,772.2,53.6,0.001,forest,174.2,wet,0.1683,low,True
2024-07-21 18:00:00,9.59,15.09,23.31,41.64,0.99,42.91,1571.2,168.1,0.106,urban,952.8,wet,0.3983,medium,True
2024-07-21 18:30:00,18.79,47.25,103.99,126.81,0.781,38.36,2085.0,23.4,0.256,barren,620.3,normal,0.6066,high,True
2024-07-22 00:45:00,19.66,30.66,53.26,66.07,0.8034,24.22,1711.0,207.4,0.337,barren,23.3,normal,0.3834,medium,True
2024-07-22 02:15:00,3.4,6.23,12.57,28.48,0.99,28.38,1238.4,103.2,0.309,forest,489.7,wet,0.253,low,True
2024-07-22 06:45:00,1.63,3.12,6.12,11.91,0.255,28.3,2030.0,303.0,0.231,forest,1321.3,dry,0.116,low,True
2024-07-22 07:15:00,12.11,19.68,31.15,42.48,0.719,17.71,300.0,135.5,1.003,forest,143.8,normal,0.2635,low,True
2024-07-22 07:30:00,0.49,1.45,2.26,5.74,0.8072,27.87,1559.6,330.4,0.323,barren,122.7,wet,0.1588,low,True
2024-07-22 08:45:00,4.72,9.75,20.47,27.9,0.9146,25.21,1100.7,170.2,0.62,urban,367.6,wet,0.3555,medium,True
2024-07-22 09:00:00,0.15,0.6,1.2,3.06,0.8571,36.65,1896.5,305.6,1.072,forest,50.8,wet,0.2765,low,True
2024-07-22 14:30:00,0.62,1.08,2.17,4.46,0.7873,35.88,300.0,107.0,1.153,barren,403.3,wet,0.1581,low,True
2024-07-22 15:45:00,0.42,0.79,1.65,3.21,0.2201,33.53,1320.7,162.6,1.167,agriculture,99.9,dry,0.1354,low,True
2024-07-22 15:45:00,0.84,1.45,4.42,6.87,0.9136,40.1,1214.2,228.1,0.409,forest,220.2,wet,0.2912,medium,True
2024-07-22 16:45:00,6.82,11.62,23.61,34.37,0.3509,29.78,2142.5,93.1,0.65,barren,788.9,dry,0.1282,low,True
2024-07-22 17:15:00,0.23,0.73,1.24,2.35,0.452,24.44,1124.6,236.6,0.227,barren,567.7,normal,0.0123,low,True
2024-07-22 19:30:00,1.44,3.55,6.46,9.49,0.3032,48.39,1466.8,103.9,1.188,forest,50.0,dry,0.2847,medium,True
2024-07-22 21:30:00,0.21,0.43,0.94,2.15,0.5676,44.72,1642.6,174.3,0.144,forest,511.5,normal,0.1639,low,True
2024-07-23 00:00:00,0.7,2.26,4.36,6.26,0.7667,32.71,1585.8,8.4,0.93,agriculture,195.7,wet,0.2014,low,True
2024-07-23 00:30:00,16.43,54.11,67.82,117.2,0.6016,47.74,1573.8,28.1,0.381,forest,1827.4,dry,0.2773,low,True
2024-07-23 03:45:00,0.11,0.55,1.72,4.61,0.571,40.48,1637.0,81.8,0.213,urban,134.7,normal,0.1742,low,True
2024-07-23 05:15:00,11.38,37.83,58.53,104.54,0.4238,14.88,1599.7,290.3,0.286,agriculture,232.6,dry,0.23,low,True
2024-07-23 07:00:00,0.35,1.08,1.99,5.84,0.2349,40.39,3025.9,237.7,0.532,forest,156.1,dry,0.1574,low,True
2024-07-23 07:30:00,1.31,2.23,3.62,6.96,0.5511,33.8,524.4,321.6,1.595,forest,318.8,normal,0.195,low,True
2024-07-23 09:15:00,0.06,0.16,0.41,0.59,0.5211,26.63,1125.3,325.7,0.062,urban,118.2,normal,0.1986,low,True
2024-07-23 09:45:00,5.32,11.23,15.72,24.21,0.4108,19.69,1571.8,134.9,1.512,barren,863.2,dry,0.0829,low,True
2024-07-23 14:15:00,0.07,0.22,0.57,1.04,0.5543,34.51,2267.8,132.3,1.015,barren,345.9,normal,0.0831,low,True
2024-07-23 15:00:00,0.19,0.43,0.63,1.3,0.5361,19.07,2172.3,300.9,0.531,forest,1010.9,normal,0.1376,low,True
2024-07-23 21:30:00,5.1,14.0,31.63,43.12,0.4087,30.86,2222.5,153.5,0.084,urban,409.4,dry,0.1479,low,True
2024-07-23 22:45:00,7.98,14.83,32.31,48.85,0.8615,32.15,1578.8,308.6,1.004,forest,82.0,normal,0.3202,medium,True
2024-07-24 00:00:00,5.09,14.01,21.79,36.48,0.99,47.14,2344.6,182.1,0.704,agriculture,15.4,wet,0.431,medium,True
2024-07-24 00:45:00,0.37,0.73,1.26,3.79,0.5331,34.2,1240.4,152.9,0.413,urban,193.2,normal,0.2124,low,True
2024-07-24 00:45:00,0.07,0.2,0.52,1.34,0.4359,23.6,2149.5,100.5,1.302,forest,1773.1,normal,0.0667,low,True
2024-07-24 01:45:00,4.25,8.25,18.36,31.27,0.6384,30.93,1713.5,45.5,0.655,agriculture,743.2,normal,0.139,low,True
2024-07-24 05:15:00,28.72,46.11,78.34,116.97,0.99,29.3,1724.2,189.3,0.204,forest,666.6,wet,0.4984,medium,True
2024-07-24 06:45:00,0.36,1.55,2.82,5.18,0.8864,58.47,807.4,117.1,0.027,agriculture,304.3,wet,0.2114,low,True
2024-07-24 09:15:00,10.95,18.0,26.83,40.68,0.99,32.03,537.8,89.8,0.855,forest,44.9,wet,0.3913,medium,True
2024-07-24 09:30:00,11.69,29.86,57.77,71.23,0.521,21.35,1425.6,61.1,0.177,urban,15.4,dry,0.3206,medium,True
2024-07-24 12:45:00,0.39,1.03,1.61,3.16,0.8323,40.31,1544.1,139.9,0.198,forest,648.4,wet,0.1395,low,True
2024-07-24 14:00:00,4.63,10.95,25.26,53.97,0.99,25.57,927.3,200.1,0.358,agriculture,78.3,wet,0.3816,medium,True
2024-07-24 17:30:00,14.14,35.02,80.09,121.54,0.99,36.65,2155.5,301.3,0.832,barren,37.9,wet,0.6861,high,True
2024-07-24 18:30:00,3.51,8.59,13.31,21.16,0.6219,16.43,1106.0,295.3,1.549,urban,443.0,normal,0.162,low,True
2024-07-24 20:00:00,0.41,1.07,1.73,5.35,0.7956,34.09,1945.3,307.8,0.146,agriculture,10.4,wet,0.2631,low,True
2024-07-24 21:15:00,0.38,0.64,1.0,3.1,0.1799,28.18,1423.5,207.4,1.282,agriculture,482.6,dry,0.0278,low,True
2024-07-24 23:45:00,4.42,10.37,19.75,27.72,0.9315,53.01,2069.0,201.4,0.556,forest,84.8,wet,0.3538,medium,True
2024-07-25 01:15:00,21.17,39.35,68.21,107.75,0.5373,15.65,881.4,325.9,1.161,forest,145.7,dry,0.3033,medium,True
2024-07-25 02:45:00,3.97,7.42,13.05,29.54,0.9316,40.05,637.0,103.9,1.131,agriculture,75.9,wet,0.3704,medium,True
2024-07-25 04:00:00,0.53,1.44,3.76,8.63,0.5809,40.86,1923.6,52.4,0.299,forest,535.4,normal,0.1378,low,True
2024-07-25 05:15:00,0.19,0.39,0.81,2.43,0.2489,23.95,2111.9,29.8,0.68,forest,242.1,dry,0.1035,low,True
2024-07-25 09:00:00,1.08,2.71,6.2,16.6,0.8843,34.98,1788.9,317.2,1.758,forest,73.5,wet,0.2928,medium,True
2024-07-25 14:00:00,2.67,8.65,21.3,32.39,0.6187,50.3,1069.9,133.8,0.67,agriculture,23.8,normal,0.2603,low,True
2024-07-25 14:15:00,0.01,0.02,0.04,0.09,0.5559,17.5,2005.8,179.5,0.368,forest,1522.2,normal,0.1121,low,True
2024-07-25 14:45:00,0.03,0.1,0.2,0.34,0.2593,40.05,1941.0,289.1,0.279,forest,448.6,dry,0.1067,low,True
2024-07-25 16:00:00,0.03,0.11,0.17,0.34,0.7615,21.8,915.1,134.3,0.093,forest,408.8,wet,0.1821,low,True
2024-07-25 19:00:00,0.17,0.4,0.58,1.28,0.5971,35.18,1869.4,312.5,4.034,agriculture,254.6,normal,0.2147,low,True
2024-07-25 20:00:00,5.02,12.04,17.26,24.02,0.6583,30.67,1685.5,115.8,0.643,agriculture,209.8,normal,0.1614,low,True
2024-07-25 23:45:00,8.86,19.44,26.53,50.46,0.744,31.68,1662.8,263.7,0.194,agriculture,566.3,normal,0.1832,low,True
2024-07-26 03:00:00,6.03,12.9,17.18,26.78,0.6215,24.7,770.2,240.3,0.046,barren,623.3,normal,0.1298,low,True
2024-07-26 11:15:00,3.96,12.86,25.99,37.27,0.6953,25.39,2093.7,72.5,0.841,forest,32.1,normal,0.226,low,True
2024-07-26 12:45:00,4.88,13.07,19.7,46.08,0.7761,31.47,1274.4,44.8,1.159,forest,696.7,normal,0.2097,low,True
2024-07-26 14:45:00,22.88,39.74,67.35,121.54,0.9548,17.44,1211.3,40.2,0.335,forest,511.8,normal,0.3312,medium,True
2024-07-26 16:30:00,1.13,4.77,7.28,15.39,0.5771,25.0,1873.1,234.3,1.875,agriculture,243.1,normal,0.1915,low,True
2024-07-26 17:00:00,2.05,4.43,12.24,21.42,0.9115,33.44,1469.0,4.7,0.239,barren,236.4,wet,0.2197,low,True
2024-07-26 19:00:00,0.31,1.07,2.15,4.87,0.5939,38.5,738.6,237.8,0.847,forest,640.2,normal,0.1499,low,True
2024-07-26 19:45:00,0.22,0.53,0.87,1.42,0.5493,24.43,2517.7,281.5,0.183,agriculture,562.2,normal,0.0953,low,True
2024-07-26 21:00:00,49.94,93.26,129.27,144.39,0.8916,40.85,1736.9,108.9,0.246,agriculture,62.3,normal,0.7803,critical,True
2024-07-26 22:15:00,0.4,1.1,1.99,3.2,0.5842,27.11,1587.7,268.5,0.558,urban,288.9,normal,0.1662,low,True
2024-07-26 22:30:00,0.11,0.48,0.79,2.24,0.8463,24.6,1581.2,59.5,0.022,barren,1229.9,wet,0.1645,low,True
2024-07-27 03:30:00,2.63,5.18,11.55,21.12,0.3486,38.55,1609.2,345.8,0.142,agriculture,475.4,dry,0.1485,low,True
2024-07-27 03:45:00,21.3,52.76,68.06,106.75,0.8056,37.69,1658.0,83.5,0.116,agriculture,1273.9,normal,0.3799,medium,True
2024-07-27 04:00:00,0.74,2.1,3.43,5.03,0.2097,29.93,2284.4,175.8,0.238,urban,533.6,dry,0.1127,low,True
2024-07-27 06:00:00,0.33,0.61,1.49,2.49,0.2243,19.2,2548.5,353.0,0.902,urban,270.3,dry,0.0889,low,True
2024-07-27 06:15:00,3.23,8.42,14.81,34.32,0.3012,31.36,1426.1,326.6,1.429,agriculture,335.0,dry,0.1838,low,True
2024-07-27 06:45:00,0.62,1.13,1.81,4.24,0.789,18.83,2005.8,237.4,0.008,agriculture,442.5,wet,0.1899,low,True
2024-07-27 07:00:00,0.01,0.02,0.04,0.11,0.8329,21.74,1976.2,132.9,0.178,agriculture,466.7,wet,0.1524,low,True
2024-07-27 09:00:00,0.11,0.5,1.37,3.5,0.15,30.17,2013.7,252.0,0.015,forest,491.8,dry,0.1314,low,True
2024-07-27 10:45:00,0.13,0.4,0.74,1.43,0.5817,43.56,2362.9,165.7,1.185,agriculture,942.0,normal,0.1097,low,True
2024-07-27 13:45:00,0.31,0.88,2.45,3.75,0.1916,28.9,2111.1,39.2,0.133,forest,139.4,dry,0.0893,low,True
2024-07-27 19:00:00,0.2,0.37,0.55,1.18,0.8135,27.71,1850.3,286.6,0.884,urban,629.1,wet,0.1926,low,True
2024-07-27 20:00:00,0.18,0.39,0.96,2.04,0.5037,21.21,1219.3,313.8,0.02,agriculture,305.1,normal,0.1201,low,True
2024-07-28 00:45:00,0.05,0.1,0.2,0.47,0.2096,19.21,1782.0,146.7,0.305,barren,768.0,dry,0.1435,low,True
2024-07-28 01:00:00,0.01,0.05,0.08,0.14,0.1802,24.54,972.4,239.7,0.266,agriculture,359.0,dry,0.1062,low,True
2024-07-28 02:45:00,8.73,15.91,22.15,41.27,0.99,25.06,1876.7,10.9,0.24,barren,967.5,wet,0.3578,medium,True
2024-07-28 04:30:00,0.32,1.48,2.73,5.75,0.5499,28.11,1791.6,71.0,0.507,forest,203.1,normal,0.1672,low,True
2024-07-28 04:45:00,0.21,0.51,1.12,3.72,0.149,31.58,741.1,205.3,0.298,agriculture,46.6,dry,0.0961,low,True
2024-07-28 08:15:00,0.19,0.79,1.16,1.8,0.555,49.25,1318.5,98.7,0.31,agriculture,372.3,normal,0.1077,low,True
2024-07-28 08:45:00,13.13,23.39,50.85,87.19,0.99,32.49,1155.1,340.0,0.126,forest,531.4,wet,0.405,medium,True
2024-07-28 09:15:00,2.81,5.93,13.83,18.79,0.6481,26.72,2021.7,301.3,0.321,urban,421.5,normal,0.1552,low,True
2024-07-28 09:30:00,7.26,12.67,24.98,50.53,0.777,31.27,1423.6,235.8,0.811,forest,461.8,normal,0.2041,low,True
2024-07-28 10:00:00,0.04,0.17,0.28,0.92,0.503,33.82,746.1,359.6,0.234,agriculture,20.3,normal,0.2129,low,True
2024-07-28 12:30:00,7.42,14.08,20.0,32.15,0.6314,33.5,1867.5,87.6,1.167,forest,1182.6,normal,0.1728,low,True
2024-07-28 13:00:00,0.36,0.92,2.87,9.52,0.5015,31.79,1724.0,330.9,0.109,barren,117.4,normal,0.1652,low,True
2024-07-28 14:30:00,0.21,0.37,0.93,2.25,0.7876,29.85,1674.7,109.6,1.125,forest,197.0,wet,0.1756,low,True
2024-07-28 15:15:00,0.02,0.07,0.15,0.38,0.1697,29.66,938.6,214.8,0.574,agriculture,199.7,dry,0.1182,low,True
2024-07-28 17:00:00,0.15,0.5,0.83,1.25,0.4169,21.62,1952.6,156.4,0.331,forest,840.4,normal,0.0577,low,True
2024-07-28 17:45:00,5.81,15.66,36.43,49.24,0.4288,36.65,1532.1,159.6,0.022,forest,486.6,dry,0.1504,low,True
2024-07-28 21:15:00,22.08,37.72,78.73,130.21,0.5506,60.55,1496.1,274.5,0.081,urban,348.8,dry,0.5258,high,True
2024-07-28 22:15:00,0.24,0.95,2.57,3.87,0.5522,37.9,845.2,125.1,0.321,forest,54.7,normal,0.2497,low,True
2024-07-28 23:15:00,5.7,9.13,16.76,39.57,0.99,27.27,866.9,182.7,1.262,agriculture,146.8,wet,0.3284,medium,True
2024-07-29 00:15:00,0.36,0.88,1.33,3.01,0.1761,22.26,3600.0,76.2,1.886,forest,246.9,dry,0.1886,low,True
2024-07-29 00:30:00,1.31,2.19,4.96,8.89,0.916,26.7,908.1,274.8,1.593,forest,52.7,wet,0.2388,low,True
2024-07-29 05:45:00,6.3,17.78,39.66,77.49,0.8807,30.95,335.7,198.7,0.192,agriculture,306.5,normal,0.3357,medium,True
2024-07-29 06:00:00,3.38,9.72,15.58,30.04,0.6459,30.55,1368.7,91.8,0.178,agriculture,94.4,normal,0.2107,low,True
2024-07-29 07:15:00,0.23,0.7,1.29,2.65,0.2604,33.13,1485.7,95.7,0.807,agriculture,619.0,dry,0.0714,low,True
2024-07-29 08:15:00,0.02,0.07,0.15,0.26,0.4973,36.68,1049.9,105.7,1.694,agriculture,628.0,normal,0.1534,low,True
2024-07-29 08:30:00,0.08,0.13,0.43,1.21,0.5915,29.84,1106.9,251.7,0.086,forest,329.8,normal,0.1565,low,True
2024-07-29 10:00:00,33.06,53.84,72.02,125.12,0.9168,34.21,1528.7,214.2,0.284,forest,165.9,normal,0.5044,medium,True
2024-07-29 13:30:00,0.28,0.52,1.01,2.95,0.483,27.48,1818.7,296.0,1.086,forest,26.0,normal,0.2136,low,True
2024-07-29 22:30:00,1.91,3.09,7.07,17.52,0.6328,35.77,760.0,205.8,0.406,barren,357.0,normal,0.1392,low,True
2024-07-29 23:00:00,14.49,32.29,60.05,96.09,0.8056,23.32,1362.6,110.4,1.108,barren,547.3,normal,0.46,medium,True
2024-07-30 01:00:00,66.62,108.48,134.32,148.64,0.8532,58.91,1599.0,346.6,0.074,forest,556.9,normal,0.6735,high,True
2024-07-30 01:30:00,0.03,0.09,0.21,0.47,0.8414,46.69,1456.6,319.0,0.9,forest,241.9,wet,0.2433,low,True
2024-07-30 04:15:00,1.34,3.14,5.99,9.49,0.554,17.56,1188.0,100.4,0.296,forest,63.0,normal,0.1933,low,True
2024-07-30 10:15:00,0.09,0.2,0.58,1.04,0.21,32.77,985.0,328.6,0.709,urban,33.5,dry,0.234,low,True
2024-07-30 13:45:00,0.01,0.06,0.11,0.24,0.564,28.36,2637.9,259.2,0.208,barren,30.1,normal,0.1432,low,True
2024-07-30 16:00:00,0.03,0.09,0.28,0.9,0.8763,45.67,300.0,149.3,0.706,forest,110.4,wet,0.2554,low,True
2024-07-30 23:30:00,2.62,4.47,6.46,11.47,0.2951,37.36,2215.2,168.1,0.727,agriculture,63.4,dry,0.1766,low,True
2024-07-31 00:15:00,0.09,0.34,0.67,1.0,0.7434,34.58,914.5,160.7,0.326,forest,74.7,wet,0.2736,low,True
2024-07-31 01:00:00,0.09,0.25,0.72,1.62,0.4536,65.0,1744.2,286.9,2.088,agriculture,430.2,normal,0.21,low,True
2024-07-31 02:15:00,0.77,1.7,2.72,8.36,0.5201,31.45,1646.9,63.2,0.0,barren,79.2,normal,0.1476,low,True
2024-07-31 02:45:00,36.58,58.71,82.5,125.41,0.5729,30.17,976.3,21.1,0.673,forest,422.6,dry,0.3875,medium,True
2024-07-31 02:45:00,0.12,0.27,0.57,1.24,0.8314,53.7,1484.6,179.4,1.436,barren,161.6,wet,0.2779,low,True
2024-07-31 03:45:00,0.24,0.52,1.15,3.67,0.7463,30.79,1361.7,104.5,1.169,agriculture,531.7,wet,0.2447,low,True
2024-07-31 06:45:00,0.11,0.32,0.57,0.97,0.7551,23.6,1616.6,203.0,0.499,forest,70.6,wet,0.201,low,True
2024-07-31 06:45:00,14.42,25.62,47.75,81.42,0.5362,37.67,2369.2,352.2,1.357,agriculture,18.3,dry,0.3693,medium,True
2024-07-31 08:30:00,42.39,67.46,95.7,148.94,0.99,65.0,2453.7,241.7,0.069,agriculture,42.7,wet,0.7756,critical,True
2024-07-31 11:15:00,0.16,0.27,0.84,1.92,0.5272,39.04,1139.6,345.3,0.47,urban,1195.0,normal,0.1211,low,True
2024-07-31 13:30:00,0.36,1.31,2.04,3.3,0.5512,34.8,1807.5,263.5,2.388,forest,280.2,normal,0.1285,low,True
2024-07-31 13:45:00,0.31,0.9,1.9,5.85,0.2777,20.75,2211.2,27.3,2.865,forest,336.9,dry,0.0922,low,True
2024-07-31 15:00:00,0.32,0.62,1.09,3.03,0.4857,21.88,1340.2,320.1,0.682,agriculture,1204.0,normal,0.0537,low,True
2024-07-31 16:15:00,0.34,1.23,3.01,5.39,0.8147,41.48,1959.8,71.6,0.11,agriculture,533.6,wet,0.1765,low,True
2024-07-31 17:00:00,3.2,5.2,9.86,23.06,0.2889,25.91,3028.1,311.3,0.072,forest,51.8,dry,0.2077,low,True
2024-07-31 18:15:00,0.5,0.98,1.96,5.07,0.2349,40.09,915.9,269.7,1.534,urban,201.7,dry,0.1448,low,True
2024-07-31 20:00:00,0.43,1.17,2.69,5.04,0.1925,32.53,1887.2,301.9,1.275,forest,612.9,dry,0.108,low,True
2024-07-31 21:45:00,8.97,19.7,32.0,44.95,0.4074,42.78,995.3,91.3,0.227,forest,392.8,dry,0.123,low,True
2024-07-31 22:00:00,8.12,13.02,18.49,30.44,0.7363,33.01,1224.9,290.7,1.609,barren,95.1,normal,0.3534,medium,True
2024-08-01 00:30:00,4.88,11.73,16.87,41.43,0.99,26.08,1314.6,219.7,0.084,forest,583.4,wet,0.2657,low,True
2024-08-01 02:00:00,1.88,4.78,7.07,16.07,0.3086,22.27,1865.7,29.5,0.209,forest,296.4,dry,0.1383,low,True
2024-08-01 02:45:00,0.12,0.5,0.77,2.04,0.5068,22.55,2815.7,320.1,0.62,agriculture,553.4,normal,0.0708,low,True
2024-08-01 06:00:00,0.09,0.28,0.86,1.92,0.5629,65.0,1241.8,315.7,0.112,forest,354.7,normal,0.1294,low,True
2024-08-01 07:00:00,9.26,14.83,22.44,50.62,0.4657,37.01,2205.2,205.9,2.709,urban,227.5,dry,0.2949,medium,True
2024-08-01 07:30:00,0.72,1.96,3.03,8.37,0.569,40.22,1058.9,162.9,0.151,agriculture,466.3,normal,0.1662,low,True
2024-08-01 08:30:00,2.49,6.34,9.93,23.42,0.3902,33.77,1336.4,144.2,0.169,agriculture,712.5,dry,0.1842,low,True
2024-08-01 10:15:00,11.7,18.78,31.35,47.99,0.7234,28.84,2387.7,217.0,0.386,forest,229.3,normal,0.2354,low,True
2024-08-01 11:00:00,0.1,0.22,0.42,0.79,0.145,26.76,2174.1,303.0,0.904,forest,20.6,dry,0.1987,low,True
2024-08-01 11:15:00,0.67,1.17,2.15,4.67,0.563,36.8,1352.9,203.7,0.077,agriculture,324.8,normal,0.1121,low,True
2024-08-01 11:30:00,0.23,0.68,1.95,3.21,0.1929,36.7,1236.7,46.7,0.661,agriculture,43.1,dry,0.1189,low,True
2024-08-01 11:45:00,0.4,1.9,4.46,7.32,0.8591,47.6,1881.1,110.2,0.063,barren,147.3,wet,0.3299,medium,True
2024-08-01 12:00:00,0.0,0.01,0.03,0.07,0.8148,35.84,1207.6,240.6,0.06,forest,289.3,wet,0.1776,low,True
2024-08-01 13:00:00,11.8,20.43,28.06,43.35,0.7794,20.89,1312.1,232.9,0.025,agriculture,158.2,normal,0.2744,low,True
2024-08-01 13:15:00,3.9,7.12,12.61,24.08,0.5929,54.37,1359.1,186.8,0.472,forest,125.4,normal,0.1407,low,True
2024-08-01 15:15:00,0.17,0.77,1.97,5.43,0.252,55.2,1493.0,86.6,0.344,agriculture,17.1,dry,0.1839,low,True
2024-08-01 17:30:00,1.2,2.7,6.95,13.43,0.8863,18.16,1250.0,97.4,0.22,agriculture,119.8,wet,0.2499,low,True
2024-08-01 18:15:00,6.98,14.79,20.21,38.11,0.7436,26.56,619.2,174.3,0.449,forest,180.0,normal,0.1902,low,True
2024-08-01 19:00:00,8.27,18.82,43.76,75.69,0.99,19.2,2531.3,142.0,0.418,agriculture,130.0,wet,0.4446,medium,True
2024-08-01 19:00:00,0.4,1.18,3.64,7.16,0.2819,43.8,2092.6,113.7,0.385,forest,356.5,dry,0.1161,low,True
2024-08-01 19:15:00,4.44,8.32,18.01,34.43,0.4615,49.78,1547.6,298.6,0.114,agriculture,393.6,dry,0.2,low,True
2024-08-01 19:45:00,0.73,2.96,5.68,8.17,0.5365,36.9,1156.9,181.4,1.364,agriculture,539.8,normal,0.1859,low,True
2024-08-01 20:30:00,5.35,9.22,14.54,20.32,0.3258,40.75,2321.8,181.1,0.581,forest,82.0,dry,0.2522,low,True
2024-08-01 21:15:00,9.02,14.64,21.04,36.04,0.6442,51.25,1880.6,154.1,0.082,urban,347.7,normal,0.316,medium,True
2024-08-01 22:30:00,0.03,0.1,0.16,0.48,0.1948,28.84,1210.8,245.1,0.177,agriculture,206.8,dry,0.0815,low,True
2024-08-01 23:30:00,3.59,7.13,16.44,27.53,0.99,65.0,1904.5,63.2,0.868,urban,146.5,wet,0.3969,medium,True
2024-08-02 05:15:00,2.21,6.4,13.14,25.64,0.99,23.02,1648.4,339.7,0.899,forest,240.7,wet,0.2473,low,True
2024-08-02 05:30:00,0.31,0.94,1.95,4.44,0.2574,40.9,1680.6,37.7,0.776,urban,239.7,dry,0.1764,low,True
2024-08-02 08:00:00,9.53,18.92,26.78,42.31,0.6983,31.25,2117.2,255.7,0.938,forest,367.0,normal,0.2223,low,True
2024-08-02 08:00:00,0.11,0.41,0.94,2.2,0.5044,34.47,1900.6,253.5,0.547,agriculture,296.7,normal,0.1606,low,True
2024-08-02 09:30:00,0.17,0.53,1.73,2.51,0.4507,39.29,2112.3,41.0,0.204,urban,359.2,normal,0.1426,low,True
2024-08-02 19:30:00,15.44,31.54,62.2,85.31,0.7848,34.09,2699.7,357.5,0.266,forest,1388.0,normal,0.3014,medium,True
2024-08-02 19:45:00,0.5,0.96,1.52,3.09,0.2349,33.08,1950.2,12.4,0.428,forest,592.1,dry,0.0296,low,True
2024-08-02 20:30:00,0.38,1.65,5.14,11.27,0.2472,52.05,3010.8,131.3,0.169,barren,130.9,dry,0.1673,low,True
2024-08-03 01:30:00,0.65,1.56,3.17,8.74,0.6093,30.2,2316.6,152.9,1.152,agriculture,276.9,normal,0.199,low,True
2024-08-03 03:45:00,3.39,5.6,11.03,15.5,0.753,38.45,1452.6,289.0,0.825,agriculture,101.2,wet,0.262,low,True
2024-08-03 04:15:00,0.27,0.68,1.1,1.59,0.8388,26.05,691.7,10.7,2.347,forest,266.1,wet,0.2064,low,True
2024-08-03 07:30:00,0.19,0.41,0.89,1.54,0.2685,32.87,2322.5,200.5,0.322,agriculture,445.8,dry,0.112,low,True
2024-08-03 08:00:00,0.27,0.54,0.8,1.86,0.5298,31.27,824.9,73.4,1.228,forest,33.8,normal,0.2778,low,True
2024-08-03 10:45:00,5.04,14.94,19.3,41.62,0.9455,35.16,1693.2,206.1,0.906,urban,61.7,wet,0.4389,medium,True
2024-08-03 12:00:00,0.01,0.02,0.04,0.1,0.1478,28.3,2033.5,232.7,1.07,agriculture,12.6,dry,0.185,low,True
2024-08-03 15:15:00,6.26,13.27,21.12,46.72,0.6982,39.18,956.3,12.3,0.699,barren,176.6,normal,0.2581,low,True
2024-08-03 18:30:00,0.7,3.28,9.58,20.02,0.566,19.0,1222.1,24.3,0.258,forest,520.3,normal,0.1897,low,True
2024-08-03 18:45:00,3.26,5.36,11.1,15.39,0.5541,33.05,961.6,30.7,0.168,urban,218.9,normal,0.2205,low,True
2024-08-03 20:15:00,3.2,8.57,16.22,23.41,0.5783,23.63,2838.8,306.8,0.191,agriculture,306.0,normal,0.1885,low,True
2024-08-03 22:00:00,0.79,1.51,2.53,8.28,0.8315,25.65,2040.7,333.6,0.502,barren,321.9,wet,0.2088,low,True
2024-08-04 03:00:00,0.77,1.68,3.24,4.9,0.2244,23.44,1165.8,157.6,1.27,forest,42.8,dry,0.1975,low,True
2024-08-04 03:30:00,8.45,18.24,29.24,53.47,0.99,30.34,675.9,314.9,0.358,barren,77.1,wet,0.4986,medium,True
2024-08-04 04:00:00,2.28,3.82,5.68,11.47,0.2368,30.1,1077.0,171.4,0.548,agriculture,873.7,dry,0.066,low,True
2024-08-04 04:30:00,2.69,5.51,8.93,21.61,0.5256,26.68,1223.1,144.4,0.794,forest,224.8,normal,0.2375,low,True
2024-08-04 09:15:00,2.49,5.19,8.66,17.28,0.9075,34.54,1267.0,191.2,1.16,forest,199.8,wet,0.3092,medium,True
2024-08-04 09:45:00,29.16,55.62,111.21,137.07,0.99,25.93,2075.1,284.5,0.627,forest,496.6,wet,0.6234,high,True
2024-08-04 11:45:00,1.36,3.82,6.05,12.03,0.5517,24.19,753.5,80.6,0.595,forest,26.2,normal,0.2052,low,True
2024-08-04 13:30:00,0.01,0.04,0.07,0.14,0.4626,65.0,2252.4,108.6,2.634,forest,653.1,normal,0.2199,low,True
2024-08-04 14:30:00,2.19,5.6,8.45,14.25,0.28,27.85,516.1,305.6,1.19,agriculture,398.5,dry,0.0881,low,True
2024-08-04 16:45:00,0.12,0.22,0.38,0.73,0.177,40.49,1555.0,329.8,0.793,agriculture,64.8,dry,0.2008,low,True
2024-08-04 18:30:00,0.21,0.51,1.06,1.58,0.6266,48.41,1182.3,44.3,1.07,agriculture,33.5,normal,0.2155,low,True
2024-08-04 19:00:00,0.43,1.22,1.92,5.85,0.5615,36.48,2196.8,253.8,5.0,forest,11.0,normal,0.2437,low,True
2024-08-04 19:15:00,17.68,30.45,53.53,80.54,0.827,31.45,2464.3,3.5,0.423,barren,131.9,normal,0.4696,medium,True
2024-08-04 21:30:00,9.73,20.82,26.57,40.87,0.6346,19.76,2085.3,88.6,0.734,urban,147.5,normal,0.3273,medium,True
2024-08-05 02:15:00,8.89,15.28,29.65,42.36,0.7515,44.43,1865.6,24.7,1.007,forest,78.1,normal,0.2436,low,True
2024-08-05 03:15:00,0.0,0.01,0.02,0.07,0.1586,57.94,1438.8,185.5,0.352,forest,128.4,dry,0.089,low,True
2024-08-05 07:45:00,0.72,1.47,3.05,5.31,0.4222,19.18,2404.8,123.6,1.86,agriculture,299.0,normal,0.1014,low,True
2024-08-05 08:00:00,2.51,4.72,11.09,22.32,0.8832,25.08,999.6,49.5,0.289,barren,51.9,wet,0.3405,medium,True
2024-08-05 15:00:00,0.58,1.32,2.79,5.43,0.8097,32.91,1868.3,0.1,0.167,agriculture,88.6,wet,0.2828,medium,True
2024-08-05 17:30:00,7.65,16.32,24.93,38.38,0.6887,28.3,2250.8,139.8,0.678,agriculture,298.9,normal,0.2031,low,True
2024-08-05 18:00:00,10.85,22.7,33.15,53.95,0.5634,27.81,2149.7,106.0,0.051,forest,436.6,dry,0.1493,low,True
2024-08-05 19:15:00,0.44,1.72,2.98,7.89,0.5527,25.72,1917.3,16.8,0.081,barren,947.2,normal,0.0696,low,True
2024-08-05 23:30:00,2.04,6.81,14.94,24.39,0.6307,15.82,1900.9,306.6,2.114,forest,260.1,normal,0.1501,low,True
2024-08-06 00:15:00,5.89,15.41,34.0,50.01,0.4664,24.38,2135.3,147.9,0.198,forest,52.1,dry,0.1959,low,True
2024-08-06 03:30:00,2.48,6.73,9.17,15.67,0.567,34.52,1520.3,278.9,0.02,forest,323.4,normal,0.1665,low,True
2024-08-06 06:15:00,0.09,0.33,0.48,0.8,0.8026,65.0,2456.0,151.9,0.386,forest,1890.8,wet,0.2539,low,True
2024-08-06 06:30:00,0.05,0.13,0.44,1.26,0.5094,25.71,2834.2,24.3,1.212,agriculture,761.1,normal,0.1109,low,True
2024-08-06 07:00:00,2.41,6.95,14.16,27.45,0.6149,32.29,490.9,141.9,0.243,agriculture,540.2,normal,0.1705,low,True
2024-08-06 08:15:00,0.55,1.03,2.05,3.38,0.5518,55.51,1363.6,319.0,0.326,urban,474.3,normal,0.2212,low,True
2024-08-06 08:30:00,0.02,0.09,0.16,0.3,0.2051,22.11,930.6,2.8,0.102,forest,503.1,dry,0.0531,low,True
2024-08-06 10:45:00,0.18,0.37,0.97,1.41,0.2301,39.49,1208.5,322.3,0.255,urban,43.3,dry,0.1728,low,True
2024-08-06 12:00:00,0.24,0.95,1.36,2.15,0.7642,37.36,1674.3,236.4,2.019,agriculture,267.0,wet,0.2356,low,True
2024-08-06 13:45:00,71.76,108.47,130.25,146.85,0.5555,21.77,1882.6,358.4,1.258,agriculture,419.4,dry,0.6097,high,True
2024-08-06 14:15:00,0.02,0.03,0.06,0.13,0.562,27.84,1500.9,329.8,0.808,urban,36.4,normal,0.2313,low,True
2024-08-06 15:15:00,20.74,44.84,71.25,106.96,0.8571,45.93,1981.4,312.8,0.926,agriculture,871.8,normal,0.4546,medium,True
2024-08-06 15:45:00,0.38,1.42,2.53,3.77,0.9126,20.42,1158.0,13.5,0.664,forest,57.8,wet,0.3326,medium,True
2024-08-06 16:00:00,0.03,0.11,0.26,0.76,0.8539,26.55,1357.1,100.9,0.075,urban,42.3,wet,0.2701,low,True
2024-08-06 19:15:00,14.42,36.84,50.04,59.75,0.5135,38.73,1987.6,134.9,0.075,agriculture,56.1,dry,0.2574,low,True
2024-08-06 19:30:00,0.23,0.53,1.33,3.35,0.5246,41.82,1401.6,251.9,0.462,agriculture,202.6,normal,0.1771,low,True
2024-08-06 20:00:00,0.31,0.52,1.21,2.83,0.4861,47.22,826.6,233.5,0.543,urban,284.2,normal,0.0899,low,True
2024-08-06 23:45:00,0.11,0.36,0.59,1.01,0.5957,37.46,2939.0,61.8,2.142,forest,44.8,normal,0.2606,low,True
2024-08-06 23:45:00,0.08,0.32,0.71,1.39,0.5738,18.66,2162.9,265.3,0.36,agriculture,549.6,normal,0.1139,low,True
2024-08-07 01:30:00,0.54,0.98,1.83,2.82,0.2447,32.15,1697.8,56.0,1.497,barren,88.2,dry,0.1863,low,True
2024-08-07 02:30:00,6.37,11.65,15.64,28.73,0.8949,23.35,2135.4,164.3,2.784,agriculture,297.7,wet,0.3703,medium,True
2024-08-07 05:15:00,0.79,2.41,3.75,11.78,0.5655,24.88,1850.4,208.3,1.117,forest,246.4,normal,0.1458,low,True
2024-08-07 05:15:00,6.68,16.17,27.03,51.6,0.8196,18.4,647.1,313.4,0.305,barren,836.2,normal,0.2823,medium,True
2024-08-07 07:00:00,3.09,9.56,13.42,20.22,0.699,64.47,1691.9,227.3,0.84,forest,793.2,normal,0.2014,low,True
2024-08-07 08:30:00,0.45,1.0,1.61,4.77,0.367,46.76,1166.0,343.7,0.473,barren,105.3,dry,0.1131,low,True
2024-08-07 09:30:00,0.03,0.05,0.13,0.4,0.5027,25.42,1667.7,358.0,0.133,urban,280.6,normal,0.1073,low,True
2024-08-07 09:45:00,3.19,5.91,12.62,24.91,0.379,20.13,1842.6,183.2,0.083,forest,1489.4,dry,0.079,low,True
2024-08-07 13:30:00,1.56,2.66,4.38,10.69,0.5244,22.78,2171.3,18.5,0.044,forest,151.1,normal,0.139,low,True
2024-08-07 13:30:00,0.02,0.12,0.22,0.53,0.4823,26.98,1008.5,10.2,0.237,forest,36.8,normal,0.2292,low,True
2024-08-07 13:45:00,5.71,9.65,15.84,38.08,0.9135,21.57,1030.5,308.0,0.7,agriculture,453.1,wet,0.265,low,True
2024-08-07 15:15:00,0.8,2.07,3.25,6.82,0.2593,43.48,1315.5,179.9,1.471,urban,254.8,dry,0.1065,low,True
2024-08-07 19:00:00,22.55,36.94,66.64,132.68,0.9364,61.64,2478.5,132.0,0.232,agriculture,992.6,normal,0.5242,high,True
2024-08-07 19:00:00,0.08,0.14,0.2,0.43,0.5015,19.17,1381.9,102.4,0.454,forest,309.6,normal,0.1051,low,True
2024-08-07 20:00:00,0.13,0.28,0.65,1.16,0.4508,39.76,1920.9,101.4,0.38,agriculture,260.7,normal,0.1627,low,True
2024-08-07 21:45:00,0.74,1.24,2.12,3.68,0.2102,53.5,1566.5,26.2,0.069,barren,872.2,dry,0.1138,low,True
2024-08-07 22:15:00,0.04,0.09,0.17,0.32,0.5063,55.01,1362.8,109.1,0.857,forest,177.5,normal,0.1499,low,True
2024-08-07 22:30:00,2.89,5.58,9.32,16.37,0.2837,33.31,1680.7,232.1,0.44,barren,328.5,dry,0.1119,low,True
2024-08-08 00:15:00,0.02,0.05,0.12,0.28,0.8607,47.25,2075.1,138.7,1.496,forest,664.1,wet,0.2113,low,True
2024-08-08 03:15:00,3.82,6.47,13.46,21.95,0.738,28.52,2004.3,341.2,1.083,barren,328.6,normal,0.2857,medium,True
2024-08-08 04:45:00,8.17,15.52,19.56,38.27,0.99,25.83,874.7,240.5,0.196,forest,133.7,wet,0.3434,medium,True
2024-08-08 05:00:00,9.79,25.18,34.57,50.22,0.4193,26.55,1801.0,311.0,0.225,forest,296.0,dry,0.1655,low,True
2024-08-08 06:45:00,0.13,0.43,1.33,1.99,0.7415,38.41,2578.3,41.1,0.462,barren,208.0,wet,0.1867,low,True
2024-08-08 12:00:00,0.31,0.92,1.83,5.02,0.1744,34.09,1782.9,162.2,0.08,agriculture,1473.3,dry,0.0579,low,True
2024-08-08 16:30:00,0.03,0.09,0.16,0.25,0.8828,40.85,2278.5,14.9,0.174,forest,28.3,wet,0.2194,low,True
2024-08-08 17:45:00,0.15,0.51,1.36,3.18,0.4921,29.11,2644.3,322.2,1.033,urban,521.3,normal,0.1304,low,True
2024-08-08 18:00:00,5.96,10.78,19.43,34.39,0.6464,38.84,1698.4,52.9,0.1,agriculture,18.5,normal,0.3121,medium,True
2024-08-08 18:15:00,5.87,11.99,24.96,43.82,0.5002,37.37,1562.8,290.0,0.474,forest,334.1,dry,0.1526,low,True
2024-08-08 18:30:00,11.42,18.23,23.55,31.53,0.2708,48.12,1857.9,332.6,0.3,agriculture,207.3,dry,0.1917,low,True
2024-08-08 20:45:00,0.21,0.81,1.65,3.22,0.5002,16.9,2372.4,159.1,0.135,barren,854.5,normal,0.1227,low,True
2024-08-09 03:15:00,9.86,21.28,31.49,47.71,0.7509,23.39,1504.5,140.2,2.099,agriculture,281.3,normal,0.2391,low,True
2024-08-09 05:00:00,16.07,29.2,54.73,92.47,0.9551,30.2,912.0,216.0,1.046,forest,624.7,normal,0.3189,medium,True
2024-08-09 06:15:00,0.66,1.71,2.58,4.42,0.2953,38.3,1815.9,266.5,0.186,agriculture,400.3,dry,0.1004,low,True
2024-08-09 07:15:00,0.02,0.04,0.11,0.29,0.2406,26.45,2157.0,232.4,0.923,agriculture,217.4,dry,0.1442,low,True
2024-08-09 08:15:00,6.57,13.84,26.02,51.09,0.99,40.02,1839.8,0.4,0.004,barren,154.2,wet,0.4172,medium,True
2024-08-09 09:30:00,4.17,6.94,9.62,20.88,0.8875,30.66,1863.3,282.9,0.195,forest,53.6,wet,0.3011,medium,True
2024-08-09 10:30:00,0.41,0.96,2.19,4.95,0.5315,28.94,1576.9,53.1,0.069,agriculture,14.8,normal,0.2415,low,True
2024-08-09 11:00:00,4.64,10.66,21.04,52.12,0.7151,36.95,1459.1,161.9,0.331,forest,10.5,normal,0.2996,medium,True
2024-08-09 11:00:00,0.02,0.06,0.1,0.14,0.7879,36.09,2362.5,101.6,0.61,agriculture,99.6,wet,0.242,low,True
2024-08-09 11:45:00,0.45,0.83,1.76,4.91,0.8129,32.9,529.7,334.0,0.113,urban,298.1,wet,0.2259,low,True
2024-08-09 15:00:00,0.19,0.34,0.5,0.76,0.2399,55.58,1655.0,180.8,0.164,forest,1308.1,dry,0.108,low,True
2024-08-09 17:30:00,12.37,38.59,59.52,89.65,0.99,16.8,1010.6,188.0,0.299,forest,437.5,wet,0.3794,medium,True
2024-08-09 21:15:00,10.68,16.5,26.72,36.7,0.7216,36.14,1580.4,27.4,0.598,agriculture,35.7,normal,0.2821,medium,True
2024-08-09 22:00:00,19.75,33.0,45.64,89.13,0.9039,16.24,1758.4,323.0,0.223,barren,372.7,normal,0.5051,medium,True
2024-08-09 23:15:00,0.58,1.43,2.59,5.28,0.5804,28.74,1903.5,86.0,0.552,forest,242.6,normal,0.1774,low,True
2024-08-09 23:30:00,0.56,1.2,2.55,6.86,0.5263,34.22,1685.1,149.0,0.258,agriculture,363.9,normal,0.1053,low,True
2024-08-10 01:00:00,13.77,43.28,71.75,103.6,0.7947,34.65,2434.3,354.7,0.179,urban,351.6,normal,0.4737,medium,True
2024-08-10 01:30:00,9.78,18.46,34.96,53.55,0.7843,26.31,1663.4,41.0,1.159,barren,64.4,normal,0.3901,medium,True
2024-08-10 02:15:00,0.35,1.67,3.07,4.39,0.6201,37.07,963.1,258.7,0.29,barren,891.6,normal,0.1549,low,True
2024-08-10 02:30:00,0.13,0.35,0.72,2.2,0.5106,44.16,2220.9,93.6,1.503,forest,293.0,normal,0.1517,low,True
2024-08-10 02:45:00,4.13,7.12,14.41,26.54,0.6596,27.74,1802.0,151.1,0.219,urban,432.3,normal,0.2201,low,True
2024-08-10 02:45:00,98.3,146.36,181.31,231.64,0.5531,33.11,1024.2,150.5,0.47,forest,181.3,dry,0.6438,high,True
2024-08-10 03:15:00,0.14,0.45,1.46,4.6,0.2264,36.12,2038.5,335.6,0.033,forest,55.7,dry,0.1451,low,True
2024-08-10 03:45:00,2.92,9.21,18.87,26.02,0.7088,19.92,1265.0,3.7,0.684,forest,421.0,normal,0.1847,low,True
2024-08-10 03:45:00,82.51,126.12,153.22,188.49,0.99,36.99,2161.2,132.2,0.952,agriculture,1009.5,wet,0.8155,critical,True
2024-08-10 04:00:00,0.5,1.47,3.46,5.03,0.7954,42.16,843.1,306.9,2.133,barren,314.6,wet,0.2478,low,True
2024-08-10 05:00:00,0.08,0.16,0.37,0.72,0.5233,46.56,1525.0,327.8,1.087,forest,87.5,normal,0.2645,low,True
2024-08-10 05:30:00,5.36,10.79,24.54,44.25,0.7667,36.91,1858.1,112.1,0.225,barren,351.7,normal,0.2267,low,True
2024-08-10 05:45:00,0.22,0.62,1.02,2.96,0.2618,39.4,960.0,87.1,0.488,barren,206.1,dry,0.136,low,True
2024-08-10 07:45:00,5.07,10.8,19.55,34.7,0.9157,30.18,1913.9,166.1,0.538,agriculture,188.2,wet,0.2973,medium,True
2024-08-10 10:15:00,4.78,9.26,15.58,23.96,0.3082,38.95,2219.7,268.5,0.035,barren,866.7,dry,0.1134,low,True
2024-08-10 18:15:00,0.05,0.13,0.31,0.72,0.5849,45.4,1477.9,55.5,0.045,forest,477.6,normal,0.1062,low,True
2024-08-10 20:15:00,1.07,1.83,3.13,4.49,0.5064,36.27,1835.8,282.4,0.237,forest,258.8,normal,0.1773,low,True
2024-08-10 21:45:00,10.7,18.08,24.89,38.47,0.9771,31.53,1122.8,184.6,0.819,barren,199.1,wet,0.3501,medium,True
2024-08-10 22:00:00,0.17,0.85,1.43,3.93,0.2639,43.28,3316.8,50.7,0.202,agriculture,107.4,dry,0.1276,low,True
2024-08-10 22:15:00,5.27,8.46,12.13,16.96,0.5308,12.32,1603.7,241.8,1.243,forest,157.3,normal,0.2362,low,True
2024-08-10 23:30:00,0.0,0.0,0.01,0.01,0.4712,43.37,1798.7,226.2,0.621,agriculture,282.3,normal,0.1892,low,True
2024-08-10 23:45:00,0.08,0.24,0.67,0.98,0.4398,24.45,1439.2,224.1,0.379,urban,27.3,normal,0.2243,low,True
2024-08-11 03:45:00,36.15,72.03,100.9,139.27,0.5168,18.21,1203.6,271.7,0.467,agriculture,164.8,dry,0.4239,medium,True
2024-08-11 04:15:00,0.11,0.27,0.67,1.7,0.5337,28.94,2178.7,65.2,0.242,forest,248.5,normal,0.1378,low,True
2024-08-11 07:15:00,21.98,61.88,79.25,128.95,0.7487,29.81,300.0,251.1,2.188,agriculture,338.0,normal,0.5042,medium,True
2024-08-11 08:15:00,0.4,1.25,3.17,4.68,0.9033,21.65,505.6,319.4,0.116,barren,485.7,wet,0.1621,low,True
2024-08-11 11:45:00,0.29,0.49,1.04,1.64,0.2307,29.59,1792.1,190.9,1.181,forest,14.9,dry,0.2146,low,True
2024-08-11 12:00:00,0.25,0.92,2.33,5.06,0.2007,23.42,1379.4,175.0,0.68,forest,132.2,dry,0.1686,low,True
2024-08-11 14:30:00,0.28,0.76,1.37,4.15,0.7485,33.18,2107.2,287.2,0.746,agriculture,115.8,wet,0.1884,low,True
2024-08-11 18:15:00,88.04,103.82,117.95,171.57,0.8379,16.89,1289.2,52.6,1.084,agriculture,267.8,normal,0.7537,critical,True
2024-08-11 19:00:00,11.97,33.09,68.86,126.58,0.99,35.58,597.1,122.7,0.088,forest,229.6,wet,0.5898,high,True
2024-08-11 19:15:00,7.19,11.76,26.16,48.08,0.99,24.61,1560.2,307.4,0.713,forest,39.1,wet,0.3609,medium,True
2024-08-11 21:15:00,1.16,1.96,6.24,15.11,0.3379,36.57,1439.2,179.9,0.898,forest,511.5,dry,0.1174,low,True
2024-08-12 01:30:00,0.13,0.43,0.8,2.38,0.2448,22.55,950.5,302.6,2.505,forest,416.8,dry,0.1408,low,True
2024-08-12 06:00:00,5.52,13.11,22.73,45.4,0.464,47.29,2071.8,90.7,0.826,forest,612.4,dry,0.1007,low,True
2024-08-12 06:15:00,32.11,49.83,82.29,127.1,0.99,43.28,1814.2,140.2,1.819,agriculture,51.2,wet,0.7219,high,True
2024-08-12 07:30:00,0.85,2.84,5.86,8.66,0.5503,17.19,1008.5,296.5,1.137,agriculture,257.0,normal,0.2001,low,True
2024-08-12 10:30:00,0.02,0.05,0.11,0.3,0.2249,37.58,680.2,58.9,1.251,agriculture,334.0,dry,0.0946,low,True
2024-08-12 12:30:00,0.24,0.62,1.15,1.81,0.1448,34.43,1813.1,322.1,1.493,forest,27.6,dry,0.2414,low,True
2024-08-12 13:45:00,7.09,11.64,20.78,37.41,0.9631,33.26,1026.2,111.6,0.454,forest,1131.5,wet,0.2678,low,True
2024-08-12 16:15:00,49.75,70.27,104.3,120.32,0.99,22.27,1024.4,350.2,0.745,forest,563.7,wet,0.6639,high,True
2024-08-12 18:15:00,24.16,41.42,62.86,78.71,0.99,21.68,1534.6,298.0,0.079,forest,107.7,wet,0.4917,medium,True
2024-08-12 20:15:00,0.1,0.38,0.62,0.91,0.5367,23.06,1628.5,164.0,0.264,forest,356.8,normal,0.1904,low,True
2024-08-12 20:30:00,0.15,0.31,0.58,1.6,0.4738,18.14,1901.8,267.2,1.269,forest,64.2,normal,0.2106,low,True
2024-08-12 20:45:00,0.33,0.69,1.21,3.19,0.2366,25.09,2234.2,199.9,2.281,urban,732.8,dry,0.1055,low,True
2024-08-12 23:30:00,0.9,1.68,2.53,4.37,0.1798,47.9,1321.8,307.2,0.071,forest,46.2,dry,0.213,low,True
2024-08-13 00:45:00,2.41,3.73,7.81,15.87,0.3021,33.32,1952.6,186.5,0.529,urban,830.5,dry,0.1044,low,True
2024-08-13 01:15:00,0.12,0.23,0.4,0.77,0.2195,24.05,1495.5,355.7,0.796,forest,625.8,dry,0.1336,low,True
2024-08-13 03:45:00,0.24,0.66,1.37,3.26,0.567,29.83,2306.2,48.1,0.436,forest,237.7,normal,0.1576,low,True
2024-08-13 05:00:00,0.09,0.35,0.56,1.39,0.8614,35.89,1091.1,243.5,0.159,barren,380.0,wet,0.1455,low,True
2024-08-13 05:30:00,12.09,36.39,51.62,89.15,0.6719,29.05,1914.5,88.4,0.026,forest,108.7,dry,0.242,low,True
2024-08-13 05:45:00,4.73,9.31,12.62,27.43,0.8304,27.72,1103.7,68.8,1.816,forest,179.8,wet,0.2821,medium,True
2024-08-13 06:15:00,0.17,0.43,0.71,1.42,0.4686,18.33,1055.7,147.0,0.162,urban,95.8,normal,0.1932,low,True
2024-08-13 08:15:00,2.76,4.95,10.06,16.55,0.5825,27.83,1326.1,132.3,0.213,agriculture,272.5,normal,0.2211,low,True
2024-08-13 08:45:00,0.11,0.23,0.65,1.39,0.6227,30.56,338.7,16.7,0.618,forest,144.3,normal,0.2333,low,True
2024-08-13 09:00:00,8.28,13.79,17.58,26.23,0.5933,27.68,2191.9,154.0,0.336,forest,161.6,normal,0.2258,low,True
2024-08-13 09:15:00,0.04,0.17,0.42,1.4,0.1841,29.22,1076.2,342.7,0.33,urban,214.7,dry,0.1257,low,True
2024-08-13 10:45:00,5.6,11.63,26.03,46.1,0.7188,27.69,1323.5,168.1,0.052,barren,731.1,normal,0.2614,low,True
2024-08-13 11:00:00,0.32,0.69,2.04,3.99,0.8022,25.48,1019.6,108.7,2.888,agriculture,288.4,wet,0.2267,low,True
2024-08-13 11:45:00,21.94,44.27,68.25,108.85,0.99,16.91,2169.9,341.7,0.201,forest,585.0,wet,0.5226,high,True
2024-08-13 12:45:00,0.32,0.99,2.26,4.02,0.5316,30.39,1760.3,182.1,0.07,barren,670.6,normal,0.0713,low,True
2024-08-13 14:45:00,0.03,0.13,0.21,0.63,0.8149,60.83,1930.5,103.4,0.687,forest,108.6,wet,0.3281,medium,True
2024-08-13 18:00:00,0.23,0.59,1.13,1.92,0.5201,30.9,1701.9,281.9,0.837,forest,536.3,normal,0.1123,low,True
2024-08-13 18:15:00,11.47,29.03,67.04,95.03,0.99,31.79,1701.0,80.5,0.015,agriculture,376.1,wet,0.4902,medium,True
2024-08-13 20:00:00,0.11,0.21,0.42,1.01,0.5144,19.88,1799.3,89.2,0.188,forest,257.8,normal,0.1505,low,True
2024-08-13 22:15:00,5.45,16.8,26.78,46.92,0.9654,39.59,2169.5,116.8,0.13,agriculture,42.5,wet,0.4137,medium,True
2024-08-14 07:00:00,46.31,90.41,130.19,179.33,0.8467,30.86,911.6,142.1,0.933,urban,307.3,normal,0.7062,high,True
2024-08-14 07:45:00,0.01,0.01,0.03,0.1,0.7989,52.48,1257.6,209.8,0.122,barren,69.1,wet,0.327,medium,True
2024-08-14 09:30:00,0.22,0.85,1.46,4.12,0.2812,32.42,969.2,185.5,0.161,forest,603.0,dry,0.0337,low,True
2024-08-14 11:00:00,0.09,0.22,0.38,0.92,0.5466,53.31,1960.0,267.7,2.598,forest,964.6,normal,0.1812,low,True
2024-08-14 13:45:00,0.58,1.61,3.9,7.19,0.584,65.0,1864.8,258.2,0.727,forest,237.6,normal,0.187,low,True
2024-08-14 15:15:00,3.89,6.76,13.95,28.02,0.3825,31.64,2030.9,16.4,0.294,forest,213.3,dry,0.1418,low,True
2024-08-15 00:30:00,0.28,0.53,0.78,2.57,0.5245,26.79,300.0,48.2,0.841,agriculture,244.8,normal,0.1912,low,True
2024-08-15 04:45:00,2.76,7.31,12.7,27.28,0.8944,52.4,1340.4,77.5,0.377,forest,34.3,wet,0.3695,medium,True
2024-08-15 05:15:00,33.17,58.42,87.0,117.35,0.8523,29.37,300.0,215.2,0.143,forest,104.7,normal,0.4877,medium,True
2024-08-15 08:00:00,0.11,0.25,0.63,1.2,0.1584,48.79,2770.7,322.3,0.402,forest,998.3,dry,0.0994,low,True
2024-08-15 10:00:00,20.12,36.52,63.68,83.24,0.7423,35.97,1676.2,117.0,0.887,forest,158.1,normal,0.3544,medium,True
2024-08-15 11:30:00,0.25,0.68,1.07,1.81,0.2167,34.54,1109.5,346.9,0.118,agriculture,323.2,dry,0.101,low,True
2024-08-15 13:30:00,0.54,2.57,6.52,13.52,0.6162,45.91,1526.6,62.2,0.399,agriculture,376.6,normal,0.1319,low,True
2024-08-15 14:45:00,16.24,25.84,34.79,59.62,0.7555,28.73,1589.1,332.9,0.076,agriculture,743.9,normal,0.2605,low,True
2024-08-15 15:15:00,4.73,7.54,12.52,25.35,0.5574,33.5,2786.2,288.4,1.11,barren,105.2,normal,0.328,medium,True
2024-08-15 16:00:00,11.88,31.12,56.1,91.6,0.99,29.15,1484.6,140.1,1.025,barren,783.0,wet,0.5606,high,True
2024-08-15 16:15:00,0.35,1.18,1.86,4.61,0.2808,25.8,1711.4,74.3,0.672,forest,184.0,dry,0.0953,low,True
2024-08-15 16:45:00,0.3,0.96,2.78,4.95,0.8032,38.42,1244.2,140.9,1.516,forest,901.9,wet,0.2028,low,True
2024-08-15 16:45:00,0.43,0.96,1.95,3.57,0.752,22.57,2865.7,76.9,0.306,agriculture,195.5,wet,0.2251,low,True
2024-08-15 20:45:00,2.57,6.73,14.82,25.18,0.3882,21.02,2543.4,202.0,0.085,forest,48.4,dry,0.2319,low,True
2024-08-15 21:30:00,0.25,1.03,1.79,4.98,0.7893,31.78,426.3,206.9,2.229,forest,28.7,wet,0.321,medium,True
2024-08-15 21:45:00,12.71,24.27,33.15,46.32,0.7976,21.81,2112.2,276.5,0.432,urban,1207.0,normal,0.2929,medium,True
2024-08-16 02:00:00,5.34,17.69,24.75,43.75,0.6847,28.34,1868.8,190.0,0.387,forest,55.3,normal,0.2575,low,True
2024-08-16 02:45:00,99.34,146.69,184.1,244.02,0.5839,26.97,1134.5,124.3,0.04,agriculture,282.7,dry,0.7455,critical,True
2024-08-16 03:30:00,0.05,0.13,0.29,0.59,0.5066,30.33,1004.0,328.2,0.507,agriculture,272.0,normal,0.1654,low,True
2024-08-16 04:00:00,0.79,2.47,3.99,7.73,0.8413,65.0,382.0,28.1,0.621,forest,189.6,wet,0.2822,medium,True
2024-08-16 04:00:00,0.16,0.44,0.93,1.35,0.2165,29.17,1985.6,291.2,0.385,forest,199.5,dry,0.1728,low,True
2024-08-16 08:45:00,102.19,143.69,181.3,229.01,0.5607,24.51,784.4,147.4,1.447,agriculture,236.0,dry,0.8081,critical,True
2024-08-16 09:15:00,0.07,0.29,0.82,1.44,0.2274,48.89,1785.9,65.2,0.814,forest,46.7,dry,0.2144,low,True
2024-08-16 09:30:00,5.25,12.87,19.27,40.44,0.683,11.14,946.9,43.3,0.024,forest,557.7,normal,0.1282,low,True
2024-08-16 09:45:00,0.25,0.43,0.64,1.28,0.9053,15.04,882.8,79.5,0.469,urban,175.7,wet,0.2241,low,True
2024-08-16 14:00:00,0.44,2.02,4.07,8.12,0.4375,31.74,1630.2,43.9,3.038,agriculture,108.1,normal,0.2515,low,True
2024-08-16 15:30:00,6.35,9.82,21.4,40.49,0.4586,33.73,2350.4,165.2,0.134,forest,144.1,dry,0.2105,low,True
2024-08-16 15:45:00,6.25,12.17,16.27,40.09,0.711,34.94,1139.5,125.9,0.576,forest,341.2,normal,0.2307,low,True
2024-08-16 16:30:00,0.48,1.87,3.64,6.73,0.4609,26.56,1564.5,128.4,0.192,agriculture,532.2,normal,0.0861,low,True
2024-08-16 16:45:00,0.25,0.91,2.06,4.69,0.2613,65.0,1661.7,56.5,0.279,forest,68.3,dry,0.1871,low,True
2024-08-16 19:15:00,0.38,0.97,3.0,4.49,0.5502,35.01,1552.7,237.5,0.021,forest,324.3,normal,0.1475,low,True
2024-08-16 21:45:00,18.96,33.62,65.14,100.5,0.618,42.45,1785.9,218.8,0.699,forest,202.1,dry,0.3294,medium,True
2024-08-16 22:30:00,106.62,156.26,175.53,191.89,0.99,47.97,1609.8,353.6,0.871,forest,703.1,wet,0.7865,critical,True
2024-08-16 23:30:00,92.89,136.97,173.16,213.37,0.9142,22.21,555.2,60.4,0.889,agriculture,1053.6,normal,0.7892,critical,True
2024-08-17 00:30:00,8.96,20.39,39.22,64.53,0.99,27.57,2382.8,300.2,2.115,agriculture,407.2,wet,0.4245,medium,True
2024-08-17 03:15:00,1.07,2.92,6.42,15.81,0.8598,42.33,1836.9,12.2,1.092,forest,321.9,wet,0.1742,low,True
2024-08-17 04:15:00,13.08,20.9,50.78,76.92,0.99,43.4,1472.1,26.4,0.14,forest,540.5,wet,0.4078,medium,True
2024-08-17 07:30:00,0.78,2.35,3.54,9.3,0.3239,29.77,1000.3,233.3,0.157,forest,249.7,dry,0.1359,low,True
2024-08-17 10:30:00,0.19,0.93,2.97,4.96,0.8668,17.63,1380.9,146.3,0.877,agriculture,29.9,wet,0.2185,low,True
2024-08-17 13:30:00,0.24,0.69,1.86,2.87,0.8153,32.35,2124.4,83.0,0.9,forest,432.7,wet,0.2667,low,True
2024-08-17 14:15:00,0.26,1.03,1.56,2.68,0.9414,22.38,801.5,1.0,0.079,forest,313.9,wet,0.2039,low,True
2024-08-17 17:15:00,3.21,5.78,9.04,16.75,0.3467,39.11,1096.4,238.7,0.004,urban,67.5,dry,0.1155,low,True
2024-08-17 22:00:00,40.68,72.52,111.37,128.83,0.5835,28.54,1548.7,158.7,0.308,forest,93.8,dry,0.4561,medium,True
2024-08-17 22:15:00,0.32,0.64,1.0,2.82,0.8204,28.22,635.6,61.5,0.712,urban,101.8,wet,0.2626,low,True
2024-08-17 23:00:00,3.34,10.38,19.55,31.21,0.3011,35.22,1017.6,350.0,1.209,forest,471.4,dry,0.1492,low,True
2024-08-18 02:15:00,5.17,13.87,26.94,53.87,0.5713,42.87,1434.5,126.3,0.108,forest,265.7,dry,0.1838,low,True
2024-08-18 02:30:00,0.42,0.76,1.23,1.88,0.6484,55.64,300.0,109.1,1.013,agriculture,27.2,normal,0.2606,low,True
2024-08-18 02:30:00,108.56,147.33,176.63,209.94,0.99,24.54,1455.7,183.7,0.692,forest,647.0,wet,0.7961,critical,True
2024-08-18 03:15:00,0.19,0.47,1.05,2.36,0.498,21.23,811.1,99.8,0.109,forest,372.4,normal,0.1452,low,True
2024-08-18 03:45:00,0.08,0.15,0.4,0.97,0.7967,20.46,2309.8,98.2,1.239,forest,472.4,wet,0.1681,low,True
2024-08-18 06:45:00,17.14,42.09,60.82,75.8,0.8192,27.38,1267.3,347.9,1.622,urban,980.1,normal,0.4464,medium,True
2024-08-18 08:00:00,0.55,1.19,2.29,3.77,0.2598,31.45,2043.0,94.0,0.185,forest,115.5,dry,0.1808,low,True
2024-08-18 08:30:00,0.03,0.07,0.17,0.53,0.5118,45.15,1831.5,218.0,0.097,agriculture,321.7,normal,0.1828,low,True
2024-08-18 14:15:00,0.35,1.21,2.49,5.37,0.4801,31.49,1126.6,13.5,2.058,barren,509.7,normal,0.1601,low,True
2024-08-18 15:30:00,90.78,139.75,161.78,177.56,0.8665,24.53,1811.1,55.6,0.014,barren,261.7,normal,0.7882,critical,True
2024-08-18 15:45:00,1.07,2.99,4.68,8.04,0.4837,27.13,2620.1,7.9,1.779,agriculture,243.0,normal,0.1251,low,True
2024-08-18 17:15:00,3.76,10.0,15.72,30.51,0.4163,20.79,1629.8,192.4,0.146,forest,934.4,dry,0.1451,low,True
2024-08-19 02:30:00,4.79,11.25,21.88,40.35,0.479,46.58,1387.0,177.0,0.346,forest,107.7,dry,0.2201,low,True
2024-08-19 04:00:00,0.1,0.24,0.55,1.79,0.6036,29.47,1828.4,119.1,0.221,forest,380.3,normal,0.1486,low,True
2024-08-19 06:00:00,0.07,0.15,0.41,0.61,0.5239,29.29,1890.5,252.1,0.1,forest,1240.7,normal,0.0607,low,True
2024-08-19 10:00:00,0.3,0.67,2.12,4.48,0.201,24.68,1378.3,225.3,0.261,forest,97.0,dry,0.1312,low,True
2024-08-19 13:00:00,21.25,42.02,79.27,128.91,0.4375,29.71,300.0,216.1,0.465,forest,227.2,dry,0.2595,low,True
2024-08-19 13:00:00,0.55,0.94,2.45,3.95,0.5594,51.33,1065.4,121.1,0.059,urban,1307.3,normal,0.1433,low,True
2024-08-19 17:00:00,0.05,0.13,0.32,0.98,0.8156,22.41,817.4,117.8,0.994,urban,22.8,wet,0.2903,medium,True
2024-08-19 18:00:00,0.11,0.21,0.37,0.91,0.6619,19.82,1585.9,314.4,0.967,forest,357.9,normal,0.1297,low,True
2024-08-19 19:30:00,0.41,0.92,2.92,4.39,0.2735,42.08,2305.8,195.8,0.958,forest,191.4,dry,0.1673,low,True
2024-08-19 20:30:00,0.12,0.21,0.68,1.08,0.5016,44.32,1892.5,98.0,0.696,forest,526.1,normal,0.1508,low,True
2024-08-19 20:30:00,0.58,1.09,1.61,2.7,0.5415,24.09,1301.3,195.6,0.364,forest,146.7,normal,0.2146,low,True
2024-08-19 21:00:00,0.09,0.16,0.24,0.54,0.5527,34.82,1757.3,96.0,1.076,forest,173.3,normal,0.23,low,True
2024-08-19 22:00:00,0.16,0.7,1.47,2.56,0.3188,31.26,1588.1,66.7,1.146,urban,263.7,dry,0.1088,low,True
2024-08-20 00:15:00,8.13,13.88,19.25,41.0,0.7211,29.27,1912.3,101.6,0.202,forest,158.6,normal,0.266,low,True
2024-08-20 01:00:00,0.04,0.11,0.23,0.61,0.502,61.37,1945.7,226.4,0.393,forest,115.2,normal,0.2523,low,True
2024-08-20 01:15:00,5.63,11.12,22.76,35.85,0.2976,25.93,2381.3,185.7,0.136,forest,163.7,dry,0.1779,low,True
2024-08-20 03:15:00,11.7,19.18,24.58,38.35,0.4048,44.3,1516.4,59.2,0.177,urban,844.9,dry,0.1303,low,True
2024-08-20 04:30:00,0.73,2.89,4.69,6.78,0.5401,24.19,521.3,326.8,0.164,urban,156.9,normal,0.156,low,True
2024-08-20 05:00:00,7.2,11.55,18.57,41.11,0.6692,34.79,805.0,179.4,1.052,barren,813.9,normal,0.2136,low,True
2024-08-20 05:15:00,0.67,2.09,3.67,6.59,0.7906,25.7,1610.5,285.7,0.173,forest,90.3,wet,0.2574,low,True
2024-08-20 06:00:00,95.56,132.85,158.57,193.1,0.7553,29.86,1438.7,119.0,0.474,forest,400.4,normal,0.6719,high,True
2024-08-20 06:30:00,0.06,0.21,0.55,0.9,0.7428,29.64,2033.3,344.7,0.594,forest,488.2,wet,0.2356,low,True
2024-08-20 09:45:00,2.29,3.6,8.26,18.2,0.238,50.76,2222.5,270.8,0.819,forest,51.3,dry,0.2289,low,True
2024-08-20 12:15:00,0.0,0.01,0.01,0.02,0.7486,20.01,1621.7,163.6,0.018,barren,284.8,wet,0.1821,low,True
2024-08-20 13:00:00,0.16,0.4,0.87,1.48,0.5088,18.62,850.1,324.8,0.387,forest,14.6,normal,0.1765,low,True
2024-08-20 18:15:00,7.82,14.23,22.71,34.73,0.7274,53.63,1937.2,258.3,0.208,forest,932.0,normal,0.1689,low,True
2024-08-20 18:45:00,0.59,2.84,5.12,15.31,0.2762,29.38,1767.5,155.0,1.077,agriculture,270.0,dry,0.1577,low,True
2024-08-20 21:15:00,0.02,0.06,0.14,0.4,0.1254,32.22,1980.8,350.7,0.022,forest,23.1,dry,0.134,low,True
2024-08-20 21:30:00,45.95,81.22,117.78,173.65,0.8316,21.53,1165.1,107.5,0.139,agriculture,412.3,normal,0.5602,high,True
2024-08-20 22:15:00,1.34,2.33,5.49,8.0,0.2168,59.0,3388.5,92.4,0.228,forest,769.1,dry,0.0888,low,True
2024-08-21 00:00:00,0.22,0.73,1.23,2.49,0.2908,14.08,552.8,322.1,0.049,forest,478.2,dry,0.0013,low,True
2024-08-21 00:30:00,0.38,0.68,2.08,3.97,0.2123,22.31,1656.1,254.7,0.302,forest,60.3,dry,0.1496,low,True
2024-08-21 01:45:00,0.85,1.56,2.95,5.56,0.254,39.38,2028.8,124.4,0.817,urban,281.7,dry,0.1581,low,True
2024-08-21 03:30:00,4.56,13.33,20.57,37.41,0.7516,52.89,2096.0,83.4,0.143,forest,472.3,normal,0.1905,low,True
2024-08-21 04:45:00,0.42,1.55,2.63,4.34,0.5335,42.24,1605.7,64.1,0.843,forest,574.3,normal,0.197,low,True
2024-08-21 06:15:00,4.12,7.91,11.33,18.61,0.3304,28.38,1972.7,112.9,0.452,forest,15.6,dry,0.2401,low,True
2024-08-21 06:15:00,5.67,12.45,22.47,41.13,0.7065,34.83,2143.0,45.2,0.254,agriculture,126.8,normal,0.2343,low,True
2024-08-21 08:00:00,0.25,0.67,1.6,2.42,0.7902,21.69,1664.7,52.3,0.276,barren,765.9,wet,0.1323,low,True
2024-08-21 12:30:00,4.29,12.26,18.42,45.69,0.99,39.4,1737.2,279.6,0.074,forest,114.6,wet,0.3486,medium,True
2024-08-21 12:45:00,3.99,10.54,13.54,20.44,0.6135,35.97,1984.7,23.0,0.172,forest,233.9,normal,0.1864,low,True
2024-08-21 17:30:00,0.06,0.15,0.31,0.47,0.4673,21.98,1612.8,158.1,0.788,urban,427.5,normal,0.1036,low,True
2024-08-21 21:15:00,1.5,3.51,6.49,17.4,0.3041,18.43,2400.3,145.8,1.192,barren,1494.2,dry,0.0749,low,True
2024-08-21 21:15:00,2.13,4.25,11.73,22.55,0.6628,36.73,2198.5,345.7,0.185,agriculture,204.2,normal,0.1328,low,True
2024-08-21 22:00:00,0.25,1.16,1.73,4.44,0.5019,35.51,1416.2,167.6,0.533,forest,255.2,normal,0.1577,low,True
2024-08-21 23:45:00,0.46,1.81,4.14,8.0,0.4441,37.67,1169.0,57.9,0.021,forest,296.3,normal,0.2097,low,True
2024-08-21 23:45:00,39.79,65.13,99.46,119.08,0.9161,24.76,2064.0,31.8,0.048,barren,103.4,normal,0.6894,high,True
2024-08-22 00:45:00,16.76,38.21,61.65,122.29,0.8481,36.91,1651.6,263.7,2.001,agriculture,171.0,normal,0.5909,high,True
2024-08-22 02:00:00,0.27,0.86,1.5,2.34,0.8226,34.89,1244.3,53.2,1.361,agriculture,209.5,wet,0.2396,low,True
2024-08-22 02:15:00,0.27,0.61,1.11,2.67,0.9051,41.8,1312.2,337.7,0.051,forest,16.8,wet,0.3221,medium,True
2024-08-22 02:30:00,43.59,61.71,72.6,112.21,0.99,19.81,1988.9,201.3,1.037,agriculture,12.7,wet,0.7505,critical,True
2024-08-22 03:15:00,25.68,46.14,87.45,132.24,0.5355,31.03,1321.0,144.6,0.065,barren,98.9,dry,0.5549,high,True
2024-08-22 04:00:00,0.01,0.03,0.07,0.14,0.1787,28.4,2467.5,246.4,1.058,urban,261.3,dry,0.1241,low,True
2024-08-22 09:00:00,3.67,11.22,19.8,37.93,0.99,34.16,1001.3,71.6,1.469,forest,1100.8,wet,0.1914,low,True
2024-08-22 11:45:00,0.1,0.29,0.78,2.17,0.1879,21.74,1299.4,137.6,0.1,agriculture,1269.1,dry,0.0754,low,True
2024-08-22 12:15:00,0.12,0.53,1.62,3.26,0.4379,44.34,1041.8,12.0,0.096,agriculture,374.6,normal,0.1338,low,True
2024-08-22 12:30:00,51.45,97.11,110.46,156.57,0.849,19.97,868.6,316.0,1.567,urban,624.1,normal,0.6846,high,True
2024-08-22 14:30:00,4.81,8.27,11.69,19.2,0.6464,13.84,1122.3,153.1,0.215,barren,818.4,normal,0.1101,low,True
2024-08-22 16:30:00,0.29,0.75,1.15,3.06,0.4733,17.38,1294.8,273.2,0.384,urban,649.5,normal,0.1326,low,True
2024-08-22 19:00:00,0.06,0.24,0.35,0.93,0.7906,19.88,1348.1,330.1,0.218,urban,284.6,wet,0.2175,low,True
2024-08-22 19:15:00,0.07,0.25,0.55,1.24,0.2733,24.58,301.1,235.0,0.83,forest,436.3,dry,0.0706,low,True
2024-08-22 22:00:00,23.58,62.26,88.76,131.68,0.99,29.14,883.9,135.3,0.142,barren,11.3,wet,0.6876,high,True
2024-08-22 23:00:00,4.72,10.09,14.06,31.48,0.8915,28.97,1707.9,223.0,0.409,agriculture,375.5,wet,0.2162,low,True
2024-08-22 23:45:00,6.6,15.71,31.02,51.67,0.99,65.0,1178.6,129.7,1.14,forest,204.2,wet,0.3162,medium,True
2024-08-23 02:30:00,5.2,14.14,31.31,47.52,0.6772,17.2,2224.8,204.2,1.715,forest,372.2,normal,0.2478,low,True
2024-08-23 04:00:00,5.81,11.48,16.95,26.12,0.6362,29.26,1455.0,155.6,0.261,forest,424.9,normal,0.2302,low,True
2024-08-23 04:00:00,29.03,48.62,70.12,129.33,0.99,18.91,1955.4,54.0,0.073,barren,46.1,wet,0.7048,high,True
2024-08-23 04:15:00,9.12,18.47,24.91,35.57,0.6651,47.65,1376.8,280.8,0.995,forest,736.5,normal,0.1802,low,True
2024-08-23 05:30:00,0.46,0.83,1.39,3.82,0.558,50.18,2149.3,178.7,0.07,barren,77.6,normal,0.2534,low,True
2024-08-23 07:15:00,0.61,1.43,2.72,5.34,0.6605,32.6,300.0,68.5,0.907,agriculture,13.7,normal,0.279,low,True
2024-08-23 07:45:00,0.35,0.88,2.71,5.8,0.1927,45.05,1664.0,321.1,0.701,agriculture,206.6,dry,0.1362,low,True
2024-08-23 09:45:00,0.87,1.57,2.37,6.42,0.5439,39.27,2518.2,307.2,0.517,forest,42.9,normal,0.2353,low,True
2024-08-23 10:45:00,4.69,7.71,14.14,27.68,0.728,27.41,725.7,201.2,1.683,agriculture,1103.1,normal,0.2004,low,True
2024-08-23 12:15:00,0.69,1.33,2.3,3.34,0.5463,25.81,2051.4,349.3,0.234,forest,126.8,normal,0.183,low,True
2024-08-23 12:30:00,1.21,2.01,3.51,5.67,0.2751,29.56,1835.1,333.8,0.059,forest,98.6,dry,0.1476,low,True
2024-08-23 15:00:00,0.8,1.52,2.76,7.14,0.9001,42.31,743.5,322.9,2.397,barren,116.3,wet,0.3311,medium,True
2024-08-23 17:15:00,5.2,8.43,13.16,25.94,0.5607,23.12,1808.9,48.0,0.349,agriculture,126.6,normal,0.1852,low,True
2024-08-23 18:30:00,5.65,11.67,22.47,31.97,0.7173,25.91,1804.6,106.1,0.341,forest,32.6,normal,0.2357,low,True
2024-08-23 19:30:00,0.61,1.31,2.34,6.15,0.7821,40.66,1545.3,147.7,0.056,barren,281.8,wet,0.1563,low,True
2024-08-23 23:00:00,13.73,39.85,62.32,92.5,0.4977,45.9,2284.8,299.5,0.816,forest,16.4,dry,0.2739,low,True
2024-08-23 23:30:00,0.06,0.17,0.4,0.65,0.8281,38.09,2201.8,313.6,0.764,forest,490.7,wet,0.2244,low,True
2024-08-24 01:45:00,0.2,0.52,0.83,1.19,0.4693,32.62,2089.0,270.5,0.094,agriculture,520.9,normal,0.1498,low,True
2024-08-24 09:00:00,5.82,9.4,22.85,42.07,0.7302,42.58,2441.1,170.1,0.16,forest,188.6,normal,0.2496,low,True
2024-08-24 09:30:00,0.8,1.73,3.23,5.16,0.5384,34.41,1112.9,58.3,0.01,agriculture,1247.0,normal,0.1233,low,True
2024-08-24 10:45:00,0.32,0.73,1.38,3.29,0.1805,16.13,1286.1,12.7,1.323,agriculture,542.8,dry,0.0139,low,True
2024-08-24 13:30:00,0.26,0.51,1.47,2.3,0.464,34.28,1204.6,251.7,0.168,agriculture,56.0,normal,0.1751,low,True
2024-08-24 15:00:00,0.43,0.76,1.18,3.81,0.4957,36.72,1293.4,357.9,1.571,forest,1376.6,normal,0.0951,low,True
2024-08-24 16:00:00,4.68,13.33,27.57,54.52,0.4954,34.9,1304.8,124.4,0.508,forest,662.8,dry,0.1245,low,True
2024-08-24 17:45:00,0.01,0.05,0.08,0.14,0.9224,22.89,1518.5,204.7,0.332,forest,436.1,wet,0.2061,low,True
2024-08-24 18:15:00,0.16,0.34,0.54,0.98,0.4359,27.39,1368.8,291.8,0.005,urban,380.9,normal,0.1585,low,True
2024-08-24 19:15:00,8.89,18.11,28.98,43.51,0.9623,33.3,947.4,67.1,0.058,forest,334.9,wet,0.2912,medium,True
2024-08-24 20:00:00,6.23,13.29,17.81,39.49,0.7435,41.17,2076.3,298.6,0.104,forest,1629.8,normal,0.1283,low,True
2024-08-25 01:15:00,0.2,0.45,0.99,1.88,0.4644,34.75,1074.6,225.1,0.067,barren,237.9,normal,0.1494,low,True
2024-08-25 04:00:00,0.39,0.72,1.69,3.21,0.8139,16.83,2544.6,205.1,0.178,barren,73.5,wet,0.2682,low,True
2024-08-25 04:15:00,0.02,0.05,0.08,0.19,0.8293,23.87,2084.1,274.4,0.101,barren,132.1,wet,0.1597,low,True
2024-08-25 04:30:00,2.15,6.01,13.95,25.35,0.3757,39.62,893.1,86.7,0.654,urban,174.6,dry,0.2085,low,True
2024-08-25 05:45:00,13.98,28.79,53.56,91.65,0.99,50.51,1588.1,221.3,0.211,forest,143.1,wet,0.4456,medium,True
2024-08-25 06:15:00,0.04,0.06,0.1,0.21,0.4451,32.7,750.5,86.5,0.76,forest,20.8,normal,0.2508,low,True
2024-08-25 06:45:00,2.99,5.56,9.1,21.82,0.3487,41.71,2364.5,64.6,0.087,forest,36.8,dry,0.1853,low,True
2024-08-25 10:45:00,4.73,10.53,13.39,25.82,0.6799,24.03,1603.0,224.4,0.141,forest,11.7,normal,0.2864,medium,True
2024-08-25 11:00:00,9.49,18.0,24.49,35.03,0.9802,17.46,1580.0,96.9,0.929,agriculture,407.8,wet,0.3144,medium,True
2024-08-25 11:30:00,109.54,131.81,157.91,179.63,0.99,28.68,1732.6,257.2,0.603,forest,392.3,wet,0.786,critical,True
2024-08-25 17:00:00,0.66,1.1,3.22,5.91,0.3036,16.39,1496.5,185.2,0.061,barren,34.7,dry,0.1905,low,True
2024-08-25 19:45:00,0.64,1.17,2.52,4.65,0.8684,50.52,1204.7,250.2,1.923,forest,142.5,wet,0.2683,low,True
2024-08-25 19:45:00,0.57,1.7,3.72,6.93,0.8265,33.38,1542.3,321.0,0.863,forest,126.4,wet,0.3003,medium,True
2024-08-25 20:45:00,0.01,0.02,0.04,0.07,0.5049,30.07,2352.6,49.8,0.483,agriculture,221.5,normal,0.1864,low,True
2024-08-25 23:45:00,49.04,64.07,94.35,147.33,0.9435,35.57,1266.1,24.0,0.252,forest,165.5,normal,0.6654,high,True
2024-08-26 02:15:00,0.26,0.67,1.68,3.12,0.5744,23.41,2436.3,144.0,0.059,barren,611.2,normal,0.1555,low,True
2024-08-26 02:45:00,16.57,25.54,34.15,50.05,0.5067,34.65,1316.8,258.0,0.266,urban,760.0,dry,0.2536,low,True
2024-08-26 03:45:00,0.46,1.45,2.72,5.19,0.9246,24.8,1707.8,319.0,0.234,barren,90.8,wet,0.2815,medium,True
2024-08-26 05:00:00,10.44,25.57,32.02,46.57,0.4849,47.82,2776.6,12.5,0.049,forest,55.1,dry,0.2631,low,True
2024-08-26 06:15:00,5.98,15.65,38.72,72.81,0.7834,45.27,1938.7,285.5,0.919,urban,649.9,normal,0.3898,medium,True
2024-08-26 08:15:00,0.2,0.42,0.99,1.48,0.1423,38.06,1812.4,27.2,0.322,forest,253.7,dry,0.0944,low,True
2024-08-26 11:15:00,27.73,47.45,67.3,79.99,0.8356,59.96,1992.1,209.0,1.322,barren,147.2,normal,0.5123,medium,True
2024-08-26 12:15:00,0.88,1.62,3.27,6.01,0.525,43.16,2199.3,123.9,0.103,forest,28.5,normal,0.2249,low,True
2024-08-26 23:45:00,5.65,9.85,12.78,30.84,0.6376,48.43,1097.9,6.4,0.229,forest,336.1,normal,0.196,low,True
2024-08-27 00:00:00,4.09,6.61,11.26,15.95,0.5956,32.09,1899.0,35.0,0.196,urban,91.5,normal,0.2843,medium,True
2024-08-27 01:15:00,4.85,8.85,14.2,32.03,0.352,14.63,1754.8,127.3,1.202,forest,23.4,dry,0.1937,low,True
2024-08-27 01:45:00,15.36,33.08,76.92,130.25,0.99,36.84,300.2,343.4,0.425,barren,216.0,wet,0.5875,high,True
2024-08-27 02:30:00,0.26,0.52,0.87,1.53,0.4218,35.44,1748.7,55.7,0.092,forest,328.2,normal,0.1357,low,True
2024-08-27 04:30:00,2.83,6.61,12.35,16.74,0.5762,32.6,1005.9,97.9,0.265,barren,75.8,normal,0.1884,low,True
2024-08-27 10:30:00,4.22,7.73,15.3,24.02,0.4159,47.04,1667.5,357.9,1.721,urban,378.9,dry,0.1441,low,True
2024-08-27 14:30:00,9.26,20.02,27.69,51.01,0.5189,36.4,2190.6,173.0,0.481,forest,83.3,dry,0.2443,low,True
2024-08-27 16:45:00,0.2,0.81,2.2,5.26,0.8828,15.89,1039.6,94.4,0.022,agriculture,17.3,wet,0.2635,low,True
2024-08-27 17:45:00,0.81,2.17,3.43,5.48,0.5573,47.85,1528.7,221.7,0.036,agriculture,66.4,normal,0.2291,low,True
2024-08-27 18:45:00,0.08,0.15,0.3,0.79,0.4833,37.85,1344.5,157.0,0.161,urban,319.5,normal,0.1076,low,True
2024-08-27 19:00:00,0.01,0.03,0.04,0.14,0.2369,28.86,2284.7,309.0,0.583,forest,363.0,dry,0.0504,low,True
2024-08-27 22:30:00,18.42,36.72,81.74,114.53,0.848,45.95,1270.1,2.9,0.169,agriculture,710.3,normal,0.4524,medium,True
2024-08-28 02:30:00,6.7,18.28,35.07,49.77,0.99,27.96,1730.3,358.8,1.139,forest,32.5,wet,0.4028,medium,True
2024-08-28 07:30:00,0.46,0.88,1.36,4.13,0.2561,30.89,1978.8,23.9,0.596,forest,1079.8,dry,0.0826,low,True
2024-08-28 08:15:00,0.54,1.3,1.96,3.54,0.544,25.32,2055.8,193.4,0.215,forest,268.3,normal,0.1447,low,True
2024-08-28 09:00:00,0.3,1.02,2.02,4.6,0.8067,23.61,1018.7,251.1,0.3,agriculture,108.6,wet,0.2427,low,True
2024-08-28 09:30:00,5.83,11.71,25.46,38.52,0.6597,38.5,1447.4,197.9,0.282,urban,169.2,normal,0.3316,medium,True
2024-08-28 09:30:00,0.02,0.04,0.06,0.1,0.2777,26.87,2560.9,108.3,0.226,forest,30.1,dry,0.1705,low,True
2024-08-28 10:45:00,41.72,78.77,113.64,131.7,0.8347,25.36,1590.7,308.0,0.596,agriculture,50.8,normal,0.6735,high,True
2024-08-28 15:15:00,31.73,59.42,91.13,108.01,0.6617,33.69,2218.2,155.0,0.135,agriculture,759.2,dry,0.3256,medium,True
2024-08-28 15:45:00,10.77,23.38,33.36,47.15,0.99,52.46,2834.8,108.3,0.207,forest,49.2,wet,0.43,medium,True
2024-08-28 16:15:00,0.3,0.87,1.35,2.02,0.5565,44.25,1559.5,276.6,0.053,urban,30.1,normal,0.1719,low,True
2024-08-28 17:30:00,0.18,0.34,0.77,1.39,0.7905,34.27,2098.7,52.5,0.283,forest,329.2,wet,0.1787,low,True
2024-08-28 19:15:00,0.11,0.28,0.48,0.99,0.1834,19.62,2172.2,73.8,0.04,forest,178.9,dry,0.1016,low,True
2024-08-28 20:45:00,0.93,4.01,5.74,9.82,0.4371,43.61,784.9,91.0,0.011,forest,192.3,normal,0.1347,low,True
2024-08-28 22:30:00,9.1,15.26,19.41,44.31,0.4936,18.73,1841.1,156.6,0.623,urban,54.9,dry,0.2347,low,True
2024-08-28 23:00:00,0.04,0.13,0.37,1.0,0.4904,43.0,2502.0,7.3,0.106,urban,25.8,normal,0.2518,low,True
2024-08-29 00:00:00,14.52,45.53,59.24,108.97,0.5607,30.75,653.2,357.0,0.021,forest,712.8,dry,0.181,low,True
2024-08-29 00:45:00,1.26,2.18,3.41,5.43,0.5201,21.14,1531.6,216.1,0.042,forest,182.7,normal,0.1471,low,True
2024-08-29 04:15:00,0.31,0.69,1.07,1.93,0.8429,18.12,1668.7,349.5,0.133,agriculture,50.8,wet,0.2089,low,True
2024-08-29 09:00:00,0.26,1.3,4.28,6.48,0.2139,18.33,1540.4,290.7,0.766,barren,88.2,dry,0.1693,low,True
2024-08-29 11:30:00,14.69,29.47,54.31,102.3,0.8428,28.91,1479.5,48.4,0.007,agriculture,48.0,normal,0.4266,medium,True
2024-08-29 13:45:00,4.47,9.23,14.94,21.53,0.9645,32.05,933.5,75.3,0.778,urban,237.6,wet,0.3064,medium,True
2024-08-29 19:00:00,0.02,0.05,0.15,0.26,0.8336,18.92,1831.2,12.4,0.545,barren,579.5,wet,0.2197,low,True
2024-08-29 19:45:00,0.09,0.19,0.47,0.95,0.2444,41.46,1152.6,300.2,0.433,barren,185.0,dry,0.193,low,True
2024-08-29 22:00:00,77.69,95.93,123.93,140.74,0.99,49.2,1167.8,213.6,1.44,agriculture,348.6,wet,0.8441,critical,True
2024-08-30 00:00:00,0.06,0.13,0.19,0.63,0.285,37.91,467.7,77.4,1.062,forest,403.9,dry,0.1673,low,True
2024-08-30 00:00:00,5.15,9.56,23.27,52.33,0.7753,32.5,745.5,349.2,0.326,barren,445.8,normal,0.264,low,True
2024-08-30 00:30:00,8.12,16.31,26.27,51.19,0.9761,23.88,2486.8,265.2,0.004,forest,335.6,wet,0.2462,low,True
2024-08-30 05:30:00,0.18,0.5,0.78,1.79,0.8496,30.05,1646.6,254.0,0.744,forest,292.7,wet,0.2031,low,True
2024-08-30 08:30:00,3.25,9.92,12.87,29.96,0.9037,17.34,2043.8,96.1,0.029,forest,237.8,wet,0.2107,low,True
2024-08-30 09:30:00,0.11,0.22,0.52,1.26,0.8236,37.22,1067.5,112.8,0.195,agriculture,234.6,wet,0.277,low,True
2024-08-30 10:15:00,0.24,0.79,1.21,3.99,0.1606,19.59,433.4,240.5,0.408,agriculture,151.7,dry,0.0577,low,True
2024-08-30 11:15:00,0.39,0.71,1.33,3.36,0.532,44.32,1205.9,213.7,0.063,agriculture,255.8,normal,0.145,low,True
2024-08-30 12:00:00,0.5,1.48,4.27,10.85,0.5591,38.23,451.4,233.0,0.682,forest,238.2,normal,0.1879,low,True
2024-08-30 15:30:00,4.45,7.6,11.7,21.45,0.5892,28.8,1179.7,316.4,0.233,agriculture,144.7,normal,0.2673,low,True
2024-08-30 15:45:00,19.59,44.77,110.87,139.31,0.674,35.09,2290.3,57.7,0.269,forest,135.4,dry,0.3869,medium,True
2024-08-30 21:00:00,6.43,12.19,22.74,54.04,0.7268,40.21,1540.8,41.9,0.627,agriculture,216.8,normal,0.2638,low,True
2024-08-30 21:00:00,0.06,0.19,0.45,0.68,0.7916,30.52,2469.4,203.3,0.305,forest,578.7,wet,0.1646,low,True
2024-08-30 21:00:00,0.48,1.26,3.66,7.45,0.79,28.19,1942.1,180.1,0.153,barren,109.6,wet,0.2157,low,True
2024-08-30 21:30:00,0.06,0.13,0.36,0.76,0.5453,30.6,2239.8,145.0,0.117,barren,663.4,normal,0.1541,low,True
2024-08-30 21:45:00,0.16,0.31,0.61,1.68,0.5685,25.79,1454.0,325.7,0.773,barren,460.5,normal,0.1774,low,True
2024-08-30 22:00:00,7.79,20.23,31.0,53.9,0.8064,48.81,764.9,201.0,0.833,barren,116.3,normal,0.3745,medium,True
2024-08-30 23:45:00,4.23,10.28,19.79,35.0,0.7029,37.92,990.5,204.2,0.131,agriculture,14.9,normal,0.2965,medium,True
2024-08-31 00:30:00,0.54,1.45,4.6,11.64,0.8966,33.22,2335.2,131.9,0.231,forest,38.0,wet,0.2166,low,True
2024-08-31 01:15:00,8.27,17.01,33.99,57.58,0.4776,20.5,1707.2,123.9,1.882,agriculture,760.6,dry,0.162,low,True
2024-08-31 01:30:00,5.19,8.36,16.26,31.56,0.6075,45.67,775.2,355.5,2.49,agriculture,585.6,normal,0.231,low,True
2024-08-31 02:00:00,33.37,67.01,84.28,104.28,0.99,23.82,1989.7,224.3,0.528,agriculture,177.1,wet,0.6896,high,True
2024-08-31 03:00:00,0.16,0.4,0.89,1.64,0.7832,38.36,665.1,297.0,0.849,forest,32.3,wet,0.2495,low,True
2024-08-31 03:00:00,2.78,5.07,7.62,20.23,0.6582,23.72,1876.5,161.1,0.828,urban,593.3,normal,0.102,low,True
2024-08-31 03:45:00,6.96,19.36,35.79,52.48,0.4524,26.55,1444.8,69.1,0.302,forest,113.1,dry,0.212,low,True
2024-08-31 05:15:00,0.01,0.01,0.01,0.02,0.8172,34.93,2013.6,116.9,0.03,forest,1081.0,wet,0.1667,low,True
2024-08-31 07:15:00,0.08,0.16,0.29,0.49,0.5651,38.09,1441.6,124.6,0.81,urban,269.0,normal,0.1427,low,True
2024-08-31 07:15:00,0.14,0.24,0.41,0.66,0.9013,40.94,2035.1,203.4,0.088,barren,449.6,wet,0.1896,low,True
2024-08-31 08:15:00,0.73,1.37,1.96,3.54,0.5555,36.88,681.4,55.7,0.206,forest,226.8,normal,0.1968,low,True
2024-08-31 09:00:00,0.31,0.76,1.13,2.56,0.2043,30.95,1800.5,139.3,0.227,urban,19.8,dry,0.0996,low,True
2024-08-31 11:45:00,19.22,29.77,48.28,85.77,0.4764,17.6,1333.6,36.2,0.258,forest,32.8,dry,0.3262,medium,True
2024-08-31 12:30:00,1.27,4.05,7.08,17.2,0.6185,21.9,1824.1,178.8,0.376,barren,1315.1,normal,0.1127,low,True
2024-08-31 13:45:00,43.37,84.74,117.48,136.72,0.573,30.66,1415.4,341.1,0.418,agriculture,196.0,dry,0.5033,medium,True
2024-08-31 13:45:00,5.65,9.42,14.7,22.02,0.3226,15.65,1063.3,122.0,0.396,agriculture,80.8,dry,0.1974,low,True
2024-08-31 13:45:00,1.55,2.61,6.32,15.01,0.5484,49.43,1537.1,17.9,0.107,barren,455.9,normal,0.1681,low,True
2024-08-31 14:30:00,0.78,2.33,6.27,13.77,0.5902,39.26,2342.6,219.2,0.628,forest,758.5,normal,0.127,low,True
2024-08-31 15:30:00,0.36,1.08,3.07,7.55,0.2634,27.53,1237.7,228.5,0.937,forest,118.7,dry,0.1927,low,True
2024-08-31 16:45:00,3.0,9.21,19.09,31.03,0.3326,15.8,1719.9,172.6,0.372,agriculture,306.3,dry,0.1185,low,True
2024-08-31 17:00:00,0.38,1.31,3.94,6.86,0.7548,24.19,1195.9,142.9,1.093,forest,108.5,wet,0.201,low,True
2024-08-31 17:15:00,0.07,0.27,0.75,1.32,0.2098,44.03,421.3,321.4,0.352,urban,615.2,dry,0.1276,low,True
2024-08-31 18:45:00,0.07,0.23,0.62,1.58,0.56,26.86,1645.0,337.8,0.504,agriculture,41.8,normal,0.1334,low,True
2024-08-31 20:15:00,0.12,0.26,0.68,1.5,0.4979,49.85,3600.0,242.3,0.043,forest,173.1,normal,0.188,low,True
2024-08-31 21:30:00,5.9,9.46,20.92,44.55,0.99,38.35,797.8,180.4,0.095,agriculture,177.3,wet,0.3917,medium,True
2024-08-31 23:15:00,0.74,2.65,4.48,7.98,0.5554,32.15,2175.1,24.3,0.875,forest,364.6,normal,0.1759,low,True
2024-09-01 00:00:00,4.23,10.65,16.48,31.13,0.4157,14.22,300.0,108.4,0.172,forest,78.7,dry,0.1933,low,True
2024-09-01 01:15:00,56.57,74.32,96.21,136.72,0.4971,26.39,1566.9,102.6,0.059,forest,235.5,dry,0.4197,medium,True
2024-09-01 03:45:00,0.91,2.23,6.22,9.01,0.525,26.77,764.4,21.0,0.504,urban,291.1,normal,0.1308,low,True
2024-09-01 05:00:00,0.16,0.46,0.95,2.0,0.4358,33.95,1859.5,303.6,0.059,forest,785.4,normal,0.1109,low,True
2024-09-01 05:00:00,0.04,0.1,0.15,0.32,0.4787,47.79,1268.6,312.1,0.691,forest,271.8,normal,0.1924,low,True
2024-09-01 09:00:00,0.73,2.12,3.76,5.73,0.1359,19.69,1247.0,328.5,0.701,forest,59.5,dry,0.2003,low,True
2024-09-01 09:30:00,0.1,0.38,0.74,2.17,0.487,60.64,920.4,267.1,0.362,forest,47.4,normal,0.2203,low,True
2024-09-01 11:00:00,8.24,14.04,27.46,45.33,0.793,57.77,310.3,255.8,0.695,forest,912.6,normal,0.2735,low,True
2024-09-01 12:00:00,0.09,0.21,0.35,0.99,0.4939,22.26,1423.5,172.0,0.964,barren,1373.5,normal,0.061,low,True
2024-09-01 13:45:00,0.59,1.11,2.3,3.58,0.2308,29.9,1173.7,308.7,0.132,urban,74.0,dry,0.1848,low,True
2024-09-01 14:45:00,21.04,40.98,54.17,77.66,0.8043,36.63,1349.9,183.6,0.629,forest,497.1,normal,0.3396,medium,True
2024-09-01 17:45:00,0.23,0.89,2.17,3.63,0.2491,50.88,1394.7,10.7,0.707,agriculture,111.0,dry,0.1317,low,True
2024-09-01 19:00:00,50.17,90.63,103.96,130.13,0.8517,25.6,1095.7,210.6,0.13,urban,636.2,normal,0.7078,high,True
2024-09-01 19:45:00,9.19,23.96,37.24,50.41,0.7334,19.62,1671.3,140.6,0.779,forest,45.6,normal,0.2763,low,True
2024-09-01 20:00:00,2.56,8.43,10.93,22.56,0.978,45.27,1469.1,187.7,0.763,forest,211.1,wet,0.3001,medium,True
2024-09-01 21:30:00,0.01,0.04,0.09,0.24,0.4805,32.74,2095.3,158.7,0.103,urban,327.3,normal,0.1054,low,True
2024-09-01 21:30:00,0.19,0.55,0.89,1.76,0.5752,33.38,3027.6,178.8,0.229,barren,679.9,normal,0.1254,low,True
2024-09-01 23:00:00,0.0,0.02,0.03,0.05,0.1606,47.92,1736.9,39.1,1.7,forest,690.1,dry,0.0958,low,True
2024-09-01 23:00:00,0.78,1.69,3.3,8.04,0.2898,35.9,2264.2,5.2,0.044,forest,81.3,dry,0.1526,low,True
2024-09-02 01:30:00,6.17,12.35,17.57,37.37,0.4541,22.07,1675.3,122.5,0.156,forest,1205.2,dry,0.0822,low,True
2024-09-02 01:45:00,60.76,100.0,114.53,142.87,0.4691,46.67,1879.2,91.6,0.519,forest,366.2,dry,0.5052,medium,True
2024-09-02 04:45:00,0.19,0.45,0.93,1.79,0.0951,24.54,1404.4,90.0,2.078,barren,386.3,dry,0.1756,low,True
2024-09-02 05:30:00,59.23,77.39,90.82,118.98,0.99,18.9,1538.5,337.4,0.178,agriculture,779.4,wet,0.7479,critical,True
2024-09-02 05:45:00,0.55,1.24,2.13,5.1,0.5258,26.9,1122.9,294.8,1.018,agriculture,145.1,normal,0.2581,low,True
2024-09-02 06:15:00,1.66,3.1,6.05,14.88,0.3109,30.04,2450.6,4.8,0.275,forest,197.8,dry,0.163,low,True
2024-09-02 06:30:00,0.02,0.08,0.14,0.28,0.171,33.5,2180.8,3.1,0.261,forest,1479.6,dry,0.0278,low,True
2024-09-02 07:45:00,0.07,0.13,0.19,0.34,0.5827,30.23,1753.1,279.7,3.321,forest,15.8,normal,0.2945,medium,True
2024-09-02 09:30:00,8.51,14.38,17.98,29.97,0.6939,56.35,984.8,354.5,1.02,barren,716.5,normal,0.2449,low,True
2024-09-02 10:45:00,41.93,57.01,78.54,89.89,0.5836,34.8,1494.1,167.5,0.171,agriculture,656.9,dry,0.4013,medium,True
2024-09-02 12:15:00,12.34,19.13,24.86,39.35,0.6719,35.88,2180.5,155.9,0.123,forest,116.5,normal,0.2597,low,True
2024-09-02 12:30:00,0.04,0.12,0.19,0.6,0.8055,19.24,3067.6,99.3,0.053,forest,613.5,wet,0.1852,low,True
2024-09-02 12:45:00,0.26,1.09,1.67,3.64,0.5657,43.58,1646.3,240.0,0.395,barren,150.3,normal,0.1618,low,True
2024-09-02 13:45:00,0.68,1.32,4.03,6.24,0.5317,29.93,2335.3,169.8,0.244,agriculture,357.0,normal,0.1495,low,True
2024-09-02 14:15:00,5.14,9.89,12.87,25.47,0.9354,39.79,1704.0,60.3,0.288,forest,217.3,wet,0.2678,low,True
2024-09-02 14:15:00,1.09,2.18,4.69,6.82,0.1945,44.2,2365.5,173.3,0.339,forest,47.4,dry,0.2032,low,True
2024-09-02 16:45:00,4.06,11.25,17.36,31.07,0.3546,25.16,345.7,135.5,2.829,forest,800.0,dry,0.13,low,True
2024-09-02 17:30:00,75.53,102.28,114.81,134.83,0.8235,31.46,1083.4,320.3,0.002,barren,285.8,normal,0.7415,critical,True
2024-09-02 22:15:00,1.22,4.1,6.14,9.53,0.5006,35.45,1788.0,277.8,0.333,agriculture,240.1,normal,0.1325,low,True
2024-09-02 22:45:00,4.44,10.68,21.17,28.74,0.7193,22.66,869.9,252.4,0.04,barren,750.6,normal,0.1649,low,True
2024-09-02 23:30:00,0.61,2.37,5.58,10.23,0.2834,36.31,1854.7,117.8,0.671,barren,149.1,dry,0.1278,low,True
2024-09-03 00:30:00,1.77,5.12,8.49,18.84,0.8596,59.28,1623.7,50.3,0.031,urban,305.7,wet,0.2971,medium,True
2024-09-03 02:30:00,0.16,0.73,2.29,4.73,0.5767,38.46,636.7,311.3,0.874,forest,758.8,normal,0.1469,low,True
2024-09-03 03:00:00,10.34,21.71,39.07,59.6,0.99,30.97,524.8,123.4,1.214,forest,157.0,wet,0.3376,medium,True
2024-09-03 03:00:00,8.04,16.15,28.27,42.04,0.9299,40.41,1799.8,213.5,2.12,agriculture,562.2,wet,0.3313,medium,True
2024-09-03 03:00:00,0.02,0.1,0.19,0.3,0.4845,32.43,911.8,212.7,0.077,forest,262.8,normal,0.1162,low,True
2024-09-03 04:15:00,0.9,1.75,3.71,10.08,0.9153,62.98,1325.7,334.1,2.315,barren,70.1,wet,0.3486,medium,True
2024-09-03 05:00:00,7.28,16.18,35.16,49.57,0.7932,44.07,1978.6,61.8,0.319,urban,24.5,normal,0.425,medium,True
2024-09-03 07:15:00,11.58,18.2,28.07,51.05,0.99,26.81,1550.9,277.8,0.601,agriculture,464.0,wet,0.3775,medium,True
2024-09-03 08:45:00,29.22,47.48,75.49,111.65,0.5552,43.18,1346.2,166.5,0.0,forest,116.3,dry,0.3622,medium,True
2024-09-03 13:30:00,2.74,5.39,11.54,24.65,0.99,22.54,689.9,62.9,0.277,forest,602.0,wet,0.2357,low,True
2024-09-03 13:30:00,3.02,7.46,12.02,18.18,0.2893,37.2,2499.9,300.8,0.261,forest,83.3,dry,0.113,low,True
2024-09-03 13:45:00,111.51,143.82,168.14,200.24,0.99,58.98,2083.2,295.3,0.42,barren,303.6,wet,0.791,critical,True
2024-09-03 14:15:00,0.02,0.03,0.06,0.2,0.547,19.28,1213.4,14.5,0.085,forest,44.3,normal,0.1801,low,True
2024-09-03 15:00:00,0.65,1.72,5.66,10.2,0.3027,32.9,1058.1,255.4,0.703,forest,475.8,dry,0.1013,low,True
2024-09-03 16:00:00,0.01,0.02,0.02,0.07,0.2129,26.94,1262.9,55.3,0.543,forest,517.9,dry,0.1153,low,True
2024-09-03 17:45:00,8.32,13.9,26.97,37.79,0.7228,22.97,1012.5,219.7,0.143,urban,879.2,normal,0.2392,low,True
2024-09-03 19:00:00,0.62,2.78,9.24,14.74,0.6704,22.47,1422.0,231.8,2.468,agriculture,298.4,normal,0.1983,low,True
2024-09-03 20:30:00,0.33,0.88,2.64,4.61,0.2885,65.0,2269.7,239.5,0.003,urban,49.4,dry,0.2124,low,True
2024-09-03 21:00:00,0.17,0.38,0.81,2.04,0.1917,36.82,2207.0,43.2,0.246,barren,625.6,dry,0.0628,low,True
2024-09-03 21:15:00,0.14,0.3,0.44,0.99,0.4654,46.23,2205.0,215.4,0.182,agriculture,141.9,normal,0.2137,low,True
2024-09-04 00:00:00,17.7,45.36,88.88,127.78,0.8029,30.38,821.5,36.0,0.493,forest,814.5,normal,0.3797,medium,True
2024-09-04 00:15:00,0.37,0.76,1.71,3.26,0.5333,37.19,978.6,268.4,1.316,forest,1343.2,normal,0.1192,low,True
2024-09-04 04:30:00,0.28,0.57,0.87,1.73,0.7243,40.01,2177.4,22.9,0.643,agriculture,59.7,wet,0.2339,low,True
2024-09-04 07:15:00,100.12,133.83,160.15,213.16,0.8155,39.81,1870.5,272.8,0.029,barren,40.3,normal,0.8189,critical,True
2024-09-04 11:00:00,0.93,2.85,6.63,13.05,0.2785,60.74,1339.2,318.1,1.194,forest,807.6,dry,0.1706,low,True
2024-09-04 12:15:00,0.12,0.37,0.64,1.36,0.5684,39.39,2026.9,107.5,0.185,forest,812.0,normal,0.1729,low,True
2024-09-04 13:30:00,4.44,8.77,21.71,39.03,0.99,32.97,1902.9,280.2,0.07,agriculture,318.0,wet,0.3086,medium,True
2024-09-04 16:30:00,0.0,0.01,0.02,0.05,0.1736,41.75,680.4,150.3,0.34,forest,776.6,dry,0.0841,low,True
2024-09-04 18:15:00,95.27,143.3,161.86,199.82,0.8912,25.98,300.0,287.2,1.374,agriculture,943.4,normal,0.7572,critical,True
2024-09-04 18:45:00,14.12,34.48,74.13,104.93,0.8041,33.53,1592.2,247.1,0.021,forest,293.7,normal,0.3664,medium,True
2024-09-04 21:45:00,1.11,2.24,5.06,10.43,0.9018,47.92,304.4,104.1,0.59,forest,416.0,wet,0.2334,low,True
2024-09-04 22:45:00,0.62,1.47,4.62,8.1,0.5711,30.89,2257.4,69.7,0.243,forest,342.8,normal,0.0925,low,True
2024-09-05 01:15:00,6.76,13.76,26.63,52.64,0.8345,25.12,1906.3,329.3,0.585,agriculture,77.2,normal,0.3368,medium,True
2024-09-05 03:30:00,0.2,0.55,0.85,1.4,0.597,29.92,1379.3,302.0,0.186,agriculture,210.6,normal,0.1546,low,True
2024-09-05 05:45:00,11.42,18.92,40.6,79.05,0.99,27.9,860.5,237.6,2.048,forest,410.3,wet,0.3726,medium,True
2024-09-05 07:15:00,21.68,59.11,80.54,106.62,0.8283,19.26,1038.0,125.8,0.073,urban,339.8,normal,0.5246,high,True
2024-09-05 10:45:00,1.65,3.43,4.92,11.13,0.5827,23.81,300.0,183.8,0.103,forest,94.8,normal,0.174,low,True
2024-09-05 11:30:00,1.89,3.02,6.53,16.17,0.5486,28.19,2436.6,200.8,0.028,forest,851.8,normal,0.1371,low,True
2024-09-05 11:45:00,4.01,9.2,20.39,35.65,0.99,33.11,1716.4,31.0,0.951,agriculture,546.5,wet,0.2709,low,True
2024-09-05 14:45:00,0.08,0.17,0.38,1.27,0.205,65.0,1491.8,350.0,0.059,forest,34.8,dry,0.1993,low,True
2024-09-05 17:45:00,7.28,11.82,20.75,31.66,0.4334,46.09,2701.1,33.1,0.194,agriculture,157.6,dry,0.2495,low,True
2024-09-06 05:45:00,0.22,0.63,1.26,3.69,0.5071,32.58,1031.1,259.8,0.138,urban,1904.3,normal,0.1049,low,True
2024-09-06 07:30:00,0.17,0.32,0.65,1.53,0.5155,27.89,1478.9,177.4,0.262,agriculture,182.9,normal,0.1946,low,True
2024-09-06 08:00:00,0.04,0.13,0.31,0.93,0.2353,24.19,1182.8,273.6,0.871,agriculture,391.1,dry,0.1472,low,True
2024-09-06 09:00:00,6.95,21.16,38.19,54.8,0.3314,59.54,2848.5,93.9,1.8,agriculture,47.1,dry,0.2218,low,True
2024-09-06 12:30:00,7.44,12.64,17.67,41.72,0.7373,32.01,1426.5,142.2,1.267,forest,140.3,normal,0.3021,medium,True
2024-09-06 13:45:00,92.42,132.89,163.58,195.39,0.8011,40.37,1711.1,189.2,1.104,forest,758.1,normal,0.8118,critical,True
2024-09-06 15:00:00,6.58,14.97,23.34,39.67,0.99,25.52,2572.5,43.5,0.324,forest,260.1,wet,0.3063,medium,True
2024-09-06 17:15:00,5.91,12.46,16.82,24.08,0.2814,20.16,2250.6,306.7,0.971,urban,620.3,dry,0.1157,low,True
2024-09-06 18:15:00,0.11,0.23,0.65,2.04,0.7437,48.59,624.8,357.0,0.901,forest,12.7,wet,0.3198,medium,True
2024-09-06 22:45:00,0.15,0.36,0.94,2.12,0.4925,27.04,1411.0,150.3,0.171,agriculture,394.0,normal,0.1156,low,True
2024-09-07 03:15:00,0.67,1.56,3.17,5.7,0.2556,31.4,1557.9,135.7,0.183,urban,134.8,dry,0.2554,low,True
2024-09-07 05:45:00,1.38,2.54,4.19,6.12,0.5657,27.24,1696.3,213.9,0.415,barren,700.1,normal,0.1405,low,True
2024-09-07 07:30:00,5.54,9.08,21.88,31.3,0.613,25.61,1789.0,247.9,1.986,urban,1019.1,normal,0.1415,low,True
2024-09-07 08:15:00,0.21,0.47,0.82,1.6,0.1314,28.8,1056.4,312.7,0.069,agriculture,417.2,dry,0.0446,low,True
2024-09-07 09:45:00,2.9,8.52,12.45,19.0,0.5554,17.48,2516.8,134.2,2.674,forest,65.3,normal,0.269,low,True
2024-09-07 10:45:00,1.72,5.27,9.73,16.25,0.8475,26.09,1867.5,275.3,0.104,barren,231.0,wet,0.2029,low,True
2024-09-07 10:45:00,0.1,0.17,0.32,0.58,0.18,38.18,1990.2,86.4,0.399,forest,228.6,dry,0.0897,low,True
2024-09-07 12:00:00,8.38,15.24,23.61,33.06,0.3478,54.19,2423.7,245.0,0.217,forest,630.8,dry,0.1593,low,True
2024-09-07 13:00:00,3.89,6.27,9.66,21.78,0.3726,28.57,1766.0,168.0,0.327,barren,226.1,dry,0.161,low,True
2024-09-07 14:45:00,31.18,60.58,111.05,139.61,0.99,26.82,1474.6,238.2,1.9,agriculture,151.5,wet,0.7094,high,True
2024-09-07 15:00:00,4.13,11.27,24.08,36.5,0.4272,37.64,1382.2,136.7,0.599,barren,340.8,dry,0.1745,low,True
2024-09-07 19:30:00,29.41,58.97,99.4,126.39,0.99,32.53,1465.0,106.0,0.212,urban,374.5,wet,0.7435,critical,True
2024-09-07 20:00:00,3.15,6.35,13.46,26.76,0.5979,24.68,1503.1,175.0,0.594,barren,591.2,normal,0.1395,low,True
2024-09-08 01:45:00,0.14,0.3,0.59,0.9,0.8634,49.58,452.9,322.2,0.361,forest,817.5,wet,0.1595,low,True
2024-09-08 01:45:00,0.07,0.13,0.31,0.92,0.5098,54.33,1227.4,242.9,1.723,agriculture,782.4,normal,0.1393,low,True
2024-09-08 04:30:00,4.97,14.12,29.63,41.94,0.6991,29.44,944.0,220.2,0.261,barren,354.9,normal,0.2691,low,True
2024-09-08 04:30:00,5.37,14.74,35.55,54.59,0.99,31.3,382.7,259.2,0.527,urban,270.0,wet,0.4308,medium,True
2024-09-08 04:45:00,0.08,0.28,0.85,2.2,0.4771,29.82,1694.1,262.5,1.136,forest,575.4,normal,0.0918,low,True
2024-09-08 08:30:00,0.12,0.28,0.42,1.33,0.5448,32.68,1866.1,106.1,1.914,forest,138.2,normal,0.1909,low,True
2024-09-08 09:45:00,4.64,7.23,10.6,15.62,0.5864,26.69,1083.2,83.8,0.963,barren,506.5,normal,0.1873,low,True
2024-09-08 10:15:00,44.17,81.67,92.3,120.15,0.809,26.49,1431.9,183.3,1.645,forest,256.9,normal,0.4755,medium,True
2024-09-08 12:00:00,5.12,13.36,22.43,52.28,0.8067,14.12,1939.4,53.2,0.374,agriculture,56.2,normal,0.3163,medium,True
2024-09-08 12:30:00,0.21,0.8,1.45,4.66,0.5051,23.44,1419.1,170.9,0.868,forest,499.2,normal,0.145,low,True
2024-09-08 14:45:00,0.18,0.57,1.08,3.14,0.5786,41.3,1518.2,249.5,0.06,forest,375.9,normal,0.1766,low,True
2024-09-08 15:15:00,0.89,2.42,3.83,6.55,0.8109,36.24,1453.2,2.7,0.541,barren,40.1,wet,0.2686,low,True
2024-09-08 17:45:00,0.58,2.0,3.73,5.77,0.4881,26.48,1961.0,40.0,0.008,forest,219.5,normal,0.1536,low,True
2024-09-08 18:00:00,2.02,4.85,8.73,16.77,0.2613,45.97,1589.9,346.4,0.181,agriculture,243.3,dry,0.1614,low,True
2024-09-08 18:30:00,23.67,66.73,86.21,125.74,0.9062,26.21,1404.8,334.1,0.657,forest,381.0,normal,0.4216,medium,True
2024-09-08 18:45:00,0.26,0.89,1.35,1.94,0.2225,17.93,1315.1,150.4,0.113,forest,407.2,dry,0.0163,low,True
2024-09-08 20:45:00,28.81,48.03,66.08,108.64,0.5468,29.88,1097.5,212.4,0.134,forest,84.0,dry,0.4103,medium,True
2024-09-08 20:45:00,0.06,0.19,0.35,0.58,0.4673,34.55,1958.3,55.9,0.038,barren,22.0,normal,0.2092,low,True
2024-09-08 21:45:00,0.03,0.07,0.22,0.47,0.6835,36.77,1939.7,119.2,0.826,forest,563.1,normal,0.1859,low,True
2024-09-08 22:30:00,0.91,1.66,2.88,8.52,0.8636,54.51,1596.3,285.5,0.356,agriculture,1408.3,wet,0.2094,low,True
2024-09-09 01:30:00,5.14,12.17,26.8,52.05,0.99,27.37,2162.7,308.1,1.313,agriculture,998.7,wet,0.4027,medium,True
2024-09-09 02:30:00,0.67,2.8,4.88,11.66,0.3004,23.26,1606.5,145.9,0.27,agriculture,253.2,dry,0.0881,low,True
2024-09-09 05:00:00,0.13,0.23,0.34,0.7,0.4575,28.6,1794.7,112.0,0.343,agriculture,273.5,normal,0.1814,low,True
2024-09-09 05:15:00,0.95,1.71,3.68,7.8,0.8816,30.15,1258.2,245.4,0.41,forest,943.6,wet,0.1782,low,True
2024-09-09 06:45:00,0.74,2.05,5.39,8.5,0.2427,31.22,2319.4,258.4,1.184,forest,285.0,dry,0.087,low,True
2024-09-09 08:00:00,103.11,137.64,169.49,187.3,0.99,43.01,1697.3,354.2,0.207,agriculture,123.8,wet,0.8744,critical,True
2024-09-09 09:30:00,0.21,0.42,0.97,2.86,0.8629,23.03,1832.0,251.0,0.032,forest,406.2,wet,0.2432,low,True
2024-09-09 10:00:00,0.2,0.42,1.28,3.89,0.5701,26.3,1640.1,86.5,0.592,barren,237.0,normal,0.1506,low,True
2024-09-09 12:45:00,14.39,39.81,61.47,85.91,0.7904,28.95,1650.6,21.6,1.048,barren,548.0,normal,0.3964,medium,True
2024-09-09 13:15:00,14.34,28.86,63.59,99.86,0.99,21.21,1756.6,92.7,0.488,forest,545.2,wet,0.3637,medium,True
2024-09-09 13:15:00,17.63,27.31,53.43,98.38,0.99,34.96,367.8,81.6,0.232,agriculture,971.9,wet,0.5283,high,True
2024-09-09 14:15:00,1.47,5.09,8.72,16.83,0.5227,38.13,1854.3,33.4,0.597,urban,61.9,normal,0.2611,low,True
2024-09-09 14:30:00,15.98,30.11,44.57,55.73,0.8036,28.48,1173.0,160.0,2.827,forest,267.9,normal,0.3178,medium,True
2024-09-09 16:45:00,0.09,0.3,0.45,0.82,0.8065,20.29,1461.1,103.7,0.512,barren,549.4,wet,0.141,low,True
2024-09-09 17:15:00,1.65,3.8,8.99,18.54,0.5321,24.27,1206.5,333.0,0.227,forest,209.7,normal,0.1563,low,True
2024-09-09 18:00:00,4.88,12.91,20.49,34.83,0.3407,26.16,2098.5,145.4,0.168,agriculture,355.1,dry,0.106,low,True
2024-09-09 19:30:00,0.32,0.82,1.29,2.43,0.5418,17.52,1124.7,315.6,3.801,urban,604.5,normal,0.1688,low,True
2024-09-09 21:45:00,1.86,4.52,8.78,19.71,0.8718,23.5,1423.3,110.4,1.14,agriculture,234.4,wet,0.2856,medium,True
2024-09-10 01:15:00,4.57,7.03,10.69,23.77,0.9718,29.94,1210.4,299.3,0.197,agriculture,193.7,wet,0.3259,medium,True
2024-09-10 04:00:00,21.33,49.11,69.58,133.37,0.8254,57.56,1154.9,163.6,0.183,urban,79.7,normal,0.7242,high,True
2024-09-10 06:15:00,2.49,7.6,11.73,16.94,0.6181,43.34,1161.7,11.6,0.977,barren,619.1,normal,0.2391,low,True
2024-09-10 07:30:00,25.08,52.43,95.73,129.16,0.765,30.66,854.4,175.3,2.919,agriculture,566.0,normal,0.5011,medium,True
2024-09-10 08:30:00,0.43,1.18,3.04,4.46,0.8122,59.23,1262.1,81.6,0.376,agriculture,485.7,wet,0.1486,low,True
2024-09-10 12:30:00,3.99,7.02,9.03,17.65,0.5679,40.02,1715.6,110.7,0.155,agriculture,184.9,normal,0.2089,low,True
2024-09-10 18:30:00,0.21,0.75,1.26,2.5,0.8203,26.39,1053.2,246.4,0.157,barren,316.3,wet,0.1559,low,True
2024-09-10 20:15:00,0.68,1.43,2.99,7.66,0.6172,27.56,1675.4,190.6,0.958,urban,56.3,normal,0.2076,low,True
2024-09-10 20:30:00,1.02,1.91,4.98,9.88,0.8757,27.43,1917.9,319.9,0.557,barren,144.7,wet,0.2669,low,True
2024-09-10 21:00:00,4.07,8.18,15.47,23.09,0.885,34.99,1517.2,336.9,0.603,barren,210.2,wet,0.3093,medium,True
2024-09-10 21:45:00,6.71,21.13,32.89,58.76,0.7585,42.46,885.7,248.7,0.13,forest,25.6,normal,0.2998,medium,True
2024-09-11 01:30:00,0.34,1.25,2.42,3.8,0.1891,25.46,544.5,310.9,0.084,barren,48.3,dry,0.1744,low,True
2024-09-11 03:00:00,0.79,2.73,4.54,6.87,0.3144,22.42,2085.6,70.2,0.006,barren,629.6,dry,0.1194,low,True
2024-09-11 04:00:00,0.16,0.32,0.79,2.25,0.7539,28.58,2525.9,28.5,1.48,barren,1251.6,wet,0.1955,low,True
2024-09-11 07:30:00,2.48,6.85,11.47,22.3,0.7075,21.35,2446.0,119.9,0.263,forest,146.0,normal,0.192,low,True
2024-09-11 11:30:00,5.35,9.99,13.19,27.1,0.5505,26.88,1780.8,117.3,0.851,urban,49.5,normal,0.2861,medium,True
2024-09-11 19:45:00,0.02,0.06,0.16,0.45,0.4676,23.65,1786.1,239.4,1.295,forest,968.8,normal,0.1061,low,True
2024-09-11 20:45:00,5.47,13.81,28.76,52.67,0.8513,17.19,1469.0,302.5,0.548,forest,870.0,normal,0.165,low,True
2024-09-11 21:30:00,0.09,0.2,0.3,0.97,0.5802,27.91,1458.6,106.9,0.331,agriculture,382.1,normal,0.1874,low,True
2024-09-11 22:15:00,3.49,5.88,10.27,18.29,0.292,18.92,1163.3,152.9,0.024,agriculture,154.7,dry,0.1314,low,True
2024-09-11 23:15:00,3.5,9.0,20.7,31.62,0.99,15.24,1092.2,37.8,0.247,forest,51.8,wet,0.256,low,True
2024-09-11 23:45:00,0.86,1.85,3.38,5.17,0.5839,54.31,476.7,148.6,0.233,barren,991.8,normal,0.1457,low,True
2024-09-12 00:45:00,0.12,0.42,1.37,3.57,0.5282,52.17,2020.0,77.2,0.501,forest,895.7,normal,0.0999,low,True
2024-09-12 03:00:00,0.16,0.37,1.2,2.05,0.5115,33.9,1930.4,137.7,0.867,forest,485.8,normal,0.074,low,True
2024-09-12 03:30:00,0.08,0.15,0.33,0.79,0.1751,25.15,1372.6,95.9,0.745,forest,960.7,dry,0.0742,low,True
2024-09-12 06:00:00,0.26,1.2,1.78,3.0,0.5339,18.61,2353.9,291.1,1.224,urban,62.7,normal,0.1506,low,True
2024-09-12 06:45:00,4.22,7.9,17.21,24.81,0.2859,31.35,2940.4,1.5,0.029,forest,50.5,dry,0.2216,low,True
2024-09-12 07:30:00,2.91,8.63,18.64,35.8,0.9702,24.17,706.7,121.9,0.557,forest,84.6,wet,0.3432,medium,True
2024-09-12 11:15:00,95.45,112.55,140.03,151.48,0.896,54.91,1940.2,348.9,0.126,agriculture,94.9,normal,0.9097,critical,True
2024-09-12 12:45:00,0.05,0.13,0.33,0.6,0.4345,30.98,1587.2,244.4,2.157,forest,624.4,normal,0.153,low,True
2024-09-12 15:15:00,10.61,17.35,25.57,39.15,0.767,27.08,2566.1,278.0,0.316,barren,901.7,normal,0.2274,low,True
2024-09-12 16:15:00,4.1,8.37,18.76,44.26,0.99,65.0,1288.1,309.6,0.587,barren,95.0,wet,0.4127,medium,True
2024-09-12 17:45:00,0.4,0.73,1.69,2.86,0.2882,30.2,2237.2,130.3,0.26,barren,227.4,dry,0.1086,low,True
2024-09-12 19:15:00,0.22,0.41,0.81,1.61,0.7499,37.27,2013.3,23.7,0.149,forest,222.1,wet,0.1429,low,True
2024-09-12 20:15:00,0.44,1.04,1.83,2.93,0.5337,33.63,2291.7,147.8,0.699,agriculture,78.5,normal,0.2694,low,True
2024-09-12 23:00:00,6.14,11.23,19.39,45.93,0.4127,27.76,1165.3,235.0,1.681,agriculture,681.9,dry,0.1761,low,True
2024-09-13 01:45:00,4.28,9.52,15.79,28.52,0.5856,42.3,1368.6,133.5,0.037,forest,268.7,normal,0.1621,low,True
2024-09-13 03:45:00,4.31,13.69,23.56,34.68,0.6224,65.0,1916.5,161.4,1.047,forest,302.3,normal,0.2255,low,True
2024-09-13 07:15:00,3.53,10.95,20.41,44.35,0.99,20.02,2278.9,297.2,0.251,agriculture,114.6,wet,0.3364,medium,True
2024-09-13 07:45:00,0.1,0.34,0.91,2.44,0.4808,25.84,1733.1,13.0,0.077,forest,296.7,normal,0.14,low,True
2024-09-13 07:45:00,5.05,8.4,16.94,28.09,0.6839,29.99,460.8,120.5,0.75,urban,560.5,normal,0.22,low,True
2024-09-13 14:30:00,9.53,17.42,38.38,54.52,0.4653,35.74,2311.7,175.8,0.052,barren,137.3,dry,0.2569,low,True
2024-09-13 17:00:00,0.49,1.21,2.02,3.61,0.2888,65.0,2377.5,107.7,0.781,forest,52.1,dry,0.1777,low,True
2024-09-13 19:30:00,0.68,2.1,5.04,11.62,0.4401,28.15,1270.5,160.5,0.343,forest,317.0,normal,0.1337,low,True
2024-09-13 21:00:00,3.04,8.97,18.76,40.39,0.6818,43.04,2110.5,144.6,0.108,urban,363.5,normal,0.2814,medium,True
2024-09-13 21:00:00,0.23,0.52,1.14,2.59,0.2534,36.96,1895.3,332.6,0.103,forest,89.0,dry,0.1942,low,True
2024-09-13 21:15:00,0.29,0.71,1.15,2.31,0.1568,21.92,1065.2,177.5,0.827,barren,109.9,dry,0.0788,low,True
2024-09-13 21:45:00,16.29,48.71,62.66,101.96,0.8366,29.93,2133.0,171.5,1.057,forest,68.1,normal,0.4385,medium,True
2024-09-13 23:15:00,3.16,9.39,12.42,19.89,0.5995,33.1,1574.2,91.6,0.694,barren,900.1,normal,0.1312,low,True
2024-09-13 23:45:00,114.96,146.83,171.54,198.69,0.99,22.89,785.1,16.7,0.766,barren,93.8,wet,0.8646,critical,True
2024-09-14 01:00:00,0.2,0.45,0.9,2.43,0.175,17.39,2139.1,107.8,1.131,forest,13.7,dry,0.2031,low,True
2024-09-14 04:00:00,0.53,0.99,2.87,5.46,0.579,26.27,2868.9,9.8,0.336,forest,651.7,normal,0.1458,low,True
2024-09-14 04:45:00,0.14,0.62,1.0,2.22,0.4539,22.48,300.0,297.6,0.11,agriculture,579.0,normal,0.1148,low,True
2024-09-14 06:00:00,8.54,17.32,22.19,40.49,0.99,19.55,1783.5,73.5,0.284,urban,223.4,wet,0.3954,medium,True
2024-09-14 06:15:00,0.59,2.02,3.17,5.76,0.4916,23.33,1759.8,328.0,2.326,forest,568.4,normal,0.1405,low,True
2024-09-14 09:00:00,4.81,8.9,11.21,17.54,0.2804,47.28,907.5,318.9,0.357,agriculture,219.0,dry,0.1534,low,True
2024-09-14 10:00:00,0.5,0.97,1.97,2.83,0.5131,19.63,2215.8,239.3,1.545,forest,99.0,normal,0.2646,low,True
2024-09-14 11:15:00,0.46,1.9,2.72,7.35,0.5842,37.21,944.9,310.5,0.728,urban,204.3,normal,0.1906,low,True
2024-09-14 12:00:00,0.54,1.22,2.9,4.85,0.6173,29.32,1650.7,316.0,0.803,barren,243.5,normal,0.2678,low,True
2024-09-14 13:00:00,0.01,0.02,0.05,0.15,0.2303,29.63,1150.9,279.5,0.127,forest,13.2,dry,0.1705,low,True
2024-09-14 15:15:00,0.27,0.83,1.54,2.32,0.5162,42.3,984.5,182.9,0.276,forest,52.1,normal,0.1752,low,True
2024-09-14 15:30:00,0.25,0.77,1.14,2.87,0.5542,35.85,1822.7,342.0,0.791,forest,737.1,normal,0.0934,low,True
2024-09-14 17:00:00,38.61,81.03,114.78,169.28,0.5375,35.08,1173.0,294.4,0.64,agriculture,184.4,dry,0.5524,high,True
2024-09-14 17:45:00,7.94,13.32,17.92,26.88,0.6618,16.84,2368.3,45.7,1.191,forest,150.9,normal,0.244,low,True
2024-09-14 21:15:00,0.59,1.79,3.26,4.85,0.6717,25.45,1613.1,151.2,0.141,forest,777.4,normal,0.1645,low,True
2024-09-14 22:45:00,0.03,0.13,0.23,0.47,0.8166,56.48,2116.1,194.3,0.828,urban,68.8,wet,0.3392,medium,True
2024-09-14 23:45:00,0.05,0.11,0.21,0.49,0.2434,21.41,2079.0,190.6,0.024,agriculture,95.6,dry,0.1293,low,True
2024-09-15 05:00:00,25.99,42.43,61.41,105.72,0.99,60.55,2313.4,136.6,0.214,barren,626.0,wet,0.6128,high,True
2024-09-15 05:15:00,0.63,1.56,3.7,5.94,0.2517,25.23,1425.6,191.4,0.597,forest,124.8,dry,0.1934,low,True
2024-09-15 06:15:00,0.09,0.38,0.58,1.15,0.1841,22.44,1526.9,33.5,2.349,forest,361.1,dry,0.0669,low,True
2024-09-15 08:45:00,8.9,16.09,39.17,59.7,0.99,15.64,1067.3,235.9,2.727,forest,480.9,wet,0.2464,low,True
2024-09-15 11:00:00,1.3,2.19,4.76,7.21,0.8158,18.97,1683.8,179.2,0.347,agriculture,98.2,wet,0.2516,low,True
2024-09-15 11:30:00,0.34,0.59,1.14,2.45,0.1995,18.26,1120.4,283.6,0.868,agriculture,112.3,dry,0.1122,low,True
2024-09-15 14:00:00,0.15,0.3,0.89,2.01,0.7638,18.81,2281.5,249.6,0.551,urban,264.2,wet,0.1647,low,True
2024-09-15 18:45:00,46.08,62.72,101.93,146.79,0.5506,41.64,1050.1,40.6,0.741,forest,559.9,dry,0.4152,medium,True
2024-09-15 19:30:00,6.13,10.73,17.48,38.0,0.6601,20.61,1338.6,126.3,0.79,forest,292.9,normal,0.1843,low,True
2024-09-15 20:15:00,3.72,11.49,17.44,40.67,0.4479,37.81,1927.0,265.0,0.476,urban,34.4,dry,0.3016,medium,True
2024-09-15 20:15:00,15.72,31.49,64.85,127.61,0.7743,31.52,1902.8,121.3,1.009,forest,161.2,normal,0.3982,medium,True
2024-09-15 20:15:00,1.33,2.33,6.34,9.62,0.6039,35.24,913.0,204.1,0.527,forest,150.5,normal,0.1537,low,True
2024-09-15 20:30:00,4.99,9.87,18.77,33.48,0.6178,47.33,1239.7,346.1,0.064,forest,586.9,normal,0.1353,low,True
2024-09-15 21:00:00,3.15,5.51,12.42,21.81,0.6767,19.85,1415.2,28.8,2.717,barren,129.7,normal,0.2588,low,True
2024-09-15 22:00:00,8.28,13.64,20.47,49.22,0.7268,18.85,1499.1,68.5,0.217,barren,820.2,normal,0.3239,medium,True
2024-09-15 23:45:00,0.32,1.08,1.9,6.29,0.7144,38.38,1718.2,173.0,1.998,forest,152.8,wet,0.2569,low,True
2024-09-15 23:45:00,0.36,0.67,1.24,2.77,0.1663,46.38,2052.9,265.8,0.208,forest,85.5,dry,0.1684,low,True
2024-09-15 23:45:00,66.36,113.8,131.85,180.75,0.5245,24.07,1515.6,118.8,1.151,barren,281.7,dry,0.8329,critical,True
2024-09-16 03:30:00,8.0,15.19,19.84,35.61,0.7736,25.29,1656.1,42.3,0.702,urban,180.9,normal,0.3068,medium,True
2024-09-16 06:30:00,0.24,1.09,1.67,3.21,0.1792,25.82,1128.9,113.7,0.265,forest,375.0,dry,0.081,low,True
2024-09-16 08:15:00,0.06,0.31,1.03,2.85,0.5653,20.13,2500.8,232.0,1.668,barren,875.7,normal,0.11,low,True
2024-09-16 09:00:00,9.49,14.69,32.67,61.45,0.7786,42.2,1847.1,285.3,0.525,forest,999.2,normal,0.2199,low,True
2024-09-16 09:30:00,8.5,14.59,23.37,31.35,0.6313,37.09,1429.0,351.7,1.062,forest,100.3,normal,0.2836,medium,True
2024-09-16 10:45:00,1.3,4.93,7.63,11.21,0.8841,12.04,2337.5,274.1,0.957,forest,72.0,wet,0.3428,medium,True
2024-09-16 11:15:00,0.67,1.72,3.87,9.15,0.2799,55.87,1822.3,177.2,0.028,forest,994.4,dry,0.0662,low,True
2024-09-16 12:15:00,0.21,0.99,1.67,3.61,0.2059,23.53,1732.0,105.3,0.188,forest,595.8,dry,0.0204,low,True
2024-09-16 14:30:00,0.42,1.54,3.13,9.85,0.2671,31.84,1602.9,333.9,0.383,urban,116.2,dry,0.1615,low,True
2024-09-16 16:00:00,9.6,17.06,23.32,35.79,0.3085,29.22,2209.6,192.3,1.622,forest,582.1,dry,0.194,low,True
2024-09-16 16:30:00,0.29,0.82,1.36,2.43,0.5782,24.87,2567.9,248.0,0.039,forest,482.9,normal,0.0882,low,True
2024-09-16 18:30:00,3.47,6.98,10.93,15.2,0.4988,37.08,2199.5,170.1,0.123,forest,112.4,normal,0.1958,low,True
2024-09-16 20:30:00,0.03,0.07,0.11,0.16,0.4806,31.51,1619.5,87.2,0.588,barren,836.8,normal,0.1413,low,True
2024-09-17 02:00:00,91.09,125.12,153.8,210.02,0.99,62.99,2403.7,196.9,0.635,urban,145.9,wet,0.8907,critical,True
2024-09-17 06:30:00,0.15,0.58,1.66,3.64,0.2665,25.64,1443.6,302.4,0.107,forest,239.0,dry,0.1609,low,True
2024-09-17 07:00:00,40.17,68.82,89.3,105.48,0.5068,39.62,1070.8,138.0,1.777,forest,338.9,dry,0.3331,medium,True
2024-09-17 08:15:00,0.07,0.14,0.33,0.96,0.735,36.84,2085.9,240.7,0.117,forest,84.3,wet,0.2576,low,True
2024-09-17 12:15:00,0.26,1.1,1.66,4.63,0.2716,47.38,2464.3,15.2,0.121,agriculture,340.7,dry,0.1123,low,True
2024-09-17 12:15:00,0.15,0.36,0.58,1.03,0.8272,49.82,1599.8,337.2,0.606,forest,438.8,wet,0.2144,low,True
2024-09-17 16:00:00,5.74,16.25,30.99,50.5,0.99,31.04,2589.0,349.2,0.328,agriculture,47.5,wet,0.3941,medium,True
2024-09-17 16:00:00,0.48,1.91,2.72,7.24,0.8777,19.72,729.7,139.1,0.016,barren,176.9,wet,0.2761,low,True
2024-09-17 18:15:00,38.13,77.14,98.09,141.61,0.8779,27.81,1544.6,179.4,1.519,agriculture,341.4,normal,0.6687,high,True
2024-09-17 21:45:00,0.1,0.28,0.41,0.83,0.1948,28.92,1088.1,57.8,0.047,forest,922.3,dry,0.0802,low,True
2024-09-18 01:45:00,0.61,1.59,3.58,5.35,0.5446,38.31,1076.4,70.6,0.102,forest,785.7,normal,0.0795,low,True
2024-09-18 04:45:00,19.79,39.3,87.06,118.58,0.7965,21.84,1581.0,216.7,1.364,agriculture,75.1,normal,0.5663,high,True
2024-09-18 04:45:00,7.55,12.98,19.42,44.06,0.5093,39.11,2633.7,225.7,0.193,agriculture,340.0,dry,0.2055,low,True
2024-09-18 06:30:00,0.71,1.42,3.28,5.61,0.7946,53.03,2390.5,123.0,1.021,forest,46.1,wet,0.2628,low,True
2024-09-18 07:00:00,2.99,9.41,16.15,27.48,0.308,58.12,2437.2,134.7,0.112,barren,131.8,dry,0.1788,low,True
2024-09-18 09:00:00,2.96,7.77,9.92,20.45,0.604,28.46,1866.8,182.2,0.03,agriculture,328.3,normal,0.0945,low,True
2024-09-18 12:15:00,2.33,4.42,7.72,12.87,0.8909,23.91,1427.6,338.3,0.161,forest,39.7,wet,0.3092,medium,True
2024-09-18 14:15:00,0.67,1.26,3.5,8.73,0.2294,19.55,1801.1,53.9,0.813,forest,778.9,dry,0.058,low,True
2024-09-18 19:45:00,0.05,0.22,0.67,1.09,0.2884,48.5,750.4,198.6,0.652,urban,628.1,dry,0.1521,low,True
2024-09-19 01:00:00,7.84,15.82,22.11,31.75,0.3946,34.29,2527.0,20.9,0.223,forest,234.5,dry,0.2026,low,True
2024-09-19 01:45:00,2.99,7.13,9.67,20.73,0.2616,31.29,529.7,165.0,0.602,urban,246.9,dry,0.148,low,True
2024-09-19 05:45:00,2.59,4.57,7.17,12.26,0.3157,51.85,1523.2,143.0,0.656,forest,756.1,dry,0.1745,low,True
2024-09-19 06:45:00,3.46,7.56,15.9,35.12,0.3679,55.5,1599.7,59.1,0.499,forest,28.1,dry,0.2422,low,True
2024-09-19 09:30:00,0.98,2.17,3.23,6.18,0.2272,43.94,2108.2,59.0,1.645,barren,64.4,dry,0.1745,low,True
2024-09-19 09:45:00,11.25,27.89,48.98,78.69,0.99,17.32,1863.6,162.0,0.947,forest,138.9,wet,0.4395,medium,True
2024-09-19 10:15:00,6.93,11.84,20.33,36.34,0.882,43.25,1903.3,45.6,1.016,forest,168.6,wet,0.2722,low,True
2024-09-19 11:15:00,0.29,0.48,1.04,1.55,0.5508,21.26,300.0,106.1,0.333,forest,1542.2,normal,0.1061,low,True
2024-09-19 15:45:00,0.37,0.75,1.18,2.2,0.1771,20.24,1499.5,25.6,0.691,barren,65.8,dry,0.1752,low,True
2024-09-19 18:30:00,11.41,21.54,36.7,54.08,0.4837,49.76,1219.8,107.0,0.122,agriculture,136.4,dry,0.2664,low,True
2024-09-19 20:45:00,3.16,7.29,11.36,21.78,0.5305,36.09,1689.5,192.1,0.211,forest,626.0,normal,0.1228,low,True
2024-09-19 22:30:00,1.57,3.22,5.82,11.27,0.5948,30.47,1520.8,267.8,0.419,forest,546.9,normal,0.0995,low,True
2024-09-19 23:00:00,0.07,0.33,0.53,0.8,0.8266,52.7,1732.8,298.9,1.017,agriculture,382.3,wet,0.2424,low,True
2024-09-20 05:30:00,5.98,9.94,23.38,50.99,0.5109,34.97,884.4,121.6,0.247,forest,149.4,dry,0.2272,low,True
2024-09-20 06:15:00,8.24,21.35,35.32,54.6,0.99,65.0,1661.0,338.0,0.348,forest,53.9,wet,0.3758,medium,True
2024-09-20 08:45:00,2.71,5.31,9.86,18.08,0.6215,45.48,2649.8,86.6,1.893,forest,1447.5,normal,0.2167,low,True
2024-09-20 09:30:00,52.76,73.46,87.95,113.47,0.99,33.53,2877.4,29.0,0.201,agriculture,111.4,wet,0.7056,high,True
2024-09-20 09:30:00,8.46,15.37,21.99,30.89,0.6185,41.94,2410.2,333.0,0.578,forest,661.7,normal,0.1165,low,True
2024-09-20 12:15:00,3.88,8.19,17.37,35.15,0.5748,21.81,502.2,194.3,0.064,agriculture,798.9,normal,0.1428,low,True
2024-09-20 15:45:00,0.21,0.61,1.89,4.29,0.5248,29.97,1426.2,126.5,0.318,agriculture,213.5,normal,0.1798,low,True
2024-09-20 16:00:00,5.58,11.21,23.14,43.25,0.99,21.3,1300.4,323.3,0.24,urban,675.9,wet,0.3332,medium,True
2024-09-20 23:00:00,19.75,57.74,84.63,104.31,0.5162,28.01,1691.9,279.3,0.008,barren,124.5,dry,0.3228,medium,True
2024-09-21 00:30:00,91.23,127.45,148.26,205.94,0.4918,44.48,2395.9,299.7,0.528,forest,782.3,dry,0.5595,high,True
2024-09-21 00:45:00,61.38,79.33,96.76,128.57,0.8431,25.13,1572.3,105.2,0.242,barren,363.7,normal,0.79,critical,True
2024-09-21 03:00:00,2.86,5.6,10.97,16.15,0.2527,29.24,1048.5,314.5,0.174,urban,85.6,dry,0.1991,low,True
2024-09-21 06:30:00,0.1,0.28,0.62,1.23,0.5168,30.46,2296.9,233.9,1.339,agriculture,550.5,normal,0.2188,low,True
2024-09-21 07:45:00,0.04,0.13,0.25,0.61,0.7888,15.72,1823.0,265.7,0.157,forest,867.4,wet,0.0312,low,True
2024-09-21 09:30:00,6.75,17.17,21.72,47.58,0.7787,50.29,2063.1,112.5,0.312,forest,305.7,normal,0.265,low,True
2024-09-21 11:15:00,0.13,0.53,0.86,2.31,0.452,51.15,2206.3,88.2,1.791,urban,510.0,normal,0.1996,low,True
2024-09-21 13:15:00,0.04,0.1,0.23,0.35,0.4728,21.51,1396.6,146.9,0.05,forest,564.3,normal,0.0632,low,True
2024-09-21 14:30:00,2.19,4.46,8.69,16.28,0.9451,46.01,891.3,207.1,1.673,forest,551.9,wet,0.2469,low,True
2024-09-21 16:45:00,2.99,5.18,11.45,20.22,0.8976,36.94,1730.3,239.8,0.297,agriculture,222.1,wet,0.28,low,True
2024-09-21 17:15:00,6.03,9.3,14.53,28.23,0.705,38.43,1393.8,179.3,0.939,barren,481.4,normal,0.2335,low,True
2024-09-21 18:45:00,16.3,34.03,64.68,81.83,0.8679,25.07,1644.0,251.6,0.264,forest,288.3,normal,0.3539,medium,True
2024-09-21 19:30:00,1.83,4.33,6.7,11.28,0.5609,43.64,2450.2,255.0,0.322,barren,197.4,normal,0.2229,low,True
2024-09-21 22:15:00,40.24,70.61,91.63,127.39,0.8667,51.59,1719.7,239.8,0.346,barren,73.5,normal,0.7483,critical,True
2024-09-22 05:00:00,0.15,0.27,0.75,2.4,0.4859,27.83,2704.0,90.4,1.76,agriculture,849.1,normal,0.1758,low,True
2024-09-22 08:45:00,0.11,0.54,0.99,2.24,0.4674,31.14,1776.8,160.7,0.479,agriculture,197.6,normal,0.1801,low,True
2024-09-22 09:15:00,22.84,48.2,64.67,102.11,0.907,20.12,1428.4,275.7,0.147,agriculture,105.9,normal,0.4728,medium,True
2024-09-22 10:45:00,1.36,2.35,4.44,9.76,0.5814,38.01,843.7,319.3,0.567,urban,107.1,normal,0.1711,low,True
2024-09-22 12:45:00,0.12,0.26,0.51,0.78,0.2507,33.43,1734.4,180.4,1.321,barren,107.0,dry,0.1284,low,True
2024-09-22 13:00:00,0.59,1.09,2.52,4.77,0.9155,47.68,1050.3,355.2,0.145,urban,10.9,wet,0.3376,medium,True
2024-09-22 16:00:00,0.1,0.32,0.78,2.1,0.5102,28.86,1920.2,62.9,0.247,forest,211.8,normal,0.0981,low,True
2024-09-22 16:15:00,67.46,99.99,139.7,176.95,0.8897,24.28,1532.0,80.8,0.508,forest,784.7,normal,0.6422,high,True
2024-09-22 16:30:00,1.02,1.7,2.46,4.08,0.4583,20.17,1512.4,165.9,2.618,forest,18.9,normal,0.2518,low,True
2024-09-22 17:00:00,2.21,3.67,6.93,16.7,0.6386,44.41,1651.1,183.1,0.376,agriculture,1108.0,normal,0.2079,low,True
2024-09-22 17:00:00,9.1,14.81,18.78,40.17,0.6323,18.38,1739.9,152.8,0.527,barren,79.1,normal,0.2646,low,True
2024-09-22 19:30:00,21.41,40.42,61.72,98.16,0.99,24.97,1579.5,154.9,0.087,forest,454.1,wet,0.4645,medium,True
2024-09-22 19:45:00,13.86,44.01,83.65,103.58,0.5215,36.83,2882.0,175.4,0.852,forest,548.5,dry,0.2684,low,True
2024-09-22 20:30:00,69.91,91.9,125.25,175.49,0.8785,32.96,1136.8,115.3,0.149,forest,475.0,normal,0.764,critical,True
2024-09-22 23:15:00,7.04,13.81,23.88,33.51,0.349,25.08,2214.5,47.1,0.238,forest,155.0,dry,0.143,low,True
2024-09-23 01:30:00,0.02,0.03,0.05,0.1,0.4878,28.1,2353.4,344.2,0.742,forest,435.9,normal,0.1331,low,True
2024-09-23 01:45:00,8.01,17.01,29.7,46.04,0.4147,35.73,935.5,286.2,0.748,forest,234.2,dry,0.2031,low,True
2024-09-23 01:45:00,3.42,9.04,13.9,21.35,0.9153,33.17,1633.9,293.4,0.23,barren,67.8,wet,0.3724,medium,True
2024-09-23 05:00:00,0.43,1.16,2.11,6.1,0.2386,27.85,1813.7,131.4,1.14,forest,88.5,dry,0.2073,low,True
2024-09-23 06:15:00,1.38,3.03,4.36,8.88,0.8159,47.34,1702.8,145.4,0.95,agriculture,19.2,wet,0.3116,medium,True
2024-09-23 07:30:00,61.45,86.93,117.74,145.16,0.99,51.94,1679.3,336.9,0.574,agriculture,151.2,wet,0.8744,critical,True
2024-09-23 07:45:00,0.25,0.59,1.02,3.34,0.5071,35.51,1975.2,350.2,0.118,barren,465.7,normal,0.0733,low,True
2024-09-23 13:00:00,9.89,21.32,30.01,52.56,0.7623,23.47,342.1,339.3,1.412,forest,1226.4,normal,0.2272,low,True
2024-09-23 19:00:00,0.94,1.64,5.05,9.25,0.5993,43.76,1540.9,231.3,0.45,urban,60.2,normal,0.249,low,True
2024-09-23 19:30:00,0.68,1.55,3.02,4.42,0.2271,15.3,1347.8,87.4,0.283,agriculture,162.5,dry,0.13,low,True
2024-09-23 19:45:00,0.41,1.51,3.06,6.02,0.1889,34.47,1168.4,217.8,1.573,forest,80.1,dry,0.1972,low,True
2024-09-23 22:00:00,0.92,2.1,5.41,11.89,0.2379,36.05,2127.5,212.1,2.138,forest,510.8,dry,0.1135,low,True
2024-09-23 23:00:00,0.28,0.63,0.95,2.61,0.5788,20.55,2219.3,327.0,0.758,forest,892.2,normal,0.1381,low,True
2024-09-23 23:00:00,4.36,7.0,11.05,19.75,0.2535,39.7,2282.1,112.2,0.94,barren,52.4,dry,0.2227,low,True
2024-09-24 00:15:00,0.6,2.66,7.34,12.73,0.2416,43.37,2110.8,72.2,0.17,agriculture,828.7,dry,0.086,low,True
2024-09-24 02:00:00,0.83,3.23,4.94,11.55,0.6124,26.83,881.7,95.7,0.18,forest,120.9,normal,0.1348,low,True
2024-09-24 05:15:00,2.91,6.6,12.8,31.65,0.3476,37.02,1687.4,87.5,0.505,forest,98.3,dry,0.2084,low,True
2024-09-24 08:00:00,0.12,0.26,0.41,0.75,0.2255,41.93,2265.7,233.4,2.452,barren,30.4,dry,0.2256,low,True
2024-09-24 09:30:00,4.77,8.09,20.12,28.93,0.9145,23.9,300.0,292.5,0.816,barren,39.4,wet,0.3719,medium,True
2024-09-24 11:00:00,0.29,0.79,1.59,4.15,0.5229,31.37,2575.4,132.5,0.822,agriculture,35.1,normal,0.2139,low,True
2024-09-24 11:30:00,15.86,36.66,60.41,82.47,0.7987,25.23,847.5,63.5,0.179,agriculture,217.0,normal,0.4042,medium,True
2024-09-24 21:00:00,4.89,8.58,13.52,20.59,0.3203,25.56,1066.2,123.5,0.327,barren,386.2,dry,0.0802,low,True
2024-09-24 21:15:00,8.55,13.81,18.6,34.05,0.6972,27.66,2059.7,196.8,0.252,barren,81.3,normal,0.3412,medium,True
2024-09-24 23:15:00,0.96,2.49,7.09,10.6,0.2596,46.37,2769.5,239.2,0.216,forest,95.9,dry,0.1749,low,True
2024-09-25 00:00:00,2.16,6.31,10.16,20.99,0.8553,19.39,1039.6,197.9,0.788,forest,76.4,wet,0.2712,low,True
2024-09-25 00:45:00,0.32,0.65,1.78,2.89,0.5561,21.98,1128.7,92.4,0.063,barren,585.0,normal,0.0771,low,True
2024-09-25 01:00:00,10.42,30.03,42.07,72.6,0.99,16.48,2353.1,330.5,0.109,forest,61.6,wet,0.4392,medium,True
2024-09-25 02:45:00,72.62,102.09,127.43,163.38,0.99,22.91,1698.7,157.6,0.319,forest,36.7,wet,0.8765,critical,True
2024-09-25 05:30:00,0.64,1.24,3.21,6.82,0.4891,32.76,1451.1,165.2,0.216,barren,23.1,normal,0.2676,low,True
2024-09-25 08:00:00,11.6,30.72,38.84,65.7,0.7695,27.76,1725.9,348.3,1.402,agriculture,24.3,normal,0.3945,medium,True
2024-09-25 08:00:00,0.03,0.06,0.15,0.35,0.7767,45.37,2910.7,312.6,0.134,urban,286.9,wet,0.2397,low,True
2024-09-25 09:00:00,0.17,0.28,0.49,1.48,0.5729,41.78,2061.9,290.3,0.172,agriculture,44.5,normal,0.2682,low,True
2024-09-25 10:00:00,0.23,0.56,1.43,3.95,0.4029,21.61,1813.2,65.8,0.118,urban,98.1,dry,0.1446,low,True
2024-09-25 10:15:00,14.19,28.53,62.73,95.39,0.8274,23.15,1947.9,301.7,1.173,forest,635.7,normal,0.3459,medium,True
2024-09-25 14:00:00,0.23,0.4,0.97,1.63,0.2945,18.25,1849.4,163.9,0.135,barren,1215.9,dry,0.0739,low,True
2024-09-25 14:00:00,6.07,19.41,24.74,34.46,0.6478,24.84,2148.0,75.4,0.26,forest,700.3,normal,0.1508,low,True
2024-09-25 14:15:00,7.4,12.5,23.27,31.1,0.6289,43.49,1217.1,356.7,0.664,forest,1133.1,normal,0.2489,low,True
2024-09-25 14:45:00,1.25,2.63,6.36,10.65,0.8869,27.4,1559.2,61.9,0.048,forest,398.5,wet,0.2419,low,True
2024-09-25 17:15:00,0.57,1.21,2.37,7.85,0.5102,22.92,1588.1,331.9,1.018,barren,1535.9,normal,0.1357,low,True
2024-09-25 19:00:00,0.27,0.47,1.02,2.56,0.7788,36.06,1044.1,0.2,0.735,forest,250.1,wet,0.1783,low,True
2024-09-25 20:45:00,0.96,4.75,8.67,17.84,0.2981,18.56,941.0,157.7,0.182,agriculture,564.1,dry,0.1181,low,True
2024-09-25 21:00:00,0.19,0.45,0.76,1.76,0.5189,22.73,2437.9,10.8,0.298,forest,1257.3,normal,0.1168,low,True
2024-09-25 21:30:00,0.42,0.85,1.31,3.72,0.916,26.89,2025.3,328.5,0.581,forest,442.4,wet,0.2009,low,True
2024-09-26 00:45:00,0.01,0.05,0.12,0.2,0.7154,17.21,2661.2,45.3,1.756,agriculture,1109.0,wet,0.1826,low,True
2024-09-26 05:45:00,0.16,0.74,1.18,3.75,0.5533,45.48,1902.8,242.3,0.595,urban,112.4,normal,0.1932,low,True
2024-09-26 06:15:00,0.17,0.39,0.66,1.03,0.2055,31.85,1791.8,227.2,0.175,forest,135.0,dry,0.1219,low,True
2024-09-26 06:45:00,0.32,0.67,1.03,3.22,0.4971,30.57,1477.8,280.5,0.395,agriculture,187.2,normal,0.1244,low,True
2024-09-26 06:45:00,5.2,13.69,31.9,54.37,0.99,33.04,2205.0,268.9,0.358,urban,228.7,wet,0.4573,medium,True
2024-09-26 12:15:00,0.39,1.23,3.98,11.34,0.313,31.49,836.3,11.7,0.456,agriculture,806.9,dry,0.0329,low,True
2024-09-26 12:45:00,0.25,0.96,1.51,3.87,0.6161,45.06,1782.8,139.8,0.439,agriculture,775.8,normal,0.1549,low,True
2024-09-26 13:45:00,0.11,0.4,1.25,3.74,0.4265,34.62,2154.8,116.1,0.272,forest,385.5,normal,0.1379,low,True
2024-09-26 14:00:00,0.27,0.7,1.44,3.17,0.1082,39.49,1549.3,350.2,1.233,agriculture,102.5,dry,0.1788,low,True
2024-09-26 16:00:00,0.08,0.21,0.46,1.24,0.8425,38.55,1864.7,279.0,0.24,forest,106.2,wet,0.2289,low,True
2024-09-26 18:30:00,26.38,52.72,95.07,118.62,0.5356,33.34,2550.7,254.9,0.453,agriculture,359.6,dry,0.3452,medium,True
2024-09-26 18:45:00,3.32,6.76,12.53,22.34,0.3781,20.9,1462.1,159.2,0.181,barren,255.0,dry,0.1658,low,True
2024-09-26 20:00:00,0.25,0.68,1.11,1.75,0.7802,34.58,1851.9,320.7,0.342,agriculture,114.7,wet,0.2678,low,True
2024-09-26 22:30:00,0.16,0.48,0.8,1.35,0.4914,43.2,2214.0,6.1,0.686,forest,74.5,normal,0.2636,low,True
2024-09-26 23:15:00,14.68,48.25,78.84,97.65,0.43,35.92,1408.9,82.2,0.851,urban,458.8,dry,0.3787,medium,True
2024-09-27 03:00:00,0.07,0.17,0.26,0.44,0.8034,27.62,952.6,250.2,0.985,agriculture,597.3,wet,0.1578,low,True
2024-09-27 03:00:00,2.24,6.55,13.01,29.87,0.3214,39.52,2037.8,183.0,0.801,urban,116.0,dry,0.2743,low,True
2024-09-27 06:15:00,3.99,6.98,16.28,24.57,0.9041,31.0,1669.4,192.2,0.377,agriculture,203.6,wet,0.3469,medium,True
2024-09-27 09:00:00,1.77,3.75,6.56,11.8,0.5766,37.76,1584.1,149.9,0.023,forest,447.5,normal,0.1756,low,True
2024-09-27 09:15:00,0.24,0.59,1.55,2.34,0.5339,38.49,1701.9,59.9,0.446,agriculture,231.7,normal,0.1118,low,True
2024-09-27 11:45:00,0.53,1.22,2.78,5.77,0.2914,35.0,890.9,59.8,0.034,agriculture,1147.8,dry,0.0882,low,True
2024-09-27 15:00:00,0.74,1.38,2.01,3.28,0.5222,21.07,1450.1,106.0,2.037,forest,58.6,normal,0.1929,low,True
2024-09-27 18:15:00,5.76,11.15,18.86,36.63,0.2842,47.08,2028.7,168.6,0.285,agriculture,684.3,dry,0.131,low,True
2024-09-27 19:30:00,0.17,0.71,2.05,5.14,0.5447,33.73,1598.4,296.7,0.42,agriculture,137.9,normal,0.1955,low,True
2024-09-27 21:45:00,0.2,0.39,0.82,1.54,0.4727,48.74,1290.4,160.9,0.083,agriculture,416.6,normal,0.1845,low,True
2024-09-27 23:00:00,0.01,0.05,0.15,0.38,0.1681,38.62,1156.4,323.2,3.273,forest,112.4,dry,0.1602,low,True
2024-09-28 00:00:00,9.3,17.91,28.51,46.93,0.99,29.14,1763.1,43.4,0.407,agriculture,1198.4,wet,0.3763,medium,True
2024-09-28 02:30:00,8.35,14.31,25.27,48.71,0.4099,25.07,2104.8,97.8,0.213,forest,28.0,dry,0.2133,low,True
2024-09-28 04:15:00,1.4,3.46,7.27,11.44,0.464,25.67,2215.6,25.4,0.129,forest,262.2,normal,0.0885,low,True
2024-09-28 09:00:00,0.06,0.17,0.41,1.04,0.1902,15.68,1266.4,183.6,0.63,forest,854.8,dry,0.0,low,True
2024-09-28 11:30:00,3.31,7.63,17.51,29.34,0.662,15.44,2575.0,32.4,0.344,forest,232.1,normal,0.1904,low,True
2024-09-28 12:45:00,0.41,0.76,1.35,2.8,0.5108,33.71,1668.3,286.4,0.229,forest,652.2,normal,0.1116,low,True
2024-09-28 14:30:00,7.46,13.78,20.45,30.49,0.9559,26.93,616.1,14.3,0.006,forest,1057.3,wet,0.219,low,True
2024-09-28 15:00:00,2.73,4.78,10.23,19.44,0.3185,22.53,1671.3,171.1,0.022,forest,34.6,dry,0.2081,low,True
2024-09-28 18:45:00,1.09,3.44,10.42,18.23,0.2486,38.92,998.1,151.4,0.71,urban,244.9,dry,0.1061,low,True
2024-09-28 20:00:00,20.54,47.83,80.03,138.42,0.5376,46.41,1845.6,72.8,0.393,agriculture,415.9,dry,0.3564,medium,True
2024-09-28 20:30:00,0.2,0.49,0.87,1.84,0.2707,28.01,1766.9,211.3,1.134,agriculture,634.7,dry,0.1302,low,True
2024-09-28 20:45:00,9.37,16.89,28.13,52.69,0.4733,27.23,686.1,139.0,0.84,urban,72.3,dry,0.2897,medium,True
2024-09-28 21:00:00,6.11,10.93,15.01,23.82,0.6255,22.72,2462.7,71.3,0.511,urban,302.8,normal,0.2681,low,True
2024-09-28 21:00:00,12.55,20.78,34.88,52.77,0.6388,46.76,1212.9,297.6,0.494,urban,72.2,normal,0.3965,medium,True
2024-09-29 00:45:00,0.94,1.9,3.51,6.38,0.9113,54.37,508.9,237.9,0.821,forest,502.8,wet,0.2206,low,True
2024-09-29 01:00:00,8.94,17.77,25.81,36.35,0.6421,32.45,2368.5,4.4,0.811,agriculture,127.2,normal,0.3024,medium,True
2024-09-29 03:45:00,5.91,12.67,21.56,28.75,0.6835,35.63,1966.4,180.7,0.244,barren,119.6,normal,0.2682,low,True
2024-09-29 06:15:00,0.42,0.73,1.06,1.55,0.9524,39.11,1446.4,97.7,0.067,barren,524.1,wet,0.217,low,True
2024-09-29 07:00:00,60.82,97.49,113.03,159.11,0.8726,32.94,1629.0,329.4,0.887,agriculture,655.8,normal,0.746,critical,True
2024-09-29 07:15:00,0.98,1.9,2.72,4.64,0.4547,26.65,1530.1,261.2,0.151,forest,157.2,normal,0.1498,low,True
2024-09-29 10:30:00,0.16,0.59,0.87,2.7,0.9086,30.7,648.2,220.2,0.94,urban,253.4,wet,0.2072,low,True
2024-09-29 11:15:00,0.19,0.33,0.67,1.72,0.8061,34.6,761.0,32.1,0.578,agriculture,423.8,wet,0.1778,low,True
2024-09-29 12:45:00,22.38,49.35,64.9,79.31,0.7789,31.99,2171.4,335.0,0.266,forest,488.5,normal,0.2866,medium,True
2024-09-29 18:30:00,0.01,0.02,0.06,0.2,0.5466,20.91,1847.6,51.9,1.147,forest,524.6,normal,0.1608,low,True
2024-09-29 19:15:00,0.0,0.01,0.02,0.05,0.5656,27.48,2149.3,162.3,0.705,forest,183.2,normal,0.1328,low,True
2024-09-29 20:45:00,0.57,1.01,2.24,4.66,0.5554,40.65,2324.6,245.2,0.473,forest,279.0,normal,0.1338,low,True
2024-09-29 21:00:00,2.47,7.88,15.74,22.97,0.9146,24.33,300.0,178.1,0.215,forest,50.6,wet,0.2259,low,True
2024-09-29 23:15:00,97.99,118.36,136.84,185.18,0.9594,18.35,1355.4,317.7,2.573,urban,1048.5,normal,0.8533,critical,True
